{"data_avatar_length" : 7,
"data_avatar" : {
	"1000":{"base_id":1000,"name":"冒险徽章","group":100,"loss":[],"desc":"冒险者的象征","expire_time":0,"is_panel":0,"is_show":1,"res_id":0,"offy":0,"lev_res_id":0,"attr":[]},
	"2000":{"base_id":2000,"name":"王者之姿","group":200,"loss":[[50001,1]],"desc":"竞技场周结算排名第一获得","expire_time":10080,"is_panel":1,"is_show":1,"res_id":20,"offy":0,"lev_res_id":2,"attr":[]},
	"2100":{"base_id":2100,"name":"竞技达人","group":210,"loss":[[50002,1]],"desc":"竞技场周结算排名第二获得","expire_time":10080,"is_panel":1,"is_show":1,"res_id":21,"offy":0,"lev_res_id":2,"attr":[]},
	"2200":{"base_id":2200,"name":"无畏斗士","group":220,"loss":[[50003,1]],"desc":"竞技场周结算排名第三获得","expire_time":10080,"is_panel":1,"is_show":1,"res_id":22,"offy":0,"lev_res_id":2,"attr":[]},
	"2300":{"base_id":2300,"name":"贵族气质","group":230,"loss":[[60101,1]],"desc":"达到Vip5获得该头像框","expire_time":0,"is_panel":1,"is_show":1,"res_id":23,"offy":0,"lev_res_id":2,"attr":[]},
	"2400":{"base_id":2400,"name":"冒险领主","group":240,"loss":[[60102,1]],"desc":"达到Vip10获得该头像框","expire_time":0,"is_panel":1,"is_show":1,"res_id":24,"offy":0,"lev_res_id":2,"attr":[]},
	"2900":{"base_id":2900,"name":"缤纷盛夏","group":290,"loss":[[50007,1]],"desc":"缤纷盛夏活动付费奖励所得","expire_time":0,"is_panel":1,"is_show":1,"res_id":29,"offy":0,"lev_res_id":2,"attr":[]}
}
}