{"data_boss_const_length" : 7,
"data_boss_const" : {
	"open_lev":{"key":"open_lev","val":20,"desc":"开放等级"},
	"limit_time":{"key":"limit_time","val":10,"desc":"世界BOSS挑战次数上限"},
	"renew_time":{"key":"renew_time","val":7200,"desc":"世界BOSS挑战次数恢复时间(s)"},
	"boss_item":{"key":"boss_item","val":10002,"desc":"世界BOSS刷新道具"},
	"vip_lev":{"key":"vip_lev","val":5,"desc":"开放跳过战斗VIP等级"},
	"skip_vip_lev":{"key":"skip_vip_lev","val":3,"desc":"个人BOSS开放扫荡VIP等级"},
	"skip_lev":{"key":"skip_lev","val":30,"desc":"开放跳过战斗等级"}
},
"data_single_boss_length" : 171,
"data_single_boss" : {
	"71001":{"id":71001,"name":"阴影法师","lev":20,"base_items":[[13,2]],"show_items":[[13,1],[44103,0],[44203,0],[44303,0],[44403,0],[44102,0],[44202,0],[44302,0],[44402,0],[43103,0],[43203,0],[43303,0],[43403,0],[43102,0],[43202,0],[43302,0],[43402,0]],"show_id":21009,"month_boss_tag":0,"show_lev":10,"first_items":[[13,10]],"hook_lose":[[15,20]]},
	"71002":{"id":71002,"name":"黑暗渊冰","lev":30,"base_items":[[13,2]],"show_items":[[13,1],[44104,0],[44204,0],[44304,0],[44404,0],[44103,0],[44203,0],[44303,0],[44403,0],[43104,0],[43204,0],[43304,0],[43404,0],[43103,0],[43203,0],[43303,0],[43403,0]],"show_id":20009,"month_boss_tag":0,"show_lev":20,"first_items":[[13,20]],"hook_lose":[[15,20]]},
	"71003":{"id":71003,"name":"丛林迷影","lev":40,"base_items":[[13,2]],"show_items":[[13,1],[44105,0],[44205,0],[44305,0],[44405,0],[44104,0],[44204,0],[44304,0],[44404,0],[43105,0],[43205,0],[43305,0],[43405,0],[43104,0],[43204,0],[43304,0],[43404,0]],"show_id":10004,"month_boss_tag":0,"show_lev":30,"first_items":[[13,30]],"hook_lose":[[15,20]]},
	"71004":{"id":71004,"name":"浴火凤凰","lev":50,"base_items":[[13,2]],"show_items":[[13,1],[44106,0],[44206,0],[44306,0],[44406,0],[44105,0],[44205,0],[44305,0],[44405,0],[43106,0],[43206,0],[43306,0],[43406,0],[43105,0],[43205,0],[43305,0],[43405,0]],"show_id":10010,"month_boss_tag":0,"show_lev":40,"first_items":[[13,40]],"hook_lose":[[15,20]]},
	"71005":{"id":71005,"name":"静默刺客","lev":60,"base_items":[[13,2]],"show_items":[[13,1],[44107,0],[44207,0],[44307,0],[44407,0],[44106,0],[44206,0],[44306,0],[44406,0],[43107,0],[43207,0],[43307,0],[43407,0],[43106,0],[43206,0],[43306,0],[43406,0]],"show_id":20004,"month_boss_tag":0,"show_lev":50,"first_items":[[13,50]],"hook_lose":[[15,20]]},
	"71006":{"id":71006,"name":"妖艳黑爪","lev":70,"base_items":[[13,2]],"show_items":[[13,1],[44108,0],[44208,0],[44308,0],[44408,0],[44107,0],[44207,0],[44307,0],[44407,0],[43108,0],[43208,0],[43308,0],[43408,0],[43107,0],[43207,0],[43307,0],[43407,0]],"show_id":21006,"month_boss_tag":0,"show_lev":60,"first_items":[[13,60]],"hook_lose":[[15,20]]},
	"71007":{"id":71007,"name":"传说的三人","lev":80,"base_items":[[13,2]],"show_items":[[13,1],[44109,0],[44209,0],[44309,0],[44409,0],[44108,0],[44208,0],[44308,0],[44408,0],[43109,0],[43209,0],[43309,0],[43409,0],[43108,0],[43208,0],[43308,0],[43408,0]],"show_id":20002,"month_boss_tag":0,"show_lev":70,"first_items":[[13,70]],"hook_lose":[[15,20]]},
	"71008":{"id":71008,"name":"太阳之耀","lev":90,"base_items":[[13,2]],"show_items":[[13,1],[44110,0],[44210,0],[44310,0],[44410,0],[44109,0],[44209,0],[44309,0],[44409,0],[43110,0],[43210,0],[43310,0],[43410,0],[43109,0],[43209,0],[43309,0],[43409,0]],"show_id":21008,"month_boss_tag":0,"show_lev":80,"first_items":[[13,80]],"hook_lose":[[15,20]]},
	"71009":{"id":71009,"name":"吞神者","lev":100,"base_items":[[13,2]],"show_items":[[13,1],[44110,0],[44210,0],[44310,0],[44410,0],[43110,0],[43210,0],[43310,0],[43410,0]],"show_id":21005,"month_boss_tag":0,"show_lev":90,"first_items":[[13,90]],"hook_lose":[[15,20]]},
	"72000":{"id":72000,"name":"荣耀月卡专属","lev":20,"base_items":[[13,2]],"show_items":[[13,1],[44103,0],[44203,0],[44303,0],[44403,0],[43103,0],[43203,0],[43303,0],[43403,0],[44102,0],[44202,0],[44302,0],[44402,0],[43102,0],[43202,0],[43302,0],[43402,0]],"show_id":50002,"month_boss_tag":1,"show_lev":10,"first_items":[],"hook_lose":[[15,20]]},
	"72001":{"id":72001,"name":"荣耀月卡专属","lev":21,"base_items":[[13,2]],"show_items":[[13,1],[44103,0],[44203,0],[44303,0],[44403,0],[43103,0],[43203,0],[43303,0],[43403,0],[44102,0],[44202,0],[44302,0],[44402,0],[43102,0],[43202,0],[43302,0],[43402,0]],"show_id":50002,"month_boss_tag":1,"show_lev":10,"first_items":[],"hook_lose":[[15,20]]},
	"72002":{"id":72002,"name":"荣耀月卡专属","lev":22,"base_items":[[13,2]],"show_items":[[13,1],[44103,0],[44203,0],[44303,0],[44403,0],[43103,0],[43203,0],[43303,0],[43403,0],[44102,0],[44202,0],[44302,0],[44402,0],[43102,0],[43202,0],[43302,0],[43402,0]],"show_id":50002,"month_boss_tag":1,"show_lev":10,"first_items":[],"hook_lose":[[15,20]]},
	"72003":{"id":72003,"name":"荣耀月卡专属","lev":23,"base_items":[[13,2]],"show_items":[[13,1],[44103,0],[44203,0],[44303,0],[44403,0],[43103,0],[43203,0],[43303,0],[43403,0],[44102,0],[44202,0],[44302,0],[44402,0],[43102,0],[43202,0],[43302,0],[43402,0]],"show_id":50002,"month_boss_tag":1,"show_lev":10,"first_items":[],"hook_lose":[[15,20]]},
	"72004":{"id":72004,"name":"荣耀月卡专属","lev":24,"base_items":[[13,2]],"show_items":[[13,1],[44103,0],[44203,0],[44303,0],[44403,0],[43103,0],[43203,0],[43303,0],[43403,0],[44102,0],[44202,0],[44302,0],[44402,0],[43102,0],[43202,0],[43302,0],[43402,0]],"show_id":50002,"month_boss_tag":1,"show_lev":10,"first_items":[],"hook_lose":[[15,20]]},
	"72005":{"id":72005,"name":"荣耀月卡专属","lev":25,"base_items":[[13,2]],"show_items":[[13,1],[44103,0],[44203,0],[44303,0],[44403,0],[43103,0],[43203,0],[43303,0],[43403,0],[44102,0],[44202,0],[44302,0],[44402,0],[43102,0],[43202,0],[43302,0],[43402,0]],"show_id":50002,"month_boss_tag":1,"show_lev":10,"first_items":[],"hook_lose":[[15,20]]},
	"72006":{"id":72006,"name":"荣耀月卡专属","lev":26,"base_items":[[13,2]],"show_items":[[13,1],[44103,0],[44203,0],[44303,0],[44403,0],[43103,0],[43203,0],[43303,0],[43403,0],[44102,0],[44202,0],[44302,0],[44402,0],[43102,0],[43202,0],[43302,0],[43402,0]],"show_id":50002,"month_boss_tag":1,"show_lev":10,"first_items":[],"hook_lose":[[15,20]]},
	"72007":{"id":72007,"name":"荣耀月卡专属","lev":27,"base_items":[[13,2]],"show_items":[[13,1],[44103,0],[44203,0],[44303,0],[44403,0],[43103,0],[43203,0],[43303,0],[43403,0],[44102,0],[44202,0],[44302,0],[44402,0],[43102,0],[43202,0],[43302,0],[43402,0]],"show_id":50002,"month_boss_tag":1,"show_lev":10,"first_items":[],"hook_lose":[[15,20]]},
	"72008":{"id":72008,"name":"荣耀月卡专属","lev":28,"base_items":[[13,2]],"show_items":[[13,1],[44103,0],[44203,0],[44303,0],[44403,0],[43103,0],[43203,0],[43303,0],[43403,0],[44102,0],[44202,0],[44302,0],[44402,0],[43102,0],[43202,0],[43302,0],[43402,0]],"show_id":50002,"month_boss_tag":1,"show_lev":10,"first_items":[],"hook_lose":[[15,20]]},
	"72009":{"id":72009,"name":"荣耀月卡专属","lev":29,"base_items":[[13,2]],"show_items":[[13,1],[44103,0],[44203,0],[44303,0],[44403,0],[43103,0],[43203,0],[43303,0],[43403,0],[44102,0],[44202,0],[44302,0],[44402,0],[43102,0],[43202,0],[43302,0],[43402,0]],"show_id":50002,"month_boss_tag":1,"show_lev":10,"first_items":[],"hook_lose":[[15,20]]},
	"72010":{"id":72010,"name":"荣耀月卡专属","lev":30,"base_items":[[13,2]],"show_items":[[13,1],[44104,0],[44204,0],[44304,0],[44404,0],[43104,0],[43204,0],[43304,0],[43404,0],[44103,0],[44203,0],[44303,0],[44403,0],[43103,0],[43203,0],[43303,0],[43403,0]],"show_id":50002,"month_boss_tag":1,"show_lev":10,"first_items":[],"hook_lose":[[15,20]]},
	"72011":{"id":72011,"name":"荣耀月卡专属","lev":31,"base_items":[[13,2]],"show_items":[[13,1],[44104,0],[44204,0],[44304,0],[44404,0],[43104,0],[43204,0],[43304,0],[43404,0],[44103,0],[44203,0],[44303,0],[44403,0],[43103,0],[43203,0],[43303,0],[43403,0]],"show_id":50002,"month_boss_tag":1,"show_lev":10,"first_items":[],"hook_lose":[[15,20]]},
	"72012":{"id":72012,"name":"荣耀月卡专属","lev":32,"base_items":[[13,2]],"show_items":[[13,1],[44104,0],[44204,0],[44304,0],[44404,0],[43104,0],[43204,0],[43304,0],[43404,0],[44103,0],[44203,0],[44303,0],[44403,0],[43103,0],[43203,0],[43303,0],[43403,0]],"show_id":50002,"month_boss_tag":1,"show_lev":10,"first_items":[],"hook_lose":[[15,20]]},
	"72013":{"id":72013,"name":"荣耀月卡专属","lev":33,"base_items":[[13,2]],"show_items":[[13,1],[44104,0],[44204,0],[44304,0],[44404,0],[43104,0],[43204,0],[43304,0],[43404,0],[44103,0],[44203,0],[44303,0],[44403,0],[43103,0],[43203,0],[43303,0],[43403,0]],"show_id":50002,"month_boss_tag":1,"show_lev":10,"first_items":[],"hook_lose":[[15,20]]},
	"72014":{"id":72014,"name":"荣耀月卡专属","lev":34,"base_items":[[13,2]],"show_items":[[13,1],[44104,0],[44204,0],[44304,0],[44404,0],[43104,0],[43204,0],[43304,0],[43404,0],[44103,0],[44203,0],[44303,0],[44403,0],[43103,0],[43203,0],[43303,0],[43403,0]],"show_id":50002,"month_boss_tag":1,"show_lev":10,"first_items":[],"hook_lose":[[15,20]]},
	"72015":{"id":72015,"name":"荣耀月卡专属","lev":35,"base_items":[[13,2]],"show_items":[[13,1],[44104,0],[44204,0],[44304,0],[44404,0],[43104,0],[43204,0],[43304,0],[43404,0],[44103,0],[44203,0],[44303,0],[44403,0],[43103,0],[43203,0],[43303,0],[43403,0]],"show_id":50002,"month_boss_tag":1,"show_lev":10,"first_items":[],"hook_lose":[[15,20]]},
	"72016":{"id":72016,"name":"荣耀月卡专属","lev":36,"base_items":[[13,2]],"show_items":[[13,1],[44104,0],[44204,0],[44304,0],[44404,0],[43104,0],[43204,0],[43304,0],[43404,0],[44103,0],[44203,0],[44303,0],[44403,0],[43103,0],[43203,0],[43303,0],[43403,0]],"show_id":50002,"month_boss_tag":1,"show_lev":10,"first_items":[],"hook_lose":[[15,20]]},
	"72017":{"id":72017,"name":"荣耀月卡专属","lev":37,"base_items":[[13,2]],"show_items":[[13,1],[44104,0],[44204,0],[44304,0],[44404,0],[43104,0],[43204,0],[43304,0],[43404,0],[44103,0],[44203,0],[44303,0],[44403,0],[43103,0],[43203,0],[43303,0],[43403,0]],"show_id":50002,"month_boss_tag":1,"show_lev":10,"first_items":[],"hook_lose":[[15,20]]},
	"72018":{"id":72018,"name":"荣耀月卡专属","lev":38,"base_items":[[13,2]],"show_items":[[13,1],[44104,0],[44204,0],[44304,0],[44404,0],[43104,0],[43204,0],[43304,0],[43404,0],[44103,0],[44203,0],[44303,0],[44403,0],[43103,0],[43203,0],[43303,0],[43403,0]],"show_id":50002,"month_boss_tag":1,"show_lev":10,"first_items":[],"hook_lose":[[15,20]]},
	"72019":{"id":72019,"name":"荣耀月卡专属","lev":39,"base_items":[[13,2]],"show_items":[[13,1],[44104,0],[44204,0],[44304,0],[44404,0],[43104,0],[43204,0],[43304,0],[43404,0],[44103,0],[44203,0],[44303,0],[44403,0],[43103,0],[43203,0],[43303,0],[43403,0]],"show_id":50002,"month_boss_tag":1,"show_lev":10,"first_items":[],"hook_lose":[[15,20]]},
	"72020":{"id":72020,"name":"荣耀月卡专属","lev":40,"base_items":[[13,2]],"show_items":[[13,1],[44105,0],[44205,0],[44305,0],[44405,0],[43105,0],[43205,0],[43305,0],[43405,0],[44104,0],[44204,0],[44304,0],[44404,0],[43104,0],[43204,0],[43304,0],[43404,0]],"show_id":50002,"month_boss_tag":1,"show_lev":10,"first_items":[],"hook_lose":[[15,20]]},
	"72021":{"id":72021,"name":"荣耀月卡专属","lev":41,"base_items":[[13,2]],"show_items":[[13,1],[44105,0],[44205,0],[44305,0],[44405,0],[43105,0],[43205,0],[43305,0],[43405,0],[44104,0],[44204,0],[44304,0],[44404,0],[43104,0],[43204,0],[43304,0],[43404,0]],"show_id":50002,"month_boss_tag":1,"show_lev":10,"first_items":[],"hook_lose":[[15,20]]},
	"72022":{"id":72022,"name":"荣耀月卡专属","lev":42,"base_items":[[13,2]],"show_items":[[13,1],[44105,0],[44205,0],[44305,0],[44405,0],[43105,0],[43205,0],[43305,0],[43405,0],[44104,0],[44204,0],[44304,0],[44404,0],[43104,0],[43204,0],[43304,0],[43404,0]],"show_id":50002,"month_boss_tag":1,"show_lev":10,"first_items":[],"hook_lose":[[15,20]]},
	"72023":{"id":72023,"name":"荣耀月卡专属","lev":43,"base_items":[[13,2]],"show_items":[[13,1],[44105,0],[44205,0],[44305,0],[44405,0],[43105,0],[43205,0],[43305,0],[43405,0],[44104,0],[44204,0],[44304,0],[44404,0],[43104,0],[43204,0],[43304,0],[43404,0]],"show_id":50002,"month_boss_tag":1,"show_lev":10,"first_items":[],"hook_lose":[[15,20]]},
	"72024":{"id":72024,"name":"荣耀月卡专属","lev":44,"base_items":[[13,2]],"show_items":[[13,1],[44105,0],[44205,0],[44305,0],[44405,0],[43105,0],[43205,0],[43305,0],[43405,0],[44104,0],[44204,0],[44304,0],[44404,0],[43104,0],[43204,0],[43304,0],[43404,0]],"show_id":50002,"month_boss_tag":1,"show_lev":10,"first_items":[],"hook_lose":[[15,20]]},
	"72025":{"id":72025,"name":"荣耀月卡专属","lev":45,"base_items":[[13,2]],"show_items":[[13,1],[44105,0],[44205,0],[44305,0],[44405,0],[43105,0],[43205,0],[43305,0],[43405,0],[44104,0],[44204,0],[44304,0],[44404,0],[43104,0],[43204,0],[43304,0],[43404,0]],"show_id":50002,"month_boss_tag":1,"show_lev":10,"first_items":[],"hook_lose":[[15,20]]},
	"72026":{"id":72026,"name":"荣耀月卡专属","lev":46,"base_items":[[13,2]],"show_items":[[13,1],[44105,0],[44205,0],[44305,0],[44405,0],[43105,0],[43205,0],[43305,0],[43405,0],[44104,0],[44204,0],[44304,0],[44404,0],[43104,0],[43204,0],[43304,0],[43404,0]],"show_id":50002,"month_boss_tag":1,"show_lev":10,"first_items":[],"hook_lose":[[15,20]]},
	"72027":{"id":72027,"name":"荣耀月卡专属","lev":47,"base_items":[[13,2]],"show_items":[[13,1],[44105,0],[44205,0],[44305,0],[44405,0],[43105,0],[43205,0],[43305,0],[43405,0],[44104,0],[44204,0],[44304,0],[44404,0],[43104,0],[43204,0],[43304,0],[43404,0]],"show_id":50002,"month_boss_tag":1,"show_lev":10,"first_items":[],"hook_lose":[[15,20]]},
	"72028":{"id":72028,"name":"荣耀月卡专属","lev":48,"base_items":[[13,2]],"show_items":[[13,1],[44105,0],[44205,0],[44305,0],[44405,0],[43105,0],[43205,0],[43305,0],[43405,0],[44104,0],[44204,0],[44304,0],[44404,0],[43104,0],[43204,0],[43304,0],[43404,0]],"show_id":50002,"month_boss_tag":1,"show_lev":10,"first_items":[],"hook_lose":[[15,20]]},
	"72029":{"id":72029,"name":"荣耀月卡专属","lev":49,"base_items":[[13,2]],"show_items":[[13,1],[44105,0],[44205,0],[44305,0],[44405,0],[43105,0],[43205,0],[43305,0],[43405,0],[44104,0],[44204,0],[44304,0],[44404,0],[43104,0],[43204,0],[43304,0],[43404,0]],"show_id":50002,"month_boss_tag":1,"show_lev":10,"first_items":[],"hook_lose":[[15,20]]},
	"72030":{"id":72030,"name":"荣耀月卡专属","lev":50,"base_items":[[13,2]],"show_items":[[13,1],[44106,0],[44206,0],[44306,0],[44406,0],[43106,0],[43206,0],[43306,0],[43406,0],[44105,0],[44205,0],[44305,0],[44405,0],[43105,0],[43205,0],[43305,0],[43405,0]],"show_id":50002,"month_boss_tag":1,"show_lev":10,"first_items":[],"hook_lose":[[15,20]]},
	"72031":{"id":72031,"name":"荣耀月卡专属","lev":51,"base_items":[[13,2]],"show_items":[[13,1],[44106,0],[44206,0],[44306,0],[44406,0],[43106,0],[43206,0],[43306,0],[43406,0],[44105,0],[44205,0],[44305,0],[44405,0],[43105,0],[43205,0],[43305,0],[43405,0]],"show_id":50002,"month_boss_tag":1,"show_lev":10,"first_items":[],"hook_lose":[[15,20]]},
	"72032":{"id":72032,"name":"荣耀月卡专属","lev":52,"base_items":[[13,2]],"show_items":[[13,1],[44106,0],[44206,0],[44306,0],[44406,0],[43106,0],[43206,0],[43306,0],[43406,0],[44105,0],[44205,0],[44305,0],[44405,0],[43105,0],[43205,0],[43305,0],[43405,0]],"show_id":50002,"month_boss_tag":1,"show_lev":10,"first_items":[],"hook_lose":[[15,20]]},
	"72033":{"id":72033,"name":"荣耀月卡专属","lev":53,"base_items":[[13,2]],"show_items":[[13,1],[44106,0],[44206,0],[44306,0],[44406,0],[43106,0],[43206,0],[43306,0],[43406,0],[44105,0],[44205,0],[44305,0],[44405,0],[43105,0],[43205,0],[43305,0],[43405,0]],"show_id":50002,"month_boss_tag":1,"show_lev":10,"first_items":[],"hook_lose":[[15,20]]},
	"72034":{"id":72034,"name":"荣耀月卡专属","lev":54,"base_items":[[13,2]],"show_items":[[13,1],[44106,0],[44206,0],[44306,0],[44406,0],[43106,0],[43206,0],[43306,0],[43406,0],[44105,0],[44205,0],[44305,0],[44405,0],[43105,0],[43205,0],[43305,0],[43405,0]],"show_id":50002,"month_boss_tag":1,"show_lev":10,"first_items":[],"hook_lose":[[15,20]]},
	"72035":{"id":72035,"name":"荣耀月卡专属","lev":55,"base_items":[[13,2]],"show_items":[[13,1],[44106,0],[44206,0],[44306,0],[44406,0],[43106,0],[43206,0],[43306,0],[43406,0],[44105,0],[44205,0],[44305,0],[44405,0],[43105,0],[43205,0],[43305,0],[43405,0]],"show_id":50002,"month_boss_tag":1,"show_lev":10,"first_items":[],"hook_lose":[[15,20]]},
	"72036":{"id":72036,"name":"荣耀月卡专属","lev":56,"base_items":[[13,2]],"show_items":[[13,1],[44106,0],[44206,0],[44306,0],[44406,0],[43106,0],[43206,0],[43306,0],[43406,0],[44105,0],[44205,0],[44305,0],[44405,0],[43105,0],[43205,0],[43305,0],[43405,0]],"show_id":50002,"month_boss_tag":1,"show_lev":10,"first_items":[],"hook_lose":[[15,20]]},
	"72037":{"id":72037,"name":"荣耀月卡专属","lev":57,"base_items":[[13,2]],"show_items":[[13,1],[44106,0],[44206,0],[44306,0],[44406,0],[43106,0],[43206,0],[43306,0],[43406,0],[44105,0],[44205,0],[44305,0],[44405,0],[43105,0],[43205,0],[43305,0],[43405,0]],"show_id":50002,"month_boss_tag":1,"show_lev":10,"first_items":[],"hook_lose":[[15,20]]},
	"72038":{"id":72038,"name":"荣耀月卡专属","lev":58,"base_items":[[13,2]],"show_items":[[13,1],[44106,0],[44206,0],[44306,0],[44406,0],[43106,0],[43206,0],[43306,0],[43406,0],[44105,0],[44205,0],[44305,0],[44405,0],[43105,0],[43205,0],[43305,0],[43405,0]],"show_id":50002,"month_boss_tag":1,"show_lev":10,"first_items":[],"hook_lose":[[15,20]]},
	"72039":{"id":72039,"name":"荣耀月卡专属","lev":59,"base_items":[[13,2]],"show_items":[[13,1],[44106,0],[44206,0],[44306,0],[44406,0],[43106,0],[43206,0],[43306,0],[43406,0],[44105,0],[44205,0],[44305,0],[44405,0],[43105,0],[43205,0],[43305,0],[43405,0]],"show_id":50002,"month_boss_tag":1,"show_lev":10,"first_items":[],"hook_lose":[[15,20]]},
	"72040":{"id":72040,"name":"荣耀月卡专属","lev":60,"base_items":[[13,2]],"show_items":[[13,1],[44107,0],[44207,0],[44307,0],[44407,0],[43107,0],[43207,0],[43307,0],[43407,0],[44106,0],[44206,0],[44306,0],[44406,0],[43106,0],[43206,0],[43306,0],[43406,0]],"show_id":50002,"month_boss_tag":1,"show_lev":10,"first_items":[],"hook_lose":[[15,20]]},
	"72041":{"id":72041,"name":"荣耀月卡专属","lev":61,"base_items":[[13,2]],"show_items":[[13,1],[44107,0],[44207,0],[44307,0],[44407,0],[43107,0],[43207,0],[43307,0],[43407,0],[44106,0],[44206,0],[44306,0],[44406,0],[43106,0],[43206,0],[43306,0],[43406,0]],"show_id":50002,"month_boss_tag":1,"show_lev":10,"first_items":[],"hook_lose":[[15,20]]},
	"72042":{"id":72042,"name":"荣耀月卡专属","lev":62,"base_items":[[13,2]],"show_items":[[13,1],[44107,0],[44207,0],[44307,0],[44407,0],[43107,0],[43207,0],[43307,0],[43407,0],[44106,0],[44206,0],[44306,0],[44406,0],[43106,0],[43206,0],[43306,0],[43406,0]],"show_id":50002,"month_boss_tag":1,"show_lev":10,"first_items":[],"hook_lose":[[15,20]]},
	"72043":{"id":72043,"name":"荣耀月卡专属","lev":63,"base_items":[[13,2]],"show_items":[[13,1],[44107,0],[44207,0],[44307,0],[44407,0],[43107,0],[43207,0],[43307,0],[43407,0],[44106,0],[44206,0],[44306,0],[44406,0],[43106,0],[43206,0],[43306,0],[43406,0]],"show_id":50002,"month_boss_tag":1,"show_lev":10,"first_items":[],"hook_lose":[[15,20]]},
	"72044":{"id":72044,"name":"荣耀月卡专属","lev":64,"base_items":[[13,2]],"show_items":[[13,1],[44107,0],[44207,0],[44307,0],[44407,0],[43107,0],[43207,0],[43307,0],[43407,0],[44106,0],[44206,0],[44306,0],[44406,0],[43106,0],[43206,0],[43306,0],[43406,0]],"show_id":50002,"month_boss_tag":1,"show_lev":10,"first_items":[],"hook_lose":[[15,20]]},
	"72045":{"id":72045,"name":"荣耀月卡专属","lev":65,"base_items":[[13,2]],"show_items":[[13,1],[44107,0],[44207,0],[44307,0],[44407,0],[43107,0],[43207,0],[43307,0],[43407,0],[44106,0],[44206,0],[44306,0],[44406,0],[43106,0],[43206,0],[43306,0],[43406,0]],"show_id":50002,"month_boss_tag":1,"show_lev":10,"first_items":[],"hook_lose":[[15,20]]},
	"72046":{"id":72046,"name":"荣耀月卡专属","lev":66,"base_items":[[13,2]],"show_items":[[13,1],[44107,0],[44207,0],[44307,0],[44407,0],[43107,0],[43207,0],[43307,0],[43407,0],[44106,0],[44206,0],[44306,0],[44406,0],[43106,0],[43206,0],[43306,0],[43406,0]],"show_id":50002,"month_boss_tag":1,"show_lev":10,"first_items":[],"hook_lose":[[15,20]]},
	"72047":{"id":72047,"name":"荣耀月卡专属","lev":67,"base_items":[[13,2]],"show_items":[[13,1],[44107,0],[44207,0],[44307,0],[44407,0],[43107,0],[43207,0],[43307,0],[43407,0],[44106,0],[44206,0],[44306,0],[44406,0],[43106,0],[43206,0],[43306,0],[43406,0]],"show_id":50002,"month_boss_tag":1,"show_lev":10,"first_items":[],"hook_lose":[[15,20]]},
	"72048":{"id":72048,"name":"荣耀月卡专属","lev":68,"base_items":[[13,2]],"show_items":[[13,1],[44107,0],[44207,0],[44307,0],[44407,0],[43107,0],[43207,0],[43307,0],[43407,0],[44106,0],[44206,0],[44306,0],[44406,0],[43106,0],[43206,0],[43306,0],[43406,0]],"show_id":50002,"month_boss_tag":1,"show_lev":10,"first_items":[],"hook_lose":[[15,20]]},
	"72049":{"id":72049,"name":"荣耀月卡专属","lev":69,"base_items":[[13,2]],"show_items":[[13,1],[44107,0],[44207,0],[44307,0],[44407,0],[43107,0],[43207,0],[43307,0],[43407,0],[44106,0],[44206,0],[44306,0],[44406,0],[43106,0],[43206,0],[43306,0],[43406,0]],"show_id":50002,"month_boss_tag":1,"show_lev":10,"first_items":[],"hook_lose":[[15,20]]},
	"72050":{"id":72050,"name":"荣耀月卡专属","lev":70,"base_items":[[13,2]],"show_items":[[13,1],[44108,0],[44208,0],[44308,0],[44408,0],[43108,0],[43208,0],[43308,0],[43408,0],[44107,0],[44207,0],[44307,0],[44407,0],[43107,0],[43207,0],[43307,0],[43407,0]],"show_id":50002,"month_boss_tag":1,"show_lev":10,"first_items":[],"hook_lose":[[15,20]]},
	"72051":{"id":72051,"name":"荣耀月卡专属","lev":71,"base_items":[[13,2]],"show_items":[[13,1],[44108,0],[44208,0],[44308,0],[44408,0],[43108,0],[43208,0],[43308,0],[43408,0],[44107,0],[44207,0],[44307,0],[44407,0],[43107,0],[43207,0],[43307,0],[43407,0]],"show_id":50002,"month_boss_tag":1,"show_lev":10,"first_items":[],"hook_lose":[[15,20]]},
	"72052":{"id":72052,"name":"荣耀月卡专属","lev":72,"base_items":[[13,2]],"show_items":[[13,1],[44108,0],[44208,0],[44308,0],[44408,0],[43108,0],[43208,0],[43308,0],[43408,0],[44107,0],[44207,0],[44307,0],[44407,0],[43107,0],[43207,0],[43307,0],[43407,0]],"show_id":50002,"month_boss_tag":1,"show_lev":10,"first_items":[],"hook_lose":[[15,20]]},
	"72053":{"id":72053,"name":"荣耀月卡专属","lev":73,"base_items":[[13,2]],"show_items":[[13,1],[44108,0],[44208,0],[44308,0],[44408,0],[43108,0],[43208,0],[43308,0],[43408,0],[44107,0],[44207,0],[44307,0],[44407,0],[43107,0],[43207,0],[43307,0],[43407,0]],"show_id":50002,"month_boss_tag":1,"show_lev":10,"first_items":[],"hook_lose":[[15,20]]},
	"72054":{"id":72054,"name":"荣耀月卡专属","lev":74,"base_items":[[13,2]],"show_items":[[13,1],[44108,0],[44208,0],[44308,0],[44408,0],[43108,0],[43208,0],[43308,0],[43408,0],[44107,0],[44207,0],[44307,0],[44407,0],[43107,0],[43207,0],[43307,0],[43407,0]],"show_id":50002,"month_boss_tag":1,"show_lev":10,"first_items":[],"hook_lose":[[15,20]]},
	"72055":{"id":72055,"name":"荣耀月卡专属","lev":75,"base_items":[[13,2]],"show_items":[[13,1],[44108,0],[44208,0],[44308,0],[44408,0],[43108,0],[43208,0],[43308,0],[43408,0],[44107,0],[44207,0],[44307,0],[44407,0],[43107,0],[43207,0],[43307,0],[43407,0]],"show_id":50002,"month_boss_tag":1,"show_lev":10,"first_items":[],"hook_lose":[[15,20]]},
	"72056":{"id":72056,"name":"荣耀月卡专属","lev":76,"base_items":[[13,2]],"show_items":[[13,1],[44108,0],[44208,0],[44308,0],[44408,0],[43108,0],[43208,0],[43308,0],[43408,0],[44107,0],[44207,0],[44307,0],[44407,0],[43107,0],[43207,0],[43307,0],[43407,0]],"show_id":50002,"month_boss_tag":1,"show_lev":10,"first_items":[],"hook_lose":[[15,20]]},
	"72057":{"id":72057,"name":"荣耀月卡专属","lev":77,"base_items":[[13,2]],"show_items":[[13,1],[44108,0],[44208,0],[44308,0],[44408,0],[43108,0],[43208,0],[43308,0],[43408,0],[44107,0],[44207,0],[44307,0],[44407,0],[43107,0],[43207,0],[43307,0],[43407,0]],"show_id":50002,"month_boss_tag":1,"show_lev":10,"first_items":[],"hook_lose":[[15,20]]},
	"72058":{"id":72058,"name":"荣耀月卡专属","lev":78,"base_items":[[13,2]],"show_items":[[13,1],[44108,0],[44208,0],[44308,0],[44408,0],[43108,0],[43208,0],[43308,0],[43408,0],[44107,0],[44207,0],[44307,0],[44407,0],[43107,0],[43207,0],[43307,0],[43407,0]],"show_id":50002,"month_boss_tag":1,"show_lev":10,"first_items":[],"hook_lose":[[15,20]]},
	"72059":{"id":72059,"name":"荣耀月卡专属","lev":79,"base_items":[[13,2]],"show_items":[[13,1],[44108,0],[44208,0],[44308,0],[44408,0],[43108,0],[43208,0],[43308,0],[43408,0],[44107,0],[44207,0],[44307,0],[44407,0],[43107,0],[43207,0],[43307,0],[43407,0]],"show_id":50002,"month_boss_tag":1,"show_lev":10,"first_items":[],"hook_lose":[[15,20]]},
	"72060":{"id":72060,"name":"荣耀月卡专属","lev":80,"base_items":[[13,2]],"show_items":[[13,1],[44109,0],[44209,0],[44309,0],[44409,0],[43109,0],[43209,0],[43309,0],[43409,0],[44108,0],[44208,0],[44308,0],[44408,0],[43108,0],[43208,0],[43308,0],[43408,0]],"show_id":50002,"month_boss_tag":1,"show_lev":10,"first_items":[],"hook_lose":[[15,20]]},
	"72061":{"id":72061,"name":"荣耀月卡专属","lev":81,"base_items":[[13,2]],"show_items":[[13,1],[44109,0],[44209,0],[44309,0],[44409,0],[43109,0],[43209,0],[43309,0],[43409,0],[44108,0],[44208,0],[44308,0],[44408,0],[43108,0],[43208,0],[43308,0],[43408,0]],"show_id":50002,"month_boss_tag":1,"show_lev":10,"first_items":[],"hook_lose":[[15,20]]},
	"72062":{"id":72062,"name":"荣耀月卡专属","lev":82,"base_items":[[13,2]],"show_items":[[13,1],[44109,0],[44209,0],[44309,0],[44409,0],[43109,0],[43209,0],[43309,0],[43409,0],[44108,0],[44208,0],[44308,0],[44408,0],[43108,0],[43208,0],[43308,0],[43408,0]],"show_id":50002,"month_boss_tag":1,"show_lev":10,"first_items":[],"hook_lose":[[15,20]]},
	"72063":{"id":72063,"name":"荣耀月卡专属","lev":83,"base_items":[[13,2]],"show_items":[[13,1],[44109,0],[44209,0],[44309,0],[44409,0],[43109,0],[43209,0],[43309,0],[43409,0],[44108,0],[44208,0],[44308,0],[44408,0],[43108,0],[43208,0],[43308,0],[43408,0]],"show_id":50002,"month_boss_tag":1,"show_lev":10,"first_items":[],"hook_lose":[[15,20]]},
	"72064":{"id":72064,"name":"荣耀月卡专属","lev":84,"base_items":[[13,2]],"show_items":[[13,1],[44109,0],[44209,0],[44309,0],[44409,0],[43109,0],[43209,0],[43309,0],[43409,0],[44108,0],[44208,0],[44308,0],[44408,0],[43108,0],[43208,0],[43308,0],[43408,0]],"show_id":50002,"month_boss_tag":1,"show_lev":10,"first_items":[],"hook_lose":[[15,20]]},
	"72065":{"id":72065,"name":"荣耀月卡专属","lev":85,"base_items":[[13,2]],"show_items":[[13,1],[44109,0],[44209,0],[44309,0],[44409,0],[43109,0],[43209,0],[43309,0],[43409,0],[44108,0],[44208,0],[44308,0],[44408,0],[43108,0],[43208,0],[43308,0],[43408,0]],"show_id":50002,"month_boss_tag":1,"show_lev":10,"first_items":[],"hook_lose":[[15,20]]},
	"72066":{"id":72066,"name":"荣耀月卡专属","lev":86,"base_items":[[13,2]],"show_items":[[13,1],[44109,0],[44209,0],[44309,0],[44409,0],[43109,0],[43209,0],[43309,0],[43409,0],[44108,0],[44208,0],[44308,0],[44408,0],[43108,0],[43208,0],[43308,0],[43408,0]],"show_id":50002,"month_boss_tag":1,"show_lev":10,"first_items":[],"hook_lose":[[15,20]]},
	"72067":{"id":72067,"name":"荣耀月卡专属","lev":87,"base_items":[[13,2]],"show_items":[[13,1],[44109,0],[44209,0],[44309,0],[44409,0],[43109,0],[43209,0],[43309,0],[43409,0],[44108,0],[44208,0],[44308,0],[44408,0],[43108,0],[43208,0],[43308,0],[43408,0]],"show_id":50002,"month_boss_tag":1,"show_lev":10,"first_items":[],"hook_lose":[[15,20]]},
	"72068":{"id":72068,"name":"荣耀月卡专属","lev":88,"base_items":[[13,2]],"show_items":[[13,1],[44109,0],[44209,0],[44309,0],[44409,0],[43109,0],[43209,0],[43309,0],[43409,0],[44108,0],[44208,0],[44308,0],[44408,0],[43108,0],[43208,0],[43308,0],[43408,0]],"show_id":50002,"month_boss_tag":1,"show_lev":10,"first_items":[],"hook_lose":[[15,20]]},
	"72069":{"id":72069,"name":"荣耀月卡专属","lev":89,"base_items":[[13,2]],"show_items":[[13,1],[44109,0],[44209,0],[44309,0],[44409,0],[43109,0],[43209,0],[43309,0],[43409,0],[44108,0],[44208,0],[44308,0],[44408,0],[43108,0],[43208,0],[43308,0],[43408,0]],"show_id":50002,"month_boss_tag":1,"show_lev":10,"first_items":[],"hook_lose":[[15,20]]},
	"72070":{"id":72070,"name":"荣耀月卡专属","lev":90,"base_items":[[13,2]],"show_items":[[13,1],[44110,0],[44210,0],[44310,0],[44410,0],[43110,0],[43210,0],[43310,0],[43410,0],[44109,0],[44209,0],[44309,0],[44409,0],[43109,0],[43209,0],[43309,0],[43409,0]],"show_id":50002,"month_boss_tag":1,"show_lev":10,"first_items":[],"hook_lose":[[15,20]]},
	"72071":{"id":72071,"name":"荣耀月卡专属","lev":91,"base_items":[[13,2]],"show_items":[[13,1],[44110,0],[44210,0],[44310,0],[44410,0],[43110,0],[43210,0],[43310,0],[43410,0],[44109,0],[44209,0],[44309,0],[44409,0],[43109,0],[43209,0],[43309,0],[43409,0]],"show_id":50002,"month_boss_tag":1,"show_lev":10,"first_items":[],"hook_lose":[[15,20]]},
	"72072":{"id":72072,"name":"荣耀月卡专属","lev":92,"base_items":[[13,2]],"show_items":[[13,1],[44110,0],[44210,0],[44310,0],[44410,0],[43110,0],[43210,0],[43310,0],[43410,0],[44109,0],[44209,0],[44309,0],[44409,0],[43109,0],[43209,0],[43309,0],[43409,0]],"show_id":50002,"month_boss_tag":1,"show_lev":10,"first_items":[],"hook_lose":[[15,20]]},
	"72073":{"id":72073,"name":"荣耀月卡专属","lev":93,"base_items":[[13,2]],"show_items":[[13,1],[44110,0],[44210,0],[44310,0],[44410,0],[43110,0],[43210,0],[43310,0],[43410,0],[44109,0],[44209,0],[44309,0],[44409,0],[43109,0],[43209,0],[43309,0],[43409,0]],"show_id":50002,"month_boss_tag":1,"show_lev":10,"first_items":[],"hook_lose":[[15,20]]},
	"72074":{"id":72074,"name":"荣耀月卡专属","lev":94,"base_items":[[13,2]],"show_items":[[13,1],[44110,0],[44210,0],[44310,0],[44410,0],[43110,0],[43210,0],[43310,0],[43410,0],[44109,0],[44209,0],[44309,0],[44409,0],[43109,0],[43209,0],[43309,0],[43409,0]],"show_id":50002,"month_boss_tag":1,"show_lev":10,"first_items":[],"hook_lose":[[15,20]]},
	"72075":{"id":72075,"name":"荣耀月卡专属","lev":95,"base_items":[[13,2]],"show_items":[[13,1],[44110,0],[44210,0],[44310,0],[44410,0],[43110,0],[43210,0],[43310,0],[43410,0],[44109,0],[44209,0],[44309,0],[44409,0],[43109,0],[43209,0],[43309,0],[43409,0]],"show_id":50002,"month_boss_tag":1,"show_lev":10,"first_items":[],"hook_lose":[[15,20]]},
	"72076":{"id":72076,"name":"荣耀月卡专属","lev":96,"base_items":[[13,2]],"show_items":[[13,1],[44110,0],[44210,0],[44310,0],[44410,0],[43110,0],[43210,0],[43310,0],[43410,0],[44109,0],[44209,0],[44309,0],[44409,0],[43109,0],[43209,0],[43309,0],[43409,0]],"show_id":50002,"month_boss_tag":1,"show_lev":10,"first_items":[],"hook_lose":[[15,20]]},
	"72077":{"id":72077,"name":"荣耀月卡专属","lev":97,"base_items":[[13,2]],"show_items":[[13,1],[44110,0],[44210,0],[44310,0],[44410,0],[43110,0],[43210,0],[43310,0],[43410,0],[44109,0],[44209,0],[44309,0],[44409,0],[43109,0],[43209,0],[43309,0],[43409,0]],"show_id":50002,"month_boss_tag":1,"show_lev":10,"first_items":[],"hook_lose":[[15,20]]},
	"72078":{"id":72078,"name":"荣耀月卡专属","lev":98,"base_items":[[13,2]],"show_items":[[13,1],[44110,0],[44210,0],[44310,0],[44410,0],[43110,0],[43210,0],[43310,0],[43410,0],[44109,0],[44209,0],[44309,0],[44409,0],[43109,0],[43209,0],[43309,0],[43409,0]],"show_id":50002,"month_boss_tag":1,"show_lev":10,"first_items":[],"hook_lose":[[15,20]]},
	"72079":{"id":72079,"name":"荣耀月卡专属","lev":99,"base_items":[[13,2]],"show_items":[[13,1],[44110,0],[44210,0],[44310,0],[44410,0],[43110,0],[43210,0],[43310,0],[43410,0],[44109,0],[44209,0],[44309,0],[44409,0],[43109,0],[43209,0],[43309,0],[43409,0]],"show_id":50002,"month_boss_tag":1,"show_lev":10,"first_items":[],"hook_lose":[[15,20]]},
	"72080":{"id":72080,"name":"荣耀月卡专属","lev":100,"base_items":[[13,2]],"show_items":[[13,1],[44110,0],[44210,0],[44310,0],[44410,0],[43110,0],[43210,0],[43310,0],[43410,0],[44109,0],[44209,0],[44309,0],[44409,0],[43109,0],[43209,0],[43309,0],[43409,0]],"show_id":50002,"month_boss_tag":1,"show_lev":10,"first_items":[],"hook_lose":[[15,20]]},
	"73000":{"id":73000,"name":"至尊月卡专属","lev":20,"base_items":[[13,2]],"show_items":[[13,1],[44103,0],[44203,0],[44303,0],[44403,0],[43103,0],[43203,0],[43303,0],[43403,0],[44102,0],[44202,0],[44302,0],[44402,0],[43102,0],[43202,0],[43302,0],[43402,0]],"show_id":50001,"month_boss_tag":2,"show_lev":10,"first_items":[],"hook_lose":[[15,20]]},
	"73001":{"id":73001,"name":"至尊月卡专属","lev":21,"base_items":[[13,2]],"show_items":[[13,1],[44103,0],[44203,0],[44303,0],[44403,0],[43103,0],[43203,0],[43303,0],[43403,0],[44102,0],[44202,0],[44302,0],[44402,0],[43102,0],[43202,0],[43302,0],[43402,0]],"show_id":50001,"month_boss_tag":2,"show_lev":10,"first_items":[],"hook_lose":[[15,20]]},
	"73002":{"id":73002,"name":"至尊月卡专属","lev":22,"base_items":[[13,2]],"show_items":[[13,1],[44103,0],[44203,0],[44303,0],[44403,0],[43103,0],[43203,0],[43303,0],[43403,0],[44102,0],[44202,0],[44302,0],[44402,0],[43102,0],[43202,0],[43302,0],[43402,0]],"show_id":50001,"month_boss_tag":2,"show_lev":10,"first_items":[],"hook_lose":[[15,20]]},
	"73003":{"id":73003,"name":"至尊月卡专属","lev":23,"base_items":[[13,2]],"show_items":[[13,1],[44103,0],[44203,0],[44303,0],[44403,0],[43103,0],[43203,0],[43303,0],[43403,0],[44102,0],[44202,0],[44302,0],[44402,0],[43102,0],[43202,0],[43302,0],[43402,0]],"show_id":50001,"month_boss_tag":2,"show_lev":10,"first_items":[],"hook_lose":[[15,20]]},
	"73004":{"id":73004,"name":"至尊月卡专属","lev":24,"base_items":[[13,2]],"show_items":[[13,1],[44103,0],[44203,0],[44303,0],[44403,0],[43103,0],[43203,0],[43303,0],[43403,0],[44102,0],[44202,0],[44302,0],[44402,0],[43102,0],[43202,0],[43302,0],[43402,0]],"show_id":50001,"month_boss_tag":2,"show_lev":10,"first_items":[],"hook_lose":[[15,20]]},
	"73005":{"id":73005,"name":"至尊月卡专属","lev":25,"base_items":[[13,2]],"show_items":[[13,1],[44103,0],[44203,0],[44303,0],[44403,0],[43103,0],[43203,0],[43303,0],[43403,0],[44102,0],[44202,0],[44302,0],[44402,0],[43102,0],[43202,0],[43302,0],[43402,0]],"show_id":50001,"month_boss_tag":2,"show_lev":10,"first_items":[],"hook_lose":[[15,20]]},
	"73006":{"id":73006,"name":"至尊月卡专属","lev":26,"base_items":[[13,2]],"show_items":[[13,1],[44103,0],[44203,0],[44303,0],[44403,0],[43103,0],[43203,0],[43303,0],[43403,0],[44102,0],[44202,0],[44302,0],[44402,0],[43102,0],[43202,0],[43302,0],[43402,0]],"show_id":50001,"month_boss_tag":2,"show_lev":10,"first_items":[],"hook_lose":[[15,20]]},
	"73007":{"id":73007,"name":"至尊月卡专属","lev":27,"base_items":[[13,2]],"show_items":[[13,1],[44103,0],[44203,0],[44303,0],[44403,0],[43103,0],[43203,0],[43303,0],[43403,0],[44102,0],[44202,0],[44302,0],[44402,0],[43102,0],[43202,0],[43302,0],[43402,0]],"show_id":50001,"month_boss_tag":2,"show_lev":10,"first_items":[],"hook_lose":[[15,20]]},
	"73008":{"id":73008,"name":"至尊月卡专属","lev":28,"base_items":[[13,2]],"show_items":[[13,1],[44103,0],[44203,0],[44303,0],[44403,0],[43103,0],[43203,0],[43303,0],[43403,0],[44102,0],[44202,0],[44302,0],[44402,0],[43102,0],[43202,0],[43302,0],[43402,0]],"show_id":50001,"month_boss_tag":2,"show_lev":10,"first_items":[],"hook_lose":[[15,20]]},
	"73009":{"id":73009,"name":"至尊月卡专属","lev":29,"base_items":[[13,2]],"show_items":[[13,1],[44103,0],[44203,0],[44303,0],[44403,0],[43103,0],[43203,0],[43303,0],[43403,0],[44102,0],[44202,0],[44302,0],[44402,0],[43102,0],[43202,0],[43302,0],[43402,0]],"show_id":50001,"month_boss_tag":2,"show_lev":10,"first_items":[],"hook_lose":[[15,20]]},
	"73010":{"id":73010,"name":"至尊月卡专属","lev":30,"base_items":[[13,2]],"show_items":[[13,1],[44104,0],[44204,0],[44304,0],[44404,0],[43104,0],[43204,0],[43304,0],[43404,0],[44103,0],[44203,0],[44303,0],[44403,0],[43103,0],[43203,0],[43303,0],[43403,0]],"show_id":50001,"month_boss_tag":2,"show_lev":10,"first_items":[],"hook_lose":[[15,20]]},
	"73011":{"id":73011,"name":"至尊月卡专属","lev":31,"base_items":[[13,2]],"show_items":[[13,1],[44104,0],[44204,0],[44304,0],[44404,0],[43104,0],[43204,0],[43304,0],[43404,0],[44103,0],[44203,0],[44303,0],[44403,0],[43103,0],[43203,0],[43303,0],[43403,0]],"show_id":50001,"month_boss_tag":2,"show_lev":10,"first_items":[],"hook_lose":[[15,20]]},
	"73012":{"id":73012,"name":"至尊月卡专属","lev":32,"base_items":[[13,2]],"show_items":[[13,1],[44104,0],[44204,0],[44304,0],[44404,0],[43104,0],[43204,0],[43304,0],[43404,0],[44103,0],[44203,0],[44303,0],[44403,0],[43103,0],[43203,0],[43303,0],[43403,0]],"show_id":50001,"month_boss_tag":2,"show_lev":10,"first_items":[],"hook_lose":[[15,20]]},
	"73013":{"id":73013,"name":"至尊月卡专属","lev":33,"base_items":[[13,2]],"show_items":[[13,1],[44104,0],[44204,0],[44304,0],[44404,0],[43104,0],[43204,0],[43304,0],[43404,0],[44103,0],[44203,0],[44303,0],[44403,0],[43103,0],[43203,0],[43303,0],[43403,0]],"show_id":50001,"month_boss_tag":2,"show_lev":10,"first_items":[],"hook_lose":[[15,20]]},
	"73014":{"id":73014,"name":"至尊月卡专属","lev":34,"base_items":[[13,2]],"show_items":[[13,1],[44104,0],[44204,0],[44304,0],[44404,0],[43104,0],[43204,0],[43304,0],[43404,0],[44103,0],[44203,0],[44303,0],[44403,0],[43103,0],[43203,0],[43303,0],[43403,0]],"show_id":50001,"month_boss_tag":2,"show_lev":10,"first_items":[],"hook_lose":[[15,20]]},
	"73015":{"id":73015,"name":"至尊月卡专属","lev":35,"base_items":[[13,2]],"show_items":[[13,1],[44104,0],[44204,0],[44304,0],[44404,0],[43104,0],[43204,0],[43304,0],[43404,0],[44103,0],[44203,0],[44303,0],[44403,0],[43103,0],[43203,0],[43303,0],[43403,0]],"show_id":50001,"month_boss_tag":2,"show_lev":10,"first_items":[],"hook_lose":[[15,20]]},
	"73016":{"id":73016,"name":"至尊月卡专属","lev":36,"base_items":[[13,2]],"show_items":[[13,1],[44104,0],[44204,0],[44304,0],[44404,0],[43104,0],[43204,0],[43304,0],[43404,0],[44103,0],[44203,0],[44303,0],[44403,0],[43103,0],[43203,0],[43303,0],[43403,0]],"show_id":50001,"month_boss_tag":2,"show_lev":10,"first_items":[],"hook_lose":[[15,20]]},
	"73017":{"id":73017,"name":"至尊月卡专属","lev":37,"base_items":[[13,2]],"show_items":[[13,1],[44104,0],[44204,0],[44304,0],[44404,0],[43104,0],[43204,0],[43304,0],[43404,0],[44103,0],[44203,0],[44303,0],[44403,0],[43103,0],[43203,0],[43303,0],[43403,0]],"show_id":50001,"month_boss_tag":2,"show_lev":10,"first_items":[],"hook_lose":[[15,20]]},
	"73018":{"id":73018,"name":"至尊月卡专属","lev":38,"base_items":[[13,2]],"show_items":[[13,1],[44104,0],[44204,0],[44304,0],[44404,0],[43104,0],[43204,0],[43304,0],[43404,0],[44103,0],[44203,0],[44303,0],[44403,0],[43103,0],[43203,0],[43303,0],[43403,0]],"show_id":50001,"month_boss_tag":2,"show_lev":10,"first_items":[],"hook_lose":[[15,20]]},
	"73019":{"id":73019,"name":"至尊月卡专属","lev":39,"base_items":[[13,2]],"show_items":[[13,1],[44104,0],[44204,0],[44304,0],[44404,0],[43104,0],[43204,0],[43304,0],[43404,0],[44103,0],[44203,0],[44303,0],[44403,0],[43103,0],[43203,0],[43303,0],[43403,0]],"show_id":50001,"month_boss_tag":2,"show_lev":10,"first_items":[],"hook_lose":[[15,20]]},
	"73020":{"id":73020,"name":"至尊月卡专属","lev":40,"base_items":[[13,2]],"show_items":[[13,1],[44105,0],[44205,0],[44305,0],[44405,0],[43105,0],[43205,0],[43305,0],[43405,0],[44104,0],[44204,0],[44304,0],[44404,0],[43104,0],[43204,0],[43304,0],[43404,0]],"show_id":50001,"month_boss_tag":2,"show_lev":10,"first_items":[],"hook_lose":[[15,20]]},
	"73021":{"id":73021,"name":"至尊月卡专属","lev":41,"base_items":[[13,2]],"show_items":[[13,1],[44105,0],[44205,0],[44305,0],[44405,0],[43105,0],[43205,0],[43305,0],[43405,0],[44104,0],[44204,0],[44304,0],[44404,0],[43104,0],[43204,0],[43304,0],[43404,0]],"show_id":50001,"month_boss_tag":2,"show_lev":10,"first_items":[],"hook_lose":[[15,20]]},
	"73022":{"id":73022,"name":"至尊月卡专属","lev":42,"base_items":[[13,2]],"show_items":[[13,1],[44105,0],[44205,0],[44305,0],[44405,0],[43105,0],[43205,0],[43305,0],[43405,0],[44104,0],[44204,0],[44304,0],[44404,0],[43104,0],[43204,0],[43304,0],[43404,0]],"show_id":50001,"month_boss_tag":2,"show_lev":10,"first_items":[],"hook_lose":[[15,20]]},
	"73023":{"id":73023,"name":"至尊月卡专属","lev":43,"base_items":[[13,2]],"show_items":[[13,1],[44105,0],[44205,0],[44305,0],[44405,0],[43105,0],[43205,0],[43305,0],[43405,0],[44104,0],[44204,0],[44304,0],[44404,0],[43104,0],[43204,0],[43304,0],[43404,0]],"show_id":50001,"month_boss_tag":2,"show_lev":10,"first_items":[],"hook_lose":[[15,20]]},
	"73024":{"id":73024,"name":"至尊月卡专属","lev":44,"base_items":[[13,2]],"show_items":[[13,1],[44105,0],[44205,0],[44305,0],[44405,0],[43105,0],[43205,0],[43305,0],[43405,0],[44104,0],[44204,0],[44304,0],[44404,0],[43104,0],[43204,0],[43304,0],[43404,0]],"show_id":50001,"month_boss_tag":2,"show_lev":10,"first_items":[],"hook_lose":[[15,20]]},
	"73025":{"id":73025,"name":"至尊月卡专属","lev":45,"base_items":[[13,2]],"show_items":[[13,1],[44105,0],[44205,0],[44305,0],[44405,0],[43105,0],[43205,0],[43305,0],[43405,0],[44104,0],[44204,0],[44304,0],[44404,0],[43104,0],[43204,0],[43304,0],[43404,0]],"show_id":50001,"month_boss_tag":2,"show_lev":10,"first_items":[],"hook_lose":[[15,20]]},
	"73026":{"id":73026,"name":"至尊月卡专属","lev":46,"base_items":[[13,2]],"show_items":[[13,1],[44105,0],[44205,0],[44305,0],[44405,0],[43105,0],[43205,0],[43305,0],[43405,0],[44104,0],[44204,0],[44304,0],[44404,0],[43104,0],[43204,0],[43304,0],[43404,0]],"show_id":50001,"month_boss_tag":2,"show_lev":10,"first_items":[],"hook_lose":[[15,20]]},
	"73027":{"id":73027,"name":"至尊月卡专属","lev":47,"base_items":[[13,2]],"show_items":[[13,1],[44105,0],[44205,0],[44305,0],[44405,0],[43105,0],[43205,0],[43305,0],[43405,0],[44104,0],[44204,0],[44304,0],[44404,0],[43104,0],[43204,0],[43304,0],[43404,0]],"show_id":50001,"month_boss_tag":2,"show_lev":10,"first_items":[],"hook_lose":[[15,20]]},
	"73028":{"id":73028,"name":"至尊月卡专属","lev":48,"base_items":[[13,2]],"show_items":[[13,1],[44105,0],[44205,0],[44305,0],[44405,0],[43105,0],[43205,0],[43305,0],[43405,0],[44104,0],[44204,0],[44304,0],[44404,0],[43104,0],[43204,0],[43304,0],[43404,0]],"show_id":50001,"month_boss_tag":2,"show_lev":10,"first_items":[],"hook_lose":[[15,20]]},
	"73029":{"id":73029,"name":"至尊月卡专属","lev":49,"base_items":[[13,2]],"show_items":[[13,1],[44105,0],[44205,0],[44305,0],[44405,0],[43105,0],[43205,0],[43305,0],[43405,0],[44104,0],[44204,0],[44304,0],[44404,0],[43104,0],[43204,0],[43304,0],[43404,0]],"show_id":50001,"month_boss_tag":2,"show_lev":10,"first_items":[],"hook_lose":[[15,20]]},
	"73030":{"id":73030,"name":"至尊月卡专属","lev":50,"base_items":[[13,2]],"show_items":[[13,1],[44106,0],[44206,0],[44306,0],[44406,0],[43106,0],[43206,0],[43306,0],[43406,0],[44105,0],[44205,0],[44305,0],[44405,0],[43105,0],[43205,0],[43305,0],[43405,0]],"show_id":50001,"month_boss_tag":2,"show_lev":10,"first_items":[],"hook_lose":[[15,20]]},
	"73031":{"id":73031,"name":"至尊月卡专属","lev":51,"base_items":[[13,2]],"show_items":[[13,1],[44106,0],[44206,0],[44306,0],[44406,0],[43106,0],[43206,0],[43306,0],[43406,0],[44105,0],[44205,0],[44305,0],[44405,0],[43105,0],[43205,0],[43305,0],[43405,0]],"show_id":50001,"month_boss_tag":2,"show_lev":10,"first_items":[],"hook_lose":[[15,20]]},
	"73032":{"id":73032,"name":"至尊月卡专属","lev":52,"base_items":[[13,2]],"show_items":[[13,1],[44106,0],[44206,0],[44306,0],[44406,0],[43106,0],[43206,0],[43306,0],[43406,0],[44105,0],[44205,0],[44305,0],[44405,0],[43105,0],[43205,0],[43305,0],[43405,0]],"show_id":50001,"month_boss_tag":2,"show_lev":10,"first_items":[],"hook_lose":[[15,20]]},
	"73033":{"id":73033,"name":"至尊月卡专属","lev":53,"base_items":[[13,2]],"show_items":[[13,1],[44106,0],[44206,0],[44306,0],[44406,0],[43106,0],[43206,0],[43306,0],[43406,0],[44105,0],[44205,0],[44305,0],[44405,0],[43105,0],[43205,0],[43305,0],[43405,0]],"show_id":50001,"month_boss_tag":2,"show_lev":10,"first_items":[],"hook_lose":[[15,20]]},
	"73034":{"id":73034,"name":"至尊月卡专属","lev":54,"base_items":[[13,2]],"show_items":[[13,1],[44106,0],[44206,0],[44306,0],[44406,0],[43106,0],[43206,0],[43306,0],[43406,0],[44105,0],[44205,0],[44305,0],[44405,0],[43105,0],[43205,0],[43305,0],[43405,0]],"show_id":50001,"month_boss_tag":2,"show_lev":10,"first_items":[],"hook_lose":[[15,20]]},
	"73035":{"id":73035,"name":"至尊月卡专属","lev":55,"base_items":[[13,2]],"show_items":[[13,1],[44106,0],[44206,0],[44306,0],[44406,0],[43106,0],[43206,0],[43306,0],[43406,0],[44105,0],[44205,0],[44305,0],[44405,0],[43105,0],[43205,0],[43305,0],[43405,0]],"show_id":50001,"month_boss_tag":2,"show_lev":10,"first_items":[],"hook_lose":[[15,20]]},
	"73036":{"id":73036,"name":"至尊月卡专属","lev":56,"base_items":[[13,2]],"show_items":[[13,1],[44106,0],[44206,0],[44306,0],[44406,0],[43106,0],[43206,0],[43306,0],[43406,0],[44105,0],[44205,0],[44305,0],[44405,0],[43105,0],[43205,0],[43305,0],[43405,0]],"show_id":50001,"month_boss_tag":2,"show_lev":10,"first_items":[],"hook_lose":[[15,20]]},
	"73037":{"id":73037,"name":"至尊月卡专属","lev":57,"base_items":[[13,2]],"show_items":[[13,1],[44106,0],[44206,0],[44306,0],[44406,0],[43106,0],[43206,0],[43306,0],[43406,0],[44105,0],[44205,0],[44305,0],[44405,0],[43105,0],[43205,0],[43305,0],[43405,0]],"show_id":50001,"month_boss_tag":2,"show_lev":10,"first_items":[],"hook_lose":[[15,20]]},
	"73038":{"id":73038,"name":"至尊月卡专属","lev":58,"base_items":[[13,2]],"show_items":[[13,1],[44106,0],[44206,0],[44306,0],[44406,0],[43106,0],[43206,0],[43306,0],[43406,0],[44105,0],[44205,0],[44305,0],[44405,0],[43105,0],[43205,0],[43305,0],[43405,0]],"show_id":50001,"month_boss_tag":2,"show_lev":10,"first_items":[],"hook_lose":[[15,20]]},
	"73039":{"id":73039,"name":"至尊月卡专属","lev":59,"base_items":[[13,2]],"show_items":[[13,1],[44106,0],[44206,0],[44306,0],[44406,0],[43106,0],[43206,0],[43306,0],[43406,0],[44105,0],[44205,0],[44305,0],[44405,0],[43105,0],[43205,0],[43305,0],[43405,0]],"show_id":50001,"month_boss_tag":2,"show_lev":10,"first_items":[],"hook_lose":[[15,20]]},
	"73040":{"id":73040,"name":"至尊月卡专属","lev":60,"base_items":[[13,2]],"show_items":[[13,1],[44107,0],[44207,0],[44307,0],[44407,0],[43107,0],[43207,0],[43307,0],[43407,0],[44106,0],[44206,0],[44306,0],[44406,0],[43106,0],[43206,0],[43306,0],[43406,0]],"show_id":50001,"month_boss_tag":2,"show_lev":10,"first_items":[],"hook_lose":[[15,20]]},
	"73041":{"id":73041,"name":"至尊月卡专属","lev":61,"base_items":[[13,2]],"show_items":[[13,1],[44107,0],[44207,0],[44307,0],[44407,0],[43107,0],[43207,0],[43307,0],[43407,0],[44106,0],[44206,0],[44306,0],[44406,0],[43106,0],[43206,0],[43306,0],[43406,0]],"show_id":50001,"month_boss_tag":2,"show_lev":10,"first_items":[],"hook_lose":[[15,20]]},
	"73042":{"id":73042,"name":"至尊月卡专属","lev":62,"base_items":[[13,2]],"show_items":[[13,1],[44107,0],[44207,0],[44307,0],[44407,0],[43107,0],[43207,0],[43307,0],[43407,0],[44106,0],[44206,0],[44306,0],[44406,0],[43106,0],[43206,0],[43306,0],[43406,0]],"show_id":50001,"month_boss_tag":2,"show_lev":10,"first_items":[],"hook_lose":[[15,20]]},
	"73043":{"id":73043,"name":"至尊月卡专属","lev":63,"base_items":[[13,2]],"show_items":[[13,1],[44107,0],[44207,0],[44307,0],[44407,0],[43107,0],[43207,0],[43307,0],[43407,0],[44106,0],[44206,0],[44306,0],[44406,0],[43106,0],[43206,0],[43306,0],[43406,0]],"show_id":50001,"month_boss_tag":2,"show_lev":10,"first_items":[],"hook_lose":[[15,20]]},
	"73044":{"id":73044,"name":"至尊月卡专属","lev":64,"base_items":[[13,2]],"show_items":[[13,1],[44107,0],[44207,0],[44307,0],[44407,0],[43107,0],[43207,0],[43307,0],[43407,0],[44106,0],[44206,0],[44306,0],[44406,0],[43106,0],[43206,0],[43306,0],[43406,0]],"show_id":50001,"month_boss_tag":2,"show_lev":10,"first_items":[],"hook_lose":[[15,20]]},
	"73045":{"id":73045,"name":"至尊月卡专属","lev":65,"base_items":[[13,2]],"show_items":[[13,1],[44107,0],[44207,0],[44307,0],[44407,0],[43107,0],[43207,0],[43307,0],[43407,0],[44106,0],[44206,0],[44306,0],[44406,0],[43106,0],[43206,0],[43306,0],[43406,0]],"show_id":50001,"month_boss_tag":2,"show_lev":10,"first_items":[],"hook_lose":[[15,20]]},
	"73046":{"id":73046,"name":"至尊月卡专属","lev":66,"base_items":[[13,2]],"show_items":[[13,1],[44107,0],[44207,0],[44307,0],[44407,0],[43107,0],[43207,0],[43307,0],[43407,0],[44106,0],[44206,0],[44306,0],[44406,0],[43106,0],[43206,0],[43306,0],[43406,0]],"show_id":50001,"month_boss_tag":2,"show_lev":10,"first_items":[],"hook_lose":[[15,20]]},
	"73047":{"id":73047,"name":"至尊月卡专属","lev":67,"base_items":[[13,2]],"show_items":[[13,1],[44107,0],[44207,0],[44307,0],[44407,0],[43107,0],[43207,0],[43307,0],[43407,0],[44106,0],[44206,0],[44306,0],[44406,0],[43106,0],[43206,0],[43306,0],[43406,0]],"show_id":50001,"month_boss_tag":2,"show_lev":10,"first_items":[],"hook_lose":[[15,20]]},
	"73048":{"id":73048,"name":"至尊月卡专属","lev":68,"base_items":[[13,2]],"show_items":[[13,1],[44107,0],[44207,0],[44307,0],[44407,0],[43107,0],[43207,0],[43307,0],[43407,0],[44106,0],[44206,0],[44306,0],[44406,0],[43106,0],[43206,0],[43306,0],[43406,0]],"show_id":50001,"month_boss_tag":2,"show_lev":10,"first_items":[],"hook_lose":[[15,20]]},
	"73049":{"id":73049,"name":"至尊月卡专属","lev":69,"base_items":[[13,2]],"show_items":[[13,1],[44107,0],[44207,0],[44307,0],[44407,0],[43107,0],[43207,0],[43307,0],[43407,0],[44106,0],[44206,0],[44306,0],[44406,0],[43106,0],[43206,0],[43306,0],[43406,0]],"show_id":50001,"month_boss_tag":2,"show_lev":10,"first_items":[],"hook_lose":[[15,20]]},
	"73050":{"id":73050,"name":"至尊月卡专属","lev":70,"base_items":[[13,2]],"show_items":[[13,1],[44108,0],[44208,0],[44308,0],[44408,0],[43108,0],[43208,0],[43308,0],[43408,0],[44107,0],[44207,0],[44307,0],[44407,0],[43107,0],[43207,0],[43307,0],[43407,0]],"show_id":50001,"month_boss_tag":2,"show_lev":10,"first_items":[],"hook_lose":[[15,20]]},
	"73051":{"id":73051,"name":"至尊月卡专属","lev":71,"base_items":[[13,2]],"show_items":[[13,1],[44108,0],[44208,0],[44308,0],[44408,0],[43108,0],[43208,0],[43308,0],[43408,0],[44107,0],[44207,0],[44307,0],[44407,0],[43107,0],[43207,0],[43307,0],[43407,0]],"show_id":50001,"month_boss_tag":2,"show_lev":10,"first_items":[],"hook_lose":[[15,20]]},
	"73052":{"id":73052,"name":"至尊月卡专属","lev":72,"base_items":[[13,2]],"show_items":[[13,1],[44108,0],[44208,0],[44308,0],[44408,0],[43108,0],[43208,0],[43308,0],[43408,0],[44107,0],[44207,0],[44307,0],[44407,0],[43107,0],[43207,0],[43307,0],[43407,0]],"show_id":50001,"month_boss_tag":2,"show_lev":10,"first_items":[],"hook_lose":[[15,20]]},
	"73053":{"id":73053,"name":"至尊月卡专属","lev":73,"base_items":[[13,2]],"show_items":[[13,1],[44108,0],[44208,0],[44308,0],[44408,0],[43108,0],[43208,0],[43308,0],[43408,0],[44107,0],[44207,0],[44307,0],[44407,0],[43107,0],[43207,0],[43307,0],[43407,0]],"show_id":50001,"month_boss_tag":2,"show_lev":10,"first_items":[],"hook_lose":[[15,20]]},
	"73054":{"id":73054,"name":"至尊月卡专属","lev":74,"base_items":[[13,2]],"show_items":[[13,1],[44108,0],[44208,0],[44308,0],[44408,0],[43108,0],[43208,0],[43308,0],[43408,0],[44107,0],[44207,0],[44307,0],[44407,0],[43107,0],[43207,0],[43307,0],[43407,0]],"show_id":50001,"month_boss_tag":2,"show_lev":10,"first_items":[],"hook_lose":[[15,20]]},
	"73055":{"id":73055,"name":"至尊月卡专属","lev":75,"base_items":[[13,2]],"show_items":[[13,1],[44108,0],[44208,0],[44308,0],[44408,0],[43108,0],[43208,0],[43308,0],[43408,0],[44107,0],[44207,0],[44307,0],[44407,0],[43107,0],[43207,0],[43307,0],[43407,0]],"show_id":50001,"month_boss_tag":2,"show_lev":10,"first_items":[],"hook_lose":[[15,20]]},
	"73056":{"id":73056,"name":"至尊月卡专属","lev":76,"base_items":[[13,2]],"show_items":[[13,1],[44108,0],[44208,0],[44308,0],[44408,0],[43108,0],[43208,0],[43308,0],[43408,0],[44107,0],[44207,0],[44307,0],[44407,0],[43107,0],[43207,0],[43307,0],[43407,0]],"show_id":50001,"month_boss_tag":2,"show_lev":10,"first_items":[],"hook_lose":[[15,20]]},
	"73057":{"id":73057,"name":"至尊月卡专属","lev":77,"base_items":[[13,2]],"show_items":[[13,1],[44108,0],[44208,0],[44308,0],[44408,0],[43108,0],[43208,0],[43308,0],[43408,0],[44107,0],[44207,0],[44307,0],[44407,0],[43107,0],[43207,0],[43307,0],[43407,0]],"show_id":50001,"month_boss_tag":2,"show_lev":10,"first_items":[],"hook_lose":[[15,20]]},
	"73058":{"id":73058,"name":"至尊月卡专属","lev":78,"base_items":[[13,2]],"show_items":[[13,1],[44108,0],[44208,0],[44308,0],[44408,0],[43108,0],[43208,0],[43308,0],[43408,0],[44107,0],[44207,0],[44307,0],[44407,0],[43107,0],[43207,0],[43307,0],[43407,0]],"show_id":50001,"month_boss_tag":2,"show_lev":10,"first_items":[],"hook_lose":[[15,20]]},
	"73059":{"id":73059,"name":"至尊月卡专属","lev":79,"base_items":[[13,2]],"show_items":[[13,1],[44108,0],[44208,0],[44308,0],[44408,0],[43108,0],[43208,0],[43308,0],[43408,0],[44107,0],[44207,0],[44307,0],[44407,0],[43107,0],[43207,0],[43307,0],[43407,0]],"show_id":50001,"month_boss_tag":2,"show_lev":10,"first_items":[],"hook_lose":[[15,20]]},
	"73060":{"id":73060,"name":"至尊月卡专属","lev":80,"base_items":[[13,2]],"show_items":[[13,1],[44109,0],[44209,0],[44309,0],[44409,0],[43109,0],[43209,0],[43309,0],[43409,0],[44108,0],[44208,0],[44308,0],[44408,0],[43108,0],[43208,0],[43308,0],[43408,0]],"show_id":50001,"month_boss_tag":2,"show_lev":10,"first_items":[],"hook_lose":[[15,20]]},
	"73061":{"id":73061,"name":"至尊月卡专属","lev":81,"base_items":[[13,2]],"show_items":[[13,1],[44109,0],[44209,0],[44309,0],[44409,0],[43109,0],[43209,0],[43309,0],[43409,0],[44108,0],[44208,0],[44308,0],[44408,0],[43108,0],[43208,0],[43308,0],[43408,0]],"show_id":50001,"month_boss_tag":2,"show_lev":10,"first_items":[],"hook_lose":[[15,20]]},
	"73062":{"id":73062,"name":"至尊月卡专属","lev":82,"base_items":[[13,2]],"show_items":[[13,1],[44109,0],[44209,0],[44309,0],[44409,0],[43109,0],[43209,0],[43309,0],[43409,0],[44108,0],[44208,0],[44308,0],[44408,0],[43108,0],[43208,0],[43308,0],[43408,0]],"show_id":50001,"month_boss_tag":2,"show_lev":10,"first_items":[],"hook_lose":[[15,20]]},
	"73063":{"id":73063,"name":"至尊月卡专属","lev":83,"base_items":[[13,2]],"show_items":[[13,1],[44109,0],[44209,0],[44309,0],[44409,0],[43109,0],[43209,0],[43309,0],[43409,0],[44108,0],[44208,0],[44308,0],[44408,0],[43108,0],[43208,0],[43308,0],[43408,0]],"show_id":50001,"month_boss_tag":2,"show_lev":10,"first_items":[],"hook_lose":[[15,20]]},
	"73064":{"id":73064,"name":"至尊月卡专属","lev":84,"base_items":[[13,2]],"show_items":[[13,1],[44109,0],[44209,0],[44309,0],[44409,0],[43109,0],[43209,0],[43309,0],[43409,0],[44108,0],[44208,0],[44308,0],[44408,0],[43108,0],[43208,0],[43308,0],[43408,0]],"show_id":50001,"month_boss_tag":2,"show_lev":10,"first_items":[],"hook_lose":[[15,20]]},
	"73065":{"id":73065,"name":"至尊月卡专属","lev":85,"base_items":[[13,2]],"show_items":[[13,1],[44109,0],[44209,0],[44309,0],[44409,0],[43109,0],[43209,0],[43309,0],[43409,0],[44108,0],[44208,0],[44308,0],[44408,0],[43108,0],[43208,0],[43308,0],[43408,0]],"show_id":50001,"month_boss_tag":2,"show_lev":10,"first_items":[],"hook_lose":[[15,20]]},
	"73066":{"id":73066,"name":"至尊月卡专属","lev":86,"base_items":[[13,2]],"show_items":[[13,1],[44109,0],[44209,0],[44309,0],[44409,0],[43109,0],[43209,0],[43309,0],[43409,0],[44108,0],[44208,0],[44308,0],[44408,0],[43108,0],[43208,0],[43308,0],[43408,0]],"show_id":50001,"month_boss_tag":2,"show_lev":10,"first_items":[],"hook_lose":[[15,20]]},
	"73067":{"id":73067,"name":"至尊月卡专属","lev":87,"base_items":[[13,2]],"show_items":[[13,1],[44109,0],[44209,0],[44309,0],[44409,0],[43109,0],[43209,0],[43309,0],[43409,0],[44108,0],[44208,0],[44308,0],[44408,0],[43108,0],[43208,0],[43308,0],[43408,0]],"show_id":50001,"month_boss_tag":2,"show_lev":10,"first_items":[],"hook_lose":[[15,20]]},
	"73068":{"id":73068,"name":"至尊月卡专属","lev":88,"base_items":[[13,2]],"show_items":[[13,1],[44109,0],[44209,0],[44309,0],[44409,0],[43109,0],[43209,0],[43309,0],[43409,0],[44108,0],[44208,0],[44308,0],[44408,0],[43108,0],[43208,0],[43308,0],[43408,0]],"show_id":50001,"month_boss_tag":2,"show_lev":10,"first_items":[],"hook_lose":[[15,20]]},
	"73069":{"id":73069,"name":"至尊月卡专属","lev":89,"base_items":[[13,2]],"show_items":[[13,1],[44109,0],[44209,0],[44309,0],[44409,0],[43109,0],[43209,0],[43309,0],[43409,0],[44108,0],[44208,0],[44308,0],[44408,0],[43108,0],[43208,0],[43308,0],[43408,0]],"show_id":50001,"month_boss_tag":2,"show_lev":10,"first_items":[],"hook_lose":[[15,20]]},
	"73070":{"id":73070,"name":"至尊月卡专属","lev":90,"base_items":[[13,2]],"show_items":[[13,1],[44110,0],[44210,0],[44310,0],[44410,0],[43110,0],[43210,0],[43310,0],[43410,0],[44109,0],[44209,0],[44309,0],[44409,0],[43109,0],[43209,0],[43309,0],[43409,0]],"show_id":50001,"month_boss_tag":2,"show_lev":10,"first_items":[],"hook_lose":[[15,20]]},
	"73071":{"id":73071,"name":"至尊月卡专属","lev":91,"base_items":[[13,2]],"show_items":[[13,1],[44110,0],[44210,0],[44310,0],[44410,0],[43110,0],[43210,0],[43310,0],[43410,0],[44109,0],[44209,0],[44309,0],[44409,0],[43109,0],[43209,0],[43309,0],[43409,0]],"show_id":50001,"month_boss_tag":2,"show_lev":10,"first_items":[],"hook_lose":[[15,20]]},
	"73072":{"id":73072,"name":"至尊月卡专属","lev":92,"base_items":[[13,2]],"show_items":[[13,1],[44110,0],[44210,0],[44310,0],[44410,0],[43110,0],[43210,0],[43310,0],[43410,0],[44109,0],[44209,0],[44309,0],[44409,0],[43109,0],[43209,0],[43309,0],[43409,0]],"show_id":50001,"month_boss_tag":2,"show_lev":10,"first_items":[],"hook_lose":[[15,20]]},
	"73073":{"id":73073,"name":"至尊月卡专属","lev":93,"base_items":[[13,2]],"show_items":[[13,1],[44110,0],[44210,0],[44310,0],[44410,0],[43110,0],[43210,0],[43310,0],[43410,0],[44109,0],[44209,0],[44309,0],[44409,0],[43109,0],[43209,0],[43309,0],[43409,0]],"show_id":50001,"month_boss_tag":2,"show_lev":10,"first_items":[],"hook_lose":[[15,20]]},
	"73074":{"id":73074,"name":"至尊月卡专属","lev":94,"base_items":[[13,2]],"show_items":[[13,1],[44110,0],[44210,0],[44310,0],[44410,0],[43110,0],[43210,0],[43310,0],[43410,0],[44109,0],[44209,0],[44309,0],[44409,0],[43109,0],[43209,0],[43309,0],[43409,0]],"show_id":50001,"month_boss_tag":2,"show_lev":10,"first_items":[],"hook_lose":[[15,20]]},
	"73075":{"id":73075,"name":"至尊月卡专属","lev":95,"base_items":[[13,2]],"show_items":[[13,1],[44110,0],[44210,0],[44310,0],[44410,0],[43110,0],[43210,0],[43310,0],[43410,0],[44109,0],[44209,0],[44309,0],[44409,0],[43109,0],[43209,0],[43309,0],[43409,0]],"show_id":50001,"month_boss_tag":2,"show_lev":10,"first_items":[],"hook_lose":[[15,20]]},
	"73076":{"id":73076,"name":"至尊月卡专属","lev":96,"base_items":[[13,2]],"show_items":[[13,1],[44110,0],[44210,0],[44310,0],[44410,0],[43110,0],[43210,0],[43310,0],[43410,0],[44109,0],[44209,0],[44309,0],[44409,0],[43109,0],[43209,0],[43309,0],[43409,0]],"show_id":50001,"month_boss_tag":2,"show_lev":10,"first_items":[],"hook_lose":[[15,20]]},
	"73077":{"id":73077,"name":"至尊月卡专属","lev":97,"base_items":[[13,2]],"show_items":[[13,1],[44110,0],[44210,0],[44310,0],[44410,0],[43110,0],[43210,0],[43310,0],[43410,0],[44109,0],[44209,0],[44309,0],[44409,0],[43109,0],[43209,0],[43309,0],[43409,0]],"show_id":50001,"month_boss_tag":2,"show_lev":10,"first_items":[],"hook_lose":[[15,20]]},
	"73078":{"id":73078,"name":"至尊月卡专属","lev":98,"base_items":[[13,2]],"show_items":[[13,1],[44110,0],[44210,0],[44310,0],[44410,0],[43110,0],[43210,0],[43310,0],[43410,0],[44109,0],[44209,0],[44309,0],[44409,0],[43109,0],[43209,0],[43309,0],[43409,0]],"show_id":50001,"month_boss_tag":2,"show_lev":10,"first_items":[],"hook_lose":[[15,20]]},
	"73079":{"id":73079,"name":"至尊月卡专属","lev":99,"base_items":[[13,2]],"show_items":[[13,1],[44110,0],[44210,0],[44310,0],[44410,0],[43110,0],[43210,0],[43310,0],[43410,0],[44109,0],[44209,0],[44309,0],[44409,0],[43109,0],[43209,0],[43309,0],[43409,0]],"show_id":50001,"month_boss_tag":2,"show_lev":10,"first_items":[],"hook_lose":[[15,20]]},
	"73080":{"id":73080,"name":"至尊月卡专属","lev":100,"base_items":[[13,2]],"show_items":[[13,1],[44110,0],[44210,0],[44310,0],[44410,0],[43110,0],[43210,0],[43310,0],[43410,0],[44109,0],[44209,0],[44309,0],[44409,0],[43109,0],[43209,0],[43309,0],[43409,0]],"show_id":50001,"month_boss_tag":2,"show_lev":10,"first_items":[],"hook_lose":[[15,20]]}
},
"data_world_boss_length" : 9,
"data_world_boss" : {
	"70011":{"id":70011,"name":"阴影源头","lev":20,"ref_item_num":1,"base_items":[[13,1]],"show_items":[[44103,0],[44203,0],[44303,0],[44403,0],[13,0],[44102,0],[44202,0],[44302,0],[44402,0],[43103,0],[43203,0],[43303,0],[43403,0],[43102,0],[43202,0],[43302,0],[43402,0]],"show_id":21009,"show_gain_items":[[13,1]]},
	"70012":{"id":70012,"name":"深海三叉戟","lev":30,"ref_item_num":1,"base_items":[[13,1]],"show_items":[[44104,0],[44204,0],[44304,0],[44404,0],[13,0],[44103,0],[44203,0],[44303,0],[44403,0],[43104,0],[43204,0],[43304,0],[43404,0],[43103,0],[43203,0],[43303,0],[43403,0]],"show_id":20003,"show_gain_items":[[13,1]]},
	"70013":{"id":70013,"name":"八脚马的主人","lev":40,"ref_item_num":1,"base_items":[[13,2]],"show_items":[[44105,0],[44205,0],[44305,0],[44405,0],[13,0],[44104,0],[44204,0],[44304,0],[44404,0],[43105,0],[43205,0],[43305,0],[43405,0],[43104,0],[43204,0],[43304,0],[43404,0]],"show_id":10003,"show_gain_items":[[13,2]]},
	"70014":{"id":70014,"name":"冰冠王者","lev":50,"ref_item_num":1,"base_items":[[13,3]],"show_items":[[44106,0],[44206,0],[44306,0],[44406,0],[13,0],[44105,0],[44205,0],[44305,0],[44405,0],[43106,0],[43206,0],[43306,0],[43406,0],[43105,0],[43205,0],[43305,0],[43405,0]],"show_id":20009,"show_gain_items":[[13,3]]},
	"70015":{"id":70015,"name":"火山霸主","lev":60,"ref_item_num":1,"base_items":[[13,3]],"show_items":[[44107,0],[44207,0],[44307,0],[44407,0],[13,0],[44106,0],[44206,0],[44306,0],[44406,0],[43107,0],[43207,0],[43307,0],[43407,0],[43106,0],[43206,0],[43306,0],[43406,0]],"show_id":20007,"show_gain_items":[[13,3]]},
	"70016":{"id":70016,"name":"地狱追捕者","lev":70,"ref_item_num":1,"base_items":[[13,4]],"show_items":[[44108,0],[44208,0],[44308,0],[44408,0],[13,0],[44107,0],[44207,0],[44307,0],[44407,0],[43108,0],[43208,0],[43308,0],[43408,0],[43107,0],[43207,0],[43307,0],[43407,0]],"show_id":21006,"show_gain_items":[[13,4]]},
	"70017":{"id":70017,"name":"红剑三倍速","lev":80,"ref_item_num":1,"base_items":[[13,5]],"show_items":[[44109,0],[44209,0],[44309,0],[44409,0],[13,0],[44108,0],[44208,0],[44308,0],[44408,0],[43109,0],[43209,0],[43309,0],[43409,0],[43108,0],[43208,0],[43308,0],[43408,0]],"show_id":20006,"show_gain_items":[[13,5]]},
	"70018":{"id":70018,"name":"大罪掌握者","lev":90,"ref_item_num":1,"base_items":[[13,5]],"show_items":[[44110,0],[44210,0],[44310,0],[44410,0],[13,0],[44109,0],[44209,0],[44309,0],[44409,0],[43110,0],[43210,0],[43310,0],[43410,0],[43109,0],[43209,0],[43309,0],[43409,0]],"show_id":20002,"show_gain_items":[[13,5]]},
	"70019":{"id":70019,"name":"混沌之翼","lev":100,"ref_item_num":1,"base_items":[[13,6]],"show_items":[[44110,0],[44210,0],[44310,0],[44410,0],[13,0],[43110,0],[43210,0],[43310,0],[43410,0]],"show_id":21005,"show_gain_items":[[13,6]]}
},
"data_limit_buy_length" : 20,
"data_limit_buy" : {
	"1":{"num":1,"vip":0,"cost":20},
	"2":{"num":2,"vip":1,"cost":20},
	"3":{"num":3,"vip":1,"cost":20},
	"4":{"num":4,"vip":2,"cost":20},
	"5":{"num":5,"vip":3,"cost":30},
	"6":{"num":6,"vip":4,"cost":30},
	"7":{"num":7,"vip":4,"cost":30},
	"8":{"num":8,"vip":5,"cost":35},
	"9":{"num":9,"vip":5,"cost":35},
	"10":{"num":10,"vip":6,"cost":40},
	"11":{"num":11,"vip":7,"cost":40},
	"12":{"num":12,"vip":8,"cost":50},
	"13":{"num":13,"vip":9,"cost":50},
	"14":{"num":14,"vip":10,"cost":60},
	"15":{"num":15,"vip":11,"cost":60},
	"16":{"num":16,"vip":12,"cost":70},
	"17":{"num":17,"vip":13,"cost":70},
	"18":{"num":18,"vip":14,"cost":80},
	"19":{"num":19,"vip":15,"cost":80},
	"20":{"num":20,"vip":15,"cost":90}
}
}