{"data_fight_list_length" : 28,
"data_fight_list" : {
	"1":{"type":1,"des":"测试战斗","can_revive":"false","max_partner_num":5,"revive_count":0,"can_add_hp":"true","max_time":0,"max_action_count":30,"is_pvp":0,"action_time":0,"is_use_balance_mode":0,"need_enter_combat":0,"is_skip":0,"start_effect":"E51145","per_speed":0},
	"2":{"type":2,"des":"竞技场","can_revive":"false","max_partner_num":5,"revive_count":0,"can_add_hp":"false","max_time":600,"max_action_count":20,"is_pvp":0,"action_time":0,"is_use_balance_mode":2,"need_enter_combat":0,"is_skip":"true","start_effect":"E51147","per_speed":0},
	"3":{"type":3,"des":"剧情副本","can_revive":"false","max_partner_num":5,"revive_count":0,"can_add_hp":"true","max_time":0,"max_action_count":15,"is_pvp":0,"action_time":0,"is_use_balance_mode":0,"need_enter_combat":0,"is_skip":0,"start_effect":"E51145","per_speed":0},
	"4":{"type":4,"des":"BOSS","can_revive":"false","max_partner_num":5,"revive_count":0,"can_add_hp":"true","max_time":0,"max_action_count":20,"is_pvp":0,"action_time":0,"is_use_balance_mode":0,"need_enter_combat":0,"is_skip":0,"start_effect":"E51145","per_speed":0},
	"5":{"type":5,"des":"世界BOSS","can_revive":"false","max_partner_num":5,"revive_count":0,"can_add_hp":"true","max_time":0,"max_action_count":10,"is_pvp":0,"action_time":0,"is_use_balance_mode":0,"need_enter_combat":0,"is_skip":"true","start_effect":"E51145","per_speed":0},
	"6":{"type":6,"des":"神界冒险","can_revive":"false","max_partner_num":5,"revive_count":0,"can_add_hp":"true","max_time":0,"max_action_count":15,"is_pvp":0,"action_time":0,"is_use_balance_mode":0,"need_enter_combat":0,"is_skip":"true","start_effect":"E51145","per_speed":0},
	"7":{"type":7,"des":"星命塔","can_revive":"false","max_partner_num":5,"revive_count":0,"can_add_hp":"true","max_time":0,"max_action_count":15,"is_pvp":0,"action_time":0,"is_use_balance_mode":0,"need_enter_combat":0,"is_skip":0,"start_effect":"E51145","per_speed":0},
	"8":{"type":8,"des":"切磋","can_revive":"false","max_partner_num":5,"revive_count":0,"can_add_hp":"true","max_time":0,"max_action_count":30,"is_pvp":0,"action_time":0,"is_use_balance_mode":2,"need_enter_combat":0,"is_skip":0,"start_effect":"E51147","per_speed":0},
	"9":{"type":9,"des":"帮会副本","can_revive":"false","max_partner_num":5,"revive_count":0,"can_add_hp":"true","max_time":0,"max_action_count":5,"is_pvp":0,"action_time":0,"is_use_balance_mode":0,"need_enter_combat":0,"is_skip":0,"start_effect":"E51145","per_speed":0},
	"10":{"type":10,"des":"冠军赛","can_revive":"false","max_partner_num":5,"revive_count":0,"can_add_hp":"true","max_time":0,"max_action_count":30,"is_pvp":0,"action_time":0,"is_use_balance_mode":2,"need_enter_combat":0,"is_skip":0,"start_effect":"E51147","per_speed":0},
	"11":{"type":11,"des":"无尽试炼","can_revive":"false","max_partner_num":5,"revive_count":0,"can_add_hp":"false","max_time":0,"max_action_count":10,"is_pvp":0,"action_time":0,"is_use_balance_mode":0,"need_enter_combat":0,"is_skip":0,"start_effect":"E51147","per_speed":0},
	"12":{"type":12,"des":"活动BOSS","can_revive":"false","max_partner_num":5,"revive_count":0,"can_add_hp":"true","max_time":0,"max_action_count":10,"is_pvp":0,"action_time":0,"is_use_balance_mode":0,"need_enter_combat":0,"is_skip":"true","start_effect":"E51145","per_speed":0},
	"13":{"type":13,"des":"萌兽夺宝","can_revive":"false","max_partner_num":5,"revive_count":0,"can_add_hp":"true","max_time":0,"max_action_count":10,"is_pvp":0,"action_time":0,"is_use_balance_mode":0,"need_enter_combat":0,"is_skip":0,"start_effect":"E51145","per_speed":0},
	"14":{"type":14,"des":"宝石副本","can_revive":"false","max_partner_num":5,"revive_count":0,"can_add_hp":"true","max_time":0,"max_action_count":10,"is_pvp":0,"action_time":0,"is_use_balance_mode":0,"need_enter_combat":0,"is_skip":0,"start_effect":"E51145","per_speed":0},
	"15":{"type":15,"des":"众神战场","can_revive":"false","max_partner_num":5,"revive_count":0,"can_add_hp":"true","max_time":0,"max_action_count":30,"is_pvp":1,"action_time":0,"is_use_balance_mode":0,"need_enter_combat":0,"is_skip":0,"start_effect":"E51147","per_speed":0},
	"16":{"type":16,"des":"帮会战","can_revive":"false","max_partner_num":5,"revive_count":0,"can_add_hp":"true","max_time":0,"max_action_count":30,"is_pvp":1,"action_time":0,"is_use_balance_mode":0,"need_enter_combat":0,"is_skip":0,"start_effect":"E51147","per_speed":0},
	"17":{"type":17,"des":"星河神殿","can_revive":"false","max_partner_num":5,"revive_count":0,"can_add_hp":"true","max_time":0,"max_action_count":10,"is_pvp":0,"action_time":0,"is_use_balance_mode":0,"need_enter_combat":0,"is_skip":0,"start_effect":"E51147","per_speed":0},
	"18":{"type":18,"des":"跨服天梯","can_revive":"false","max_partner_num":5,"revive_count":0,"can_add_hp":"true","max_time":0,"max_action_count":20,"is_pvp":0,"action_time":0,"is_use_balance_mode":2,"need_enter_combat":0,"is_skip":0,"start_effect":"E51147","per_speed":0},
	"19":{"type":19,"des":"金币副本","can_revive":"false","max_partner_num":5,"revive_count":0,"can_add_hp":"true","max_time":0,"max_action_count":10,"is_pvp":0,"action_time":0,"is_use_balance_mode":0,"need_enter_combat":0,"is_skip":0,"start_effect":"E51145","per_speed":0},
	"20":{"type":20,"des":"英雄碎片副本","can_revive":"false","max_partner_num":5,"revive_count":0,"can_add_hp":"true","max_time":0,"max_action_count":10,"is_pvp":0,"action_time":0,"is_use_balance_mode":0,"need_enter_combat":0,"is_skip":0,"start_effect":"E51145","per_speed":0},
	"21":{"type":21,"des":"英雄远征","can_revive":"false","max_partner_num":5,"revive_count":0,"can_add_hp":"true","max_time":0,"max_action_count":15,"is_pvp":0,"action_time":0,"is_use_balance_mode":0,"need_enter_combat":0,"is_skip":0,"start_effect":"E51147","per_speed":0},
	"22":{"type":22,"des":"元宵活动BOSS","can_revive":"false","max_partner_num":5,"revive_count":0,"can_add_hp":"true","max_time":0,"max_action_count":15,"is_pvp":0,"action_time":0,"is_use_balance_mode":0,"need_enter_combat":0,"is_skip":0,"start_effect":"E51145","per_speed":0},
	"23":{"type":23,"des":"精英段位赛_常规赛","can_revive":"false","max_partner_num":5,"revive_count":0,"can_add_hp":"true","max_time":0,"max_action_count":15,"is_pvp":1,"action_time":0,"is_use_balance_mode":2,"need_enter_combat":0,"is_skip":0,"start_effect":"E51147","per_speed":0},
	"24":{"type":24,"des":"精英段位赛_王者赛","can_revive":"false","max_partner_num":5,"revive_count":0,"can_add_hp":"true","max_time":0,"max_action_count":15,"is_pvp":1,"action_time":0,"is_use_balance_mode":2,"need_enter_combat":0,"is_skip":0,"start_effect":"E51147","per_speed":0},
	"25":{"type":25,"des":"元素神殿","can_revive":"false","max_partner_num":5,"revive_count":0,"can_add_hp":"true","max_time":0,"max_action_count":15,"is_pvp":0,"action_time":0,"is_use_balance_mode":0,"need_enter_combat":0,"is_skip":0,"start_effect":"E51145","per_speed":0},
	"26":{"type":26,"des":"英雄试玩","can_revive":"false","max_partner_num":5,"revive_count":0,"can_add_hp":"true","max_time":0,"max_action_count":15,"is_pvp":0,"action_time":0,"is_use_balance_mode":0,"need_enter_combat":0,"is_skip":0,"start_effect":"E51145","per_speed":0},
	"27":{"type":27,"des":"天界副本","can_revive":"false","max_partner_num":5,"revive_count":0,"can_add_hp":"true","max_time":0,"max_action_count":15,"is_pvp":0,"action_time":0,"is_use_balance_mode":0,"need_enter_combat":0,"is_skip":0,"start_effect":"E51145","per_speed":0},
	"28":{"type":28,"des":"跨服竞技场","can_revive":"false","max_partner_num":5,"revive_count":0,"can_add_hp":"true","max_time":0,"max_action_count":15,"is_pvp":0,"action_time":0,"is_use_balance_mode":2,"need_enter_combat":0,"is_skip":"true","start_effect":"E51147","per_speed":0}
},
"data_blance_fight_mode_length" : 3,
"data_blance_fight_mode" : {"1":{"11":[{"type":1,"action_count":11,"desc":"天平模式开启，全体伤害+3%"}],
"12":[{"type":1,"action_count":12,"desc":"天平模式开启，全体伤害+6%"}],
"13":[{"type":1,"action_count":13,"desc":"天平模式开启，全体伤害+9%"}],
"14":[{"type":1,"action_count":14,"desc":"天平模式开启，全体伤害+12%"}],
"15":[{"type":1,"action_count":15,"desc":"天平模式开启，全体伤害+15%"}],
"16":[{"type":1,"action_count":16,"desc":"天平模式开启，全体伤害+18%"}],
"17":[{"type":1,"action_count":17,"desc":"天平模式开启，全体伤害+21%"}],
"18":[{"type":1,"action_count":18,"desc":"天平模式开启，全体伤害+24%"}],
"19":[{"type":1,"action_count":19,"desc":"天平模式开启，全体伤害+27%"}],
"20":[{"type":1,"action_count":20,"desc":"天平模式开启，全体伤害+30%"}],
"21":[{"type":1,"action_count":21,"desc":"天平模式开启，全体伤害+35%"}],
"22":[{"type":1,"action_count":22,"desc":"天平模式开启，全体伤害+40%"}],
"23":[{"type":1,"action_count":23,"desc":"天平模式开启，全体伤害+45%"}],
"24":[{"type":1,"action_count":24,"desc":"天平模式开启，全体伤害+50%"}],
"25":[{"type":1,"action_count":25,"desc":"天平模式开启，全体伤害+55%"}],
"26":[{"type":1,"action_count":26,"desc":"天平模式开启，全体伤害+60%"}],
"27":[{"type":1,"action_count":27,"desc":"天平模式开启，全体伤害+65%"}],
"28":[{"type":1,"action_count":28,"desc":"天平模式开启，全体伤害+70%"}],
"29":[{"type":1,"action_count":29,"desc":"天平模式开启，全体伤害+75%"}],
"30":[{"type":1,"action_count":30,"desc":"天平模式开启，全体伤害+80%"}]
},
"2":{"11":[{"type":2,"action_count":11,"desc":"天平模式开启，全体免伤-5%"}],
"12":[{"type":2,"action_count":12,"desc":"天平模式开启，全体免伤-10%"}],
"13":[{"type":2,"action_count":13,"desc":"天平模式开启，全体免伤-15%"}],
"14":[{"type":2,"action_count":14,"desc":"天平模式开启，全体免伤-20%"}],
"15":[{"type":2,"action_count":15,"desc":"天平模式开启，全体免伤-25%"}],
"16":[{"type":2,"action_count":16,"desc":"天平模式开启，全体免伤-30%"}],
"17":[{"type":2,"action_count":17,"desc":"天平模式开启，全体免伤-35%"}],
"18":[{"type":2,"action_count":18,"desc":"天平模式开启，全体免伤-40%"}],
"19":[{"type":2,"action_count":19,"desc":"天平模式开启，全体免伤-45%"}],
"20":[{"type":2,"action_count":20,"desc":"天平模式开启，全体免伤-50%"}],
"21":[{"type":2,"action_count":21,"desc":"天平模式开启，全体免伤-55%"}],
"22":[{"type":2,"action_count":22,"desc":"天平模式开启，全体免伤-60%"}],
"23":[{"type":2,"action_count":23,"desc":"天平模式开启，全体免伤-65%"}],
"24":[{"type":2,"action_count":24,"desc":"天平模式开启，全体免伤-70%"}],
"25":[{"type":2,"action_count":25,"desc":"天平模式开启，全体免伤-75%"}],
"26":[{"type":2,"action_count":26,"desc":"天平模式开启，全体免伤-80%"}],
"27":[{"type":2,"action_count":27,"desc":"天平模式开启，全体免伤-85%"}],
"28":[{"type":2,"action_count":28,"desc":"天平模式开启，全体免伤-90%"}],
"29":[{"type":2,"action_count":29,"desc":"天平模式开启，全体免伤-95%"}],
"30":[{"type":2,"action_count":30,"desc":"天平模式开启，全体免伤-100%"}]
},
"3":{"1":[{"type":3,"action_count":1,"desc":"全体被治疗效果-10%"}],
"2":[{"type":3,"action_count":2,"desc":"全体被治疗效果-10%,伤害+10%"}],
"3":[{"type":3,"action_count":3,"desc":"全体被治疗效果-20%,伤害+20%"}],
"4":[{"type":3,"action_count":4,"desc":"全体被治疗效果-30%,伤害+30%"}],
"5":[{"type":3,"action_count":5,"desc":"全体被治疗效果-40%,伤害+40%"}],
"6":[{"type":3,"action_count":6,"desc":"全体被治疗效果-50%,伤害+60%"}],
"7":[{"type":3,"action_count":7,"desc":"全体被治疗效果-60%,伤害+80%"}],
"8":[{"type":3,"action_count":8,"desc":"全体被治疗效果-70%,伤害+100%"}]
}
},
"data_const_length" : 2,
"data_const" : {
	"pk_agree_timeout":{"key":"pk_agree_timeout","val":180,"desc":"切磋请求超时时间"},
	"pk_req_timeout":{"key":"pk_req_timeout","val":180,"desc":"发出切磋冷却时间"}
},
"data_combat_speed_length" : 2,
"data_combat_speed" : {
	"1":{"speed":1,"limit_lev":1,"limit_vip_lev":0},
	"2":{"speed":2,"limit_lev":1,"limit_vip_lev":0}
}
}