{"data_shop_exchage_cost_length" : 27,
"data_shop_exchage_cost" : {
	"open_gold_lev":{"key":"open_gold_lev","val":1,"desc":"尚未解锁道具商城"},
	"open_guild_lev":{"key":"open_guild_lev","val":1,"desc":"尚未加入公会"},
	"open_point_lev":{"key":"open_point_lev","val":1,"desc":"尚未解锁积分商城"},
	"open_secret_lev":{"key":"open_secret_lev","val":1,"desc":"尚未解锁杂货店"},
	"open_arena_cent_lev":{"key":"open_arena_cent_lev","val":1,"desc":"尚未解锁竞技场"},
	"open_god_point_lev":{"key":"open_god_point_lev","val":1,"desc":"20关开启Boss"},
	"open_hero_soul_lev":{"key":"open_hero_soul_lev","val":1,"desc":"尚未解锁神格商城"},
	"open_guess_point_lev":{"key":"open_guess_point_lev","val":1,"desc":"尚未解锁竞技场"},
	"mall_def":{"key":"mall_def","val":6,"desc":"杂货店格子数"},
	"cost_item":{"key":"cost_item","val":10101,"desc":"神秘刷新券"},
	"exchange_limit_lev":{"key":"exchange_limit_lev","val":1,"desc":"商城等级限制"},
	"soul_def":{"key":"soul_def","val":11,"desc":"英雄商城"},
	"treasure_time":{"key":"treasure_time","val":[[0,0,0]],"desc":"探宝商城刷新时间"},
	"hero_soul_instruction":{"key":"hero_soul_instruction","val":0,"desc":"当前所有商品买完后将会自动刷新"},
	"star_instruction":{"key":"star_instruction","val":0,"desc":"当前所有商品买完后将会自动刷新"},
	"secret_instruction":{"key":"secret_instruction","val":0,"desc":"当前所有商品买完后将会自动刷新"},
	"guess_instruction":{"key":"guess_instruction","val":0,"desc":"当前所有商品买完后将会自动刷新"},
	"soul_reset_cost":{"key":"soul_reset_cost","val":[[11,5000]],"desc":"神格商店充值消耗"},
	"max_free_times":{"key":"max_free_times","val":5,"desc":"杂货店免费次数上限"},
	"number_recovery":{"key":"number_recovery","val":7200,"desc":"杂货店单次恢复时间（秒）"},
	"maximum_number":{"key":"maximum_number","val":100,"desc":"杂货店刷新次数上限"},
	"treasure_plaid":{"key":"treasure_plaid","val":8,"desc":"探宝格子数"},
	"skill_refresh_number":{"key":"skill_refresh_number","val":20,"desc":"技能商店刷新次数上限"},
	"skill_refresh_time":{"key":"skill_refresh_time","val":[[0,0,0]],"desc":"技能商店免费次数刷新时间"},
	"skill_refresh_free":{"key":"skill_refresh_free","val":3,"desc":"技能商店每日免费刷新次数"},
	"open_skill_lev":{"key":"open_skill_lev","val":1,"desc":"尚未解锁技能商城"},
	"skill_recovery":{"key":"skill_recovery","val":28800,"desc":"技能商店免费次数恢复时间"}
},
"data_shop_list_length" : 13,
"data_shop_list" : {
	"1":{"id":1,"name":"道具商城","subtype":[],"cost_list":[],"item_bid":3,"login_red":[],"limit":[]},
	"2":{"id":2,"name":"英雄商城","subtype":[],"cost_list":[[11,5000]],"item_bid":11,"login_red":[],"limit":[]},
	"3":{"id":3,"name":"积分商城","subtype":[8,6,5,16,17],"cost_list":[],"item_bid":0,"login_red":[],"limit":[]},
	"4":{"id":4,"name":"杂货店","subtype":[],"cost_list":[[3,20]],"item_bid":3,"login_red":[],"limit":[]},
	"5":{"id":5,"name":"公会","subtype":[],"cost_list":[],"item_bid":10,"login_red":[],"limit":[]},
	"6":{"id":6,"name":"竞技","subtype":[],"cost_list":[],"item_bid":8,"login_red":[],"limit":[]},
	"8":{"id":8,"name":"远征","subtype":[],"cost_list":[],"item_bid":25,"login_red":[],"limit":[]},
	"9":{"id":9,"name":"技能商城","subtype":[],"cost_list":[[10450,200]],"item_bid":10450,"login_red":[],"limit":[]},
	"16":{"id":16,"name":"探宝","subtype":[],"cost_list":[[18,50]],"item_bid":18,"login_red":[],"limit":[]},
	"17":{"id":17,"name":"段位","subtype":[],"cost_list":[],"item_bid":27,"login_red":[],"limit":[]},
	"30":{"id":30,"name":"跨服天梯","subtype":[],"cost_list":[],"item_bid":21,"login_red":[],"limit":[]},
	"31":{"id":31,"name":"先知商店","subtype":[],"cost_list":[],"item_bid":24,"login_red":[],"limit":[]},
	"28":{"id":28,"name":"神装商店","subtype":[],"cost_list":[],"item_bid":28,"login_red":[],"limit":[]}
},
"data_shop_exchage_gold_length" : 8,
"data_shop_exchage_gold" : {
	"1":{"type":1,"id":1001,"order":1,"item_bid":10103,"item_name":"竞技挑战券","item_num":1,"bind":1,"pay_type":"gold","price":20,"limit_vip":0,"limit_day":5,"limit_week":0,"limit_month":0,"lev":[0,0],"is_partner":0,"icon":0,"label":7,"discount":14},
	"2":{"type":1,"id":1002,"order":2,"item_bid":14002,"item_name":"先知精华","item_num":20,"bind":1,"pay_type":"gold","price":200,"limit_vip":0,"limit_day":5,"limit_week":0,"limit_month":0,"lev":[0,0],"is_partner":0,"icon":0,"label":7,"discount":140},
	"3":{"type":1,"id":1003,"order":3,"item_bid":14002,"item_name":"先知精华","item_num":100,"bind":1,"pay_type":"gold","price":1000,"limit_vip":0,"limit_day":1,"limit_week":0,"limit_month":0,"lev":[0,0],"is_partner":0,"icon":0,"label":8,"discount":800},
	"4":{"type":1,"id":1004,"order":4,"item_bid":29905,"item_name":"5星随机碎片","item_num":1,"bind":1,"pay_type":"gold","price":100,"limit_vip":0,"limit_day":5,"limit_week":0,"limit_month":0,"lev":[0,0],"is_partner":0,"icon":0,"label":6,"discount":60},
	"5":{"type":1,"id":1005,"order":5,"item_bid":10403,"item_name":"高级召唤卷","item_num":1,"bind":1,"pay_type":"gold","price":250,"limit_vip":2,"limit_day":1,"limit_week":0,"limit_month":0,"lev":[0,0],"is_partner":0,"icon":0,"label":1,"discount":25},
	"6":{"type":1,"id":1006,"order":6,"item_bid":14001,"item_name":"先知水晶","item_num":1,"bind":1,"pay_type":"gold","price":2500,"limit_vip":0,"limit_day":2,"limit_week":0,"limit_month":0,"lev":[0,0],"is_partner":0,"icon":0,"label":4,"discount":1000},
	"7":{"type":1,"id":1007,"order":7,"item_bid":10450,"item_name":"符文精华","item_num":1000,"bind":1,"pay_type":"gold","price":1000,"limit_vip":0,"limit_day":1,"limit_week":0,"limit_month":0,"lev":[0,0],"is_partner":0,"icon":0,"label":8,"discount":800},
	"8":{"type":1,"id":1008,"order":8,"item_bid":37002,"item_name":"高级寻宝券","item_num":1,"bind":1,"pay_type":"gold","price":1000,"limit_vip":0,"limit_day":1,"limit_week":0,"limit_month":0,"lev":[0,0],"is_partner":0,"icon":0,"label":6,"discount":600}
},
"data_shop_exchage_guild_length" : 14,
"data_shop_exchage_guild" : {
	"1":{"type":5,"id":5001,"order":1,"item_bid":26801,"item_name":"亡灵收割者碎片","item_num":30,"bind":1,"pay_type":"guild","price":1500,"limit_day":0,"limit_week":2,"limit_month":0,"lev":[0,0],"glev":0,"is_partner":0,"icon":0,"label":0,"discount":0},
	"2":{"type":5,"id":5002,"order":2,"item_bid":24802,"item_name":"水元素碎片","item_num":30,"bind":1,"pay_type":"guild","price":1500,"limit_day":0,"limit_week":2,"limit_month":0,"lev":[0,0],"glev":0,"is_partner":0,"icon":0,"label":0,"discount":0},
	"3":{"type":5,"id":5003,"order":3,"item_bid":25804,"item_name":"翼女碎片","item_num":30,"bind":1,"pay_type":"guild","price":1500,"limit_day":0,"limit_week":2,"limit_month":0,"lev":[0,0],"glev":0,"is_partner":0,"icon":0,"label":0,"discount":0},
	"4":{"type":5,"id":5004,"order":4,"item_bid":27800,"item_name":"光明牧师碎片","item_num":30,"bind":1,"pay_type":"guild","price":2000,"limit_day":0,"limit_week":2,"limit_month":0,"lev":[0,0],"glev":0,"is_partner":0,"icon":0,"label":0,"discount":0},
	"5":{"type":5,"id":5005,"order":5,"item_bid":28801,"item_name":"死亡骑士碎片","item_num":30,"bind":1,"pay_type":"guild","price":2000,"limit_day":0,"limit_week":2,"limit_month":0,"lev":[0,0],"glev":0,"is_partner":0,"icon":0,"label":0,"discount":0},
	"6":{"type":5,"id":5006,"order":6,"item_bid":24904,"item_name":"波塞冬碎片","item_num":50,"bind":1,"pay_type":"guild","price":15000,"limit_day":0,"limit_week":1,"limit_month":0,"lev":3,"glev":0,"is_partner":0,"icon":0,"label":0,"discount":0},
	"7":{"type":5,"id":5007,"order":7,"item_bid":25904,"item_name":"阿波罗碎片","item_num":50,"bind":1,"pay_type":"guild","price":15000,"limit_day":0,"limit_week":1,"limit_month":0,"lev":3,"glev":0,"is_partner":0,"icon":0,"label":0,"discount":0},
	"8":{"type":5,"id":5008,"order":8,"item_bid":26904,"item_name":"美杜莎碎片","item_num":50,"bind":1,"pay_type":"guild","price":15000,"limit_day":0,"limit_week":1,"limit_month":0,"lev":3,"glev":0,"is_partner":0,"icon":0,"label":0,"discount":0},
	"9":{"type":5,"id":5009,"order":9,"item_bid":29905,"item_name":"5星随机英雄碎片","item_num":10,"bind":1,"pay_type":"guild","price":2500,"limit_day":0,"limit_week":1,"limit_month":0,"lev":4,"glev":0,"is_partner":0,"icon":0,"label":0,"discount":0},
	"10":{"type":5,"id":5010,"order":10,"item_bid":40114,"item_name":"灵犀短刃","item_num":1,"bind":1,"pay_type":"guild","price":20000,"limit_day":0,"limit_week":1,"limit_month":0,"lev":5,"glev":0,"is_partner":0,"icon":0,"label":0,"discount":0},
	"11":{"type":5,"id":5011,"order":11,"item_bid":40214,"item_name":"灵犀护甲","item_num":1,"bind":1,"pay_type":"guild","price":20000,"limit_day":0,"limit_week":1,"limit_month":0,"lev":5,"glev":0,"is_partner":0,"icon":0,"label":0,"discount":0},
	"12":{"type":5,"id":5012,"order":12,"item_bid":40314,"item_name":"灵犀头盔","item_num":1,"bind":1,"pay_type":"guild","price":20000,"limit_day":0,"limit_week":1,"limit_month":0,"lev":5,"glev":0,"is_partner":0,"icon":0,"label":0,"discount":0},
	"13":{"type":5,"id":5013,"order":13,"item_bid":40414,"item_name":"灵犀战靴","item_num":1,"bind":1,"pay_type":"guild","price":20000,"limit_day":0,"limit_week":1,"limit_month":0,"lev":5,"glev":0,"is_partner":0,"icon":0,"label":0,"discount":0},
	"14":{"type":5,"id":5014,"order":14,"item_bid":10452,"item_name":"月亮符文","item_num":1,"bind":1,"pay_type":"guild","price":2500,"limit_day":0,"limit_week":2,"limit_month":0,"lev":6,"glev":0,"is_partner":0,"icon":0,"label":0,"discount":0}
},
"data_shop_exchage_arena_length" : 10,
"data_shop_exchage_arena" : {
	"1":{"type":6,"id":6001,"order":1,"item_bid":29404,"item_name":"4星光明英雄碎片","item_num":10,"bind":1,"pay_type":"arena_cent","price":1000,"limit_vip":0,"limit_day":0,"limit_week":0,"limit_month":0,"lev":[1,999],"is_partner":0,"icon":0,"label":0,"discount":0},
	"2":{"type":6,"id":6002,"order":2,"item_bid":29504,"item_name":"4星黑暗英雄碎片","item_num":10,"bind":1,"pay_type":"arena_cent","price":1000,"limit_vip":0,"limit_day":0,"limit_week":0,"limit_month":0,"lev":[1,999],"is_partner":0,"icon":0,"label":0,"discount":0},
	"3":{"type":6,"id":6003,"order":3,"item_bid":29105,"item_name":"5星水系英雄碎片","item_num":10,"bind":1,"pay_type":"arena_cent","price":3500,"limit_vip":0,"limit_day":0,"limit_week":0,"limit_month":0,"lev":[1,999],"is_partner":0,"icon":0,"label":0,"discount":0},
	"4":{"type":6,"id":6004,"order":4,"item_bid":29205,"item_name":"5星火系英雄碎片","item_num":10,"bind":1,"pay_type":"arena_cent","price":3500,"limit_vip":0,"limit_day":0,"limit_week":0,"limit_month":0,"lev":[1,999],"is_partner":0,"icon":0,"label":0,"discount":0},
	"5":{"type":6,"id":6005,"order":5,"item_bid":29305,"item_name":"5星自然英雄碎片","item_num":10,"bind":1,"pay_type":"arena_cent","price":3500,"limit_vip":0,"limit_day":0,"limit_week":0,"limit_month":0,"lev":[1,999],"is_partner":0,"icon":0,"label":0,"discount":0},
	"6":{"type":6,"id":6006,"order":6,"item_bid":29905,"item_name":"5星随机英雄碎片","item_num":10,"bind":1,"pay_type":"arena_cent","price":3500,"limit_vip":0,"limit_day":0,"limit_week":0,"limit_month":0,"lev":[1,999],"is_partner":0,"icon":0,"label":0,"discount":0},
	"7":{"type":6,"id":6007,"order":7,"item_bid":14001,"item_name":"先知水晶","item_num":1,"bind":1,"pay_type":"arena_cent","price":2000,"limit_vip":0,"limit_day":0,"limit_week":0,"limit_month":0,"lev":[1,999],"is_partner":0,"icon":0,"label":0,"discount":0},
	"8":{"type":6,"id":6008,"order":8,"item_bid":14002,"item_name":"先知精华","item_num":10,"bind":1,"pay_type":"arena_cent","price":250,"limit_vip":0,"limit_day":0,"limit_week":0,"limit_month":0,"lev":[1,999],"is_partner":0,"icon":0,"label":0,"discount":0},
	"9":{"type":6,"id":6009,"order":9,"item_bid":27903,"item_name":"雷神碎片","item_num":10,"bind":1,"pay_type":"arena_cent","price":5000,"limit_vip":0,"limit_day":0,"limit_week":0,"limit_month":0,"lev":[1,999],"is_partner":0,"icon":0,"label":0,"discount":0},
	"10":{"type":6,"id":6010,"order":10,"item_bid":28906,"item_name":"潘多拉碎片","item_num":10,"bind":1,"pay_type":"arena_cent","price":5000,"limit_vip":0,"limit_day":0,"limit_week":0,"limit_month":0,"lev":[1,999],"is_partner":0,"icon":0,"label":0,"discount":0}
},
"data_shop_exchage_boss_length" : 0,
"data_shop_exchage_boss" : {
},
"data_shop_exchage_friend_length" : 0,
"data_shop_exchage_friend" : {

},
"data_shop_exchage_boss_type_length" : 0,
"data_shop_exchage_boss_type" : [

],
"data_shop_star_length" : 0,
"data_shop_star" : {},
"data_shop_exchage_ladder_length" : 10,
"data_shop_exchage_ladder" : {
	"1": {"type":30,"id":30001,"order":1,"item_bid":27906,"item_name":"神灵大祭司碎片","item_num":50,"bind":1,"pay_type":"sky_coin","price":50000,"limit_day":0,"limit_week":0,"limit_month":0,"lev":[1,999],"is_partner":0,"icon":0,"label":0,"discount":0,"limit_count":0,"limit_rank":0},
	"2": {"type":30,"id":30002,"order":2,"item_bid":28906,"item_name":"潘多拉碎片","item_num":50,"bind":1,"pay_type":"sky_coin","price":50000,"limit_day":0,"limit_week":0,"limit_month":0,"lev":[1,999],"is_partner":0,"icon":0,"label":0,"discount":0,"limit_count":0,"limit_rank":0},
	"3": {"type":30,"id":30003,"order":3,"item_bid":26907,"item_name":"斯芬克斯碎片","item_num":50,"bind":1,"pay_type":"sky_coin","price":37500,"limit_day":0,"limit_week":0,"limit_month":0,"lev":[1,999],"is_partner":0,"icon":0,"label":0,"discount":0,"limit_count":0,"limit_rank":0},
	"4": {"type":30,"id":30004,"order":4,"item_bid":25907,"item_name":"瓦尔基里碎片","item_num":50,"bind":1,"pay_type":"sky_coin","price":37500,"limit_day":0,"limit_week":0,"limit_month":0,"lev":[1,999],"is_partner":0,"icon":0,"label":0,"discount":0,"limit_count":0,"limit_rank":0},
	"5": {"type":30,"id":30005,"order":5,"item_bid":24901,"item_name":"冰雪女王碎片","item_num":50,"bind":1,"pay_type":"sky_coin","price":37500,"limit_day":0,"limit_week":0,"limit_month":0,"lev":[1,999],"is_partner":0,"icon":0,"label":0,"discount":0,"limit_count":0,"limit_rank":0},
	"6": {"type":30,"id":30006,"order":6,"item_bid":40113,"item_name":"圣光之刃","item_num":1,"bind":1,"pay_type":"sky_coin","price":29000,"limit_day":0,"limit_week":0,"limit_month":0,"lev":[1,999],"is_partner":0,"icon":0,"label":0,"discount":0,"limit_count":0,"limit_rank":0},
	"7": {"type":30,"id":30007,"order":7,"item_bid":40213,"item_name":"圣光护甲","item_num":1,"bind":1,"pay_type":"sky_coin","price":29000,"limit_day":0,"limit_week":0,"limit_month":0,"lev":[1,999],"is_partner":0,"icon":0,"label":0,"discount":0,"limit_count":0,"limit_rank":0},
	"8": {"type":30,"id":30008,"order":8,"item_bid":40313,"item_name":"圣光头盔","item_num":1,"bind":1,"pay_type":"sky_coin","price":29000,"limit_day":0,"limit_week":0,"limit_month":0,"lev":[1,999],"is_partner":0,"icon":0,"label":0,"discount":0,"limit_count":0,"limit_rank":0},
	"9": {"type":30,"id":30009,"order":9,"item_bid":40413,"item_name":"圣光戒指","item_num":1,"bind":1,"pay_type":"sky_coin","price":29000,"limit_day":0,"limit_week":0,"limit_month":0,"lev":[1,999],"is_partner":0,"icon":0,"label":0,"discount":0,"limit_count":0,"limit_rank":0},
	"10": {"type":30,"id":30010,"order":10,"item_bid":10450,"item_name":"符文精华","item_num":500,"bind":1,"pay_type":"sky_coin","price":1250,"limit_day":0,"limit_week":0,"limit_month":0,"lev":[1,999],"is_partner":0,"icon":0,"label":0,"discount":0,"limit_count":0,"limit_rank":0}
},
"data_shop_exchage_seer_length" : 63,
"data_shop_exchage_seer" : {
	"1": {"type":31,"id":31001,"order":1,"item_bid":24900,"item_name":"5星娜迦公主碎片","item_num":50,"bind":1,"pay_type":"recruithigh_hero","price":20,"limit_day":0,"limit_week":0,"limit_month":0,"lev":[1,999],"is_partner":0,"icon":0,"label":0,"discount":0},
	"2": {"type":31,"id":31002,"order":2,"item_bid":24902,"item_name":"5星冰霜巨龙碎片","item_num":50,"bind":1,"pay_type":"recruithigh_hero","price":20,"limit_day":0,"limit_week":0,"limit_month":0,"lev":[1,999],"is_partner":0,"icon":0,"label":0,"discount":0},
	"3": {"type":31,"id":31003,"order":3,"item_bid":24903,"item_name":"5星泰坦碎片","item_num":50,"bind":1,"pay_type":"recruithigh_hero","price":35,"limit_day":0,"limit_week":0,"limit_month":0,"lev":[1,999],"is_partner":0,"icon":0,"label":0,"discount":0},
	"4": {"type":31,"id":31004,"order":4,"item_bid":24904,"item_name":"5星波塞冬碎片","item_num":50,"bind":1,"pay_type":"recruithigh_hero","price":35,"limit_day":0,"limit_week":0,"limit_month":0,"lev":[1,999],"is_partner":0,"icon":0,"label":0,"discount":0},
	"5": {"type":31,"id":31005,"order":5,"item_bid":24905,"item_name":"5星派西斯碎片","item_num":50,"bind":1,"pay_type":"recruithigh_hero","price":20,"limit_day":0,"limit_week":0,"limit_month":0,"lev":[1,999],"is_partner":0,"icon":0,"label":0,"discount":0},
	"6": {"type":31,"id":31006,"order":6,"item_bid":24906,"item_name":"5星少年梅林碎片","item_num":50,"bind":1,"pay_type":"recruithigh_hero","price":20,"limit_day":0,"limit_week":0,"limit_month":0,"lev":[1,999],"is_partner":0,"icon":0,"label":0,"discount":0},
	"7": {"type":31,"id":31007,"order":7,"item_bid":24907,"item_name":"5星海宁芙碎片","item_num":50,"bind":1,"pay_type":"recruithigh_hero","price":20,"limit_day":0,"limit_week":0,"limit_month":0,"lev":[1,999],"is_partner":0,"icon":0,"label":0,"discount":0},
	"8": {"type":31,"id":31008,"order":8,"item_bid":24908,"item_name":"5星阿瑞斯碎片","item_num":50,"bind":1,"pay_type":"recruithigh_hero","price":20,"limit_day":0,"limit_week":0,"limit_month":0,"lev":[1,999],"is_partner":0,"icon":0,"label":0,"discount":0},
	"9": {"type":31,"id":31009,"order":9,"item_bid":24901,"item_name":"5星冰雪女王碎片","item_num":50,"bind":1,"pay_type":"recruithigh_hero","price":35,"limit_day":0,"limit_week":0,"limit_month":0,"lev":[1,999],"is_partner":0,"icon":0,"label":0,"discount":0},
	"10": {"type":31,"id":31010,"order":10,"item_bid":25900,"item_name":"5星炽天使碎片","item_num":50,"bind":1,"pay_type":"recruithigh_hero","price":20,"limit_day":0,"limit_week":0,"limit_month":0,"lev":[1,999],"is_partner":0,"icon":0,"label":0,"discount":0},
	"11": {"type":31,"id":31011,"order":11,"item_bid":25901,"item_name":"5星炎魔之王碎片","item_num":50,"bind":1,"pay_type":"recruithigh_hero","price":20,"limit_day":0,"limit_week":0,"limit_month":0,"lev":[1,999],"is_partner":0,"icon":0,"label":0,"discount":0},
	"12": {"type":31,"id":31012,"order":12,"item_bid":25902,"item_name":"5星剑豪卡赞碎片","item_num":50,"bind":1,"pay_type":"recruithigh_hero","price":20,"limit_day":0,"limit_week":0,"limit_month":0,"lev":[1,999],"is_partner":0,"icon":0,"label":0,"discount":0},
	"13": {"type":31,"id":31013,"order":13,"item_bid":25903,"item_name":"5星菲尼克斯碎片","item_num":50,"bind":1,"pay_type":"recruithigh_hero","price":20,"limit_day":0,"limit_week":0,"limit_month":0,"lev":[1,999],"is_partner":0,"icon":0,"label":0,"discount":0},
	"14": {"type":31,"id":31014,"order":14,"item_bid":25904,"item_name":"5星阿波罗碎片","item_num":50,"bind":1,"pay_type":"recruithigh_hero","price":20,"limit_day":0,"limit_week":0,"limit_month":0,"lev":[1,999],"is_partner":0,"icon":0,"label":0,"discount":0},
	"15": {"type":31,"id":31015,"order":15,"item_bid":25905,"item_name":"5星吸血伯爵碎片","item_num":50,"bind":1,"pay_type":"recruithigh_hero","price":20,"limit_day":0,"limit_week":0,"limit_month":0,"lev":[1,999],"is_partner":0,"icon":0,"label":0,"discount":0},
	"16": {"type":31,"id":31063,"order":16,"item_bid":25908,"item_name":"5星洛基碎片","item_num":50,"bind":1,"pay_type":"recruithigh_hero","price":35,"limit_day":0,"limit_week":0,"limit_month":0,"lev":[1,999],"is_partner":0,"icon":0,"label":0,"discount":0},
	"17": {"type":31,"id":31016,"order":17,"item_bid":25906,"item_name":"5星普罗米修斯碎片","item_num":50,"bind":1,"pay_type":"recruithigh_hero","price":35,"limit_day":0,"limit_week":0,"limit_month":0,"lev":[1,999],"is_partner":0,"icon":0,"label":0,"discount":0},
	"18": {"type":31,"id":31017,"order":18,"item_bid":25907,"item_name":"瓦尔基里碎片","item_num":50,"bind":1,"pay_type":"recruithigh_hero","price":35,"limit_day":0,"limit_week":0,"limit_month":0,"lev":[1,999],"is_partner":0,"icon":0,"label":0,"discount":0},
	"19": {"type":31,"id":31018,"order":19,"item_bid":26900,"item_name":"5星奥丁碎片","item_num":50,"bind":1,"pay_type":"recruithigh_hero","price":20,"limit_day":0,"limit_week":0,"limit_month":0,"lev":[1,999],"is_partner":0,"icon":0,"label":0,"discount":0},
	"20": {"type":31,"id":31019,"order":20,"item_bid":26901,"item_name":"5星影刹碎片","item_num":50,"bind":1,"pay_type":"recruithigh_hero","price":35,"limit_day":0,"limit_week":0,"limit_month":0,"lev":[1,999],"is_partner":0,"icon":0,"label":0,"discount":0},
	"21": {"type":31,"id":31020,"order":21,"item_bid":26902,"item_name":"5星凯兰崔尔碎片","item_num":50,"bind":1,"pay_type":"recruithigh_hero","price":20,"limit_day":0,"limit_week":0,"limit_month":0,"lev":[1,999],"is_partner":0,"icon":0,"label":0,"discount":0},
	"22": {"type":31,"id":31021,"order":22,"item_bid":26903,"item_name":"5星魅魔女王碎片","item_num":50,"bind":1,"pay_type":"recruithigh_hero","price":20,"limit_day":0,"limit_week":0,"limit_month":0,"lev":[1,999],"is_partner":0,"icon":0,"label":0,"discount":0},
	"23": {"type":31,"id":31022,"order":23,"item_bid":26904,"item_name":"5星美杜莎碎片","item_num":50,"bind":1,"pay_type":"recruithigh_hero","price":20,"limit_day":0,"limit_week":0,"limit_month":0,"lev":[1,999],"is_partner":0,"icon":0,"label":0,"discount":0},
	"24": {"type":31,"id":31023,"order":24,"item_bid":26905,"item_name":"5星雅典娜碎片","item_num":50,"bind":1,"pay_type":"recruithigh_hero","price":20,"limit_day":0,"limit_week":0,"limit_month":0,"lev":[1,999],"is_partner":0,"icon":0,"label":0,"discount":0},
	"25": {"type":31,"id":31024,"order":25,"item_bid":26906,"item_name":"5星潘碎片","item_num":50,"bind":1,"pay_type":"recruithigh_hero","price":35,"limit_day":0,"limit_week":0,"limit_month":0,"lev":[1,999],"is_partner":0,"icon":0,"label":0,"discount":0},
	"26": {"type":31,"id":31025,"order":26,"item_bid":26907,"item_name":"斯芬克斯碎片","item_num":50,"bind":1,"pay_type":"recruithigh_hero","price":35,"limit_day":0,"limit_week":0,"limit_month":0,"lev":[1,999],"is_partner":0,"icon":0,"label":0,"discount":0},
	"27": {"type":31,"id":31026,"order":27,"item_bid":27900,"item_name":"4星伊西斯碎片","item_num":50,"bind":1,"pay_type":"recruithigh_hero","price":25,"limit_day":0,"limit_week":0,"limit_month":0,"lev":[1,999],"is_partner":0,"icon":0,"label":0,"discount":0},
	"28": {"type":31,"id":31027,"order":28,"item_bid":27902,"item_name":"5星赫拉碎片","item_num":50,"bind":1,"pay_type":"recruithigh_hero","price":35,"limit_day":0,"limit_week":0,"limit_month":0,"lev":[1,999],"is_partner":0,"icon":0,"label":0,"discount":0},
	"29": {"type":31,"id":31028,"order":29,"item_bid":27903,"item_name":"5星雷神碎片","item_num":50,"bind":1,"pay_type":"recruithigh_hero","price":35,"limit_day":0,"limit_week":0,"limit_month":0,"lev":[1,999],"is_partner":0,"icon":0,"label":0,"discount":0},
	"30": {"type":31,"id":31029,"order":30,"item_bid":27904,"item_name":"5星盖亚碎片","item_num":50,"bind":1,"pay_type":"recruithigh_hero","price":25,"limit_day":0,"limit_week":0,"limit_month":0,"lev":[1,999],"is_partner":0,"icon":0,"label":0,"discount":0},
	"31": {"type":31,"id":31030,"order":31,"item_bid":27905,"item_name":"5星艾蕾莉亚碎片","item_num":50,"bind":1,"pay_type":"recruithigh_hero","price":35,"limit_day":0,"limit_week":0,"limit_month":0,"lev":[1,999],"is_partner":0,"icon":0,"label":0,"discount":0},
	"32": {"type":31,"id":31031,"order":32,"item_bid":27906,"item_name":"5星神灵大祭司碎片","item_num":50,"bind":1,"pay_type":"recruithigh_hero","price":45,"limit_day":0,"limit_week":0,"limit_month":0,"lev":[1,999],"is_partner":0,"icon":0,"label":0,"discount":0},
	"33": {"type":31,"id":31032,"order":33,"item_bid":27901,"item_name":"宙斯碎片","item_num":50,"bind":1,"pay_type":"recruithigh_hero","price":45,"limit_day":0,"limit_week":0,"limit_month":0,"lev":[1,999],"is_partner":0,"icon":0,"label":0,"discount":0},
	"34": {"type":31,"id":31033,"order":34,"item_bid":28900,"item_name":"4星蛇女墨莎碎片","item_num":50,"bind":1,"pay_type":"recruithigh_hero","price":25,"limit_day":0,"limit_week":0,"limit_month":0,"lev":[1,999],"is_partner":0,"icon":0,"label":0,"discount":0},
	"35": {"type":31,"id":31034,"order":35,"item_bid":28901,"item_name":"5星哈迪斯碎片","item_num":50,"bind":1,"pay_type":"recruithigh_hero","price":45,"limit_day":0,"limit_week":0,"limit_month":0,"lev":[1,999],"is_partner":0,"icon":0,"label":0,"discount":0},
	"36": {"type":31,"id":31035,"order":36,"item_bid":28902,"item_name":"5星亚巴顿碎片","item_num":50,"bind":1,"pay_type":"recruithigh_hero","price":35,"limit_day":0,"limit_week":0,"limit_month":0,"lev":[1,999],"is_partner":0,"icon":0,"label":0,"discount":0},
	"37": {"type":31,"id":31036,"order":37,"item_bid":28904,"item_name":"5星阿努比斯碎片","item_num":50,"bind":1,"pay_type":"recruithigh_hero","price":35,"limit_day":0,"limit_week":0,"limit_month":0,"lev":[1,999],"is_partner":0,"icon":0,"label":0,"discount":0},
	"38": {"type":31,"id":31037,"order":38,"item_bid":28905,"item_name":"5星路西法碎片","item_num":50,"bind":1,"pay_type":"recruithigh_hero","price":25,"limit_day":0,"limit_week":0,"limit_month":0,"lev":[1,999],"is_partner":0,"icon":0,"label":0,"discount":0},
	"39": {"type":31,"id":31038,"order":39,"item_bid":28906,"item_name":"5星潘多拉碎片","item_num":50,"bind":1,"pay_type":"recruithigh_hero","price":45,"limit_day":0,"limit_week":0,"limit_month":0,"lev":[1,999],"is_partner":0,"icon":0,"label":0,"discount":0},
	"40": {"type":31,"id":31039,"order":40,"item_bid":28903,"item_name":"黑暗之主碎片","item_num":50,"bind":1,"pay_type":"recruithigh_hero","price":45,"limit_day":0,"limit_week":0,"limit_month":0,"lev":[1,999],"is_partner":0,"icon":0,"label":0,"discount":0},
	"41": {"type":31,"id":31040,"order":41,"item_bid":24800,"item_name":"亚瑟碎片","item_num":30,"bind":1,"pay_type":"recruithigh_hero","price":3,"limit_day":0,"limit_week":0,"limit_month":0,"lev":[1,999],"is_partner":0,"icon":0,"label":0,"discount":0},
	"42": {"type":31,"id":31041,"order":42,"item_bid":24801,"item_name":"竖琴海妖碎片","item_num":30,"bind":1,"pay_type":"recruithigh_hero","price":3,"limit_day":0,"limit_week":0,"limit_month":0,"lev":[1,999],"is_partner":0,"icon":0,"label":0,"discount":0},
	"43": {"type":31,"id":31042,"order":43,"item_bid":24802,"item_name":"水元素碎片","item_num":30,"bind":1,"pay_type":"recruithigh_hero","price":3,"limit_day":0,"limit_week":0,"limit_month":0,"lev":[1,999],"is_partner":0,"icon":0,"label":0,"discount":0},
	"44": {"type":31,"id":31043,"order":44,"item_bid":24803,"item_name":"冰晶女巫碎片","item_num":30,"bind":1,"pay_type":"recruithigh_hero","price":3,"limit_day":0,"limit_week":0,"limit_month":0,"lev":[1,999],"is_partner":0,"icon":0,"label":0,"discount":0},
	"45": {"type":31,"id":31044,"order":45,"item_bid":24804,"item_name":"娜迦侍女碎片","item_num":30,"bind":1,"pay_type":"recruithigh_hero","price":3,"limit_day":0,"limit_week":0,"limit_month":0,"lev":[1,999],"is_partner":0,"icon":0,"label":0,"discount":0},
	"46": {"type":31,"id":31045,"order":46,"item_bid":25800,"item_name":"火枪艾克碎片","item_num":30,"bind":1,"pay_type":"recruithigh_hero","price":3,"limit_day":0,"limit_week":0,"limit_month":0,"lev":[1,999],"is_partner":0,"icon":0,"label":0,"discount":0},
	"47": {"type":31,"id":31046,"order":47,"item_bid":25801,"item_name":"凯瑟琳碎片","item_num":30,"bind":1,"pay_type":"recruithigh_hero","price":3,"limit_day":0,"limit_week":0,"limit_month":0,"lev":[1,999],"is_partner":0,"icon":0,"label":0,"discount":0},
	"48": {"type":31,"id":31047,"order":48,"item_bid":25802,"item_name":"阿伽门农碎片","item_num":30,"bind":1,"pay_type":"recruithigh_hero","price":3,"limit_day":0,"limit_week":0,"limit_month":0,"lev":[1,999],"is_partner":0,"icon":0,"label":0,"discount":0},
	"49": {"type":31,"id":31048,"order":49,"item_bid":25803,"item_name":"雷诺蛮锤碎片","item_num":30,"bind":1,"pay_type":"recruithigh_hero","price":3,"limit_day":0,"limit_week":0,"limit_month":0,"lev":[1,999],"is_partner":0,"icon":0,"label":0,"discount":0},
	"50": {"type":31,"id":31049,"order":50,"item_bid":25804,"item_name":"翼女碎片","item_num":30,"bind":1,"pay_type":"recruithigh_hero","price":3,"limit_day":0,"limit_week":0,"limit_month":0,"lev":[1,999],"is_partner":0,"icon":0,"label":0,"discount":0},
	"51": {"type":31,"id":31050,"order":51,"item_bid":26800,"item_name":"吟游诗人碎片","item_num":30,"bind":1,"pay_type":"recruithigh_hero","price":3,"limit_day":0,"limit_week":0,"limit_month":0,"lev":[1,999],"is_partner":0,"icon":0,"label":0,"discount":0},
	"52": {"type":31,"id":31051,"order":52,"item_bid":26801,"item_name":"亡灵收割者碎片","item_num":30,"bind":1,"pay_type":"recruithigh_hero","price":3,"limit_day":0,"limit_week":0,"limit_month":0,"lev":[1,999],"is_partner":0,"icon":0,"label":0,"discount":0},
	"53": {"type":31,"id":31052,"order":53,"item_bid":26802,"item_name":"圣锤提尔碎片","item_num":30,"bind":1,"pay_type":"recruithigh_hero","price":3,"limit_day":0,"limit_week":0,"limit_month":0,"lev":[1,999],"is_partner":0,"icon":0,"label":0,"discount":0},
	"54": {"type":31,"id":31053,"order":54,"item_bid":26803,"item_name":"甘道夫碎片","item_num":30,"bind":1,"pay_type":"recruithigh_hero","price":3,"limit_day":0,"limit_week":0,"limit_month":0,"lev":[1,999],"is_partner":0,"icon":0,"label":0,"discount":0},
	"55": {"type":31,"id":31054,"order":55,"item_bid":26804,"item_name":"德鲁伊碎片","item_num":30,"bind":1,"pay_type":"recruithigh_hero","price":3,"limit_day":0,"limit_week":0,"limit_month":0,"lev":[1,999],"is_partner":0,"icon":0,"label":0,"discount":0},
	"56": {"type":31,"id":31055,"order":56,"item_bid":27800,"item_name":"光明牧师碎片","item_num":30,"bind":1,"pay_type":"recruithigh_hero","price":5,"limit_day":0,"limit_week":0,"limit_month":0,"lev":[1,999],"is_partner":0,"icon":0,"label":0,"discount":0},
	"57": {"type":31,"id":31056,"order":57,"item_bid":27801,"item_name":"月之祭司碎片","item_num":30,"bind":1,"pay_type":"recruithigh_hero","price":5,"limit_day":0,"limit_week":0,"limit_month":0,"lev":[1,999],"is_partner":0,"icon":0,"label":0,"discount":0},
	"58": {"type":31,"id":31057,"order":58,"item_bid":27802,"item_name":"精灵王子碎片","item_num":30,"bind":1,"pay_type":"recruithigh_hero","price":5,"limit_day":0,"limit_week":0,"limit_month":0,"lev":[1,999],"is_partner":0,"icon":0,"label":0,"discount":0},
	"59": {"type":31,"id":31058,"order":59,"item_bid":27803,"item_name":"丘比特碎片","item_num":30,"bind":1,"pay_type":"recruithigh_hero","price":5,"limit_day":0,"limit_week":0,"limit_month":0,"lev":[1,999],"is_partner":0,"icon":0,"label":0,"discount":0},
	"60": {"type":31,"id":31059,"order":60,"item_bid":28800,"item_name":"毒咒女巫碎片","item_num":30,"bind":1,"pay_type":"recruithigh_hero","price":5,"limit_day":0,"limit_week":0,"limit_month":0,"lev":[1,999],"is_partner":0,"icon":0,"label":0,"discount":0},
	"61": {"type":31,"id":31060,"order":61,"item_bid":28801,"item_name":"死亡骑士碎片","item_num":30,"bind":1,"pay_type":"recruithigh_hero","price":5,"limit_day":0,"limit_week":0,"limit_month":0,"lev":[1,999],"is_partner":0,"icon":0,"label":0,"discount":0},
	"62": {"type":31,"id":31061,"order":62,"item_bid":28802,"item_name":"阿喀琉斯碎片","item_num":30,"bind":1,"pay_type":"recruithigh_hero","price":5,"limit_day":0,"limit_week":0,"limit_month":0,"lev":[1,999],"is_partner":0,"icon":0,"label":0,"discount":0},
	"63": {"type":31,"id":31062,"order":63,"item_bid":28803,"item_name":"黑精灵密言碎片","item_num":30,"bind":1,"pay_type":"recruithigh_hero","price":5,"limit_day":0,"limit_week":0,"limit_month":0,"lev":[1,999],"is_partner":0,"icon":0,"label":0,"discount":0}
},
"data_shop_exchage_expediton_length" : 10,
"data_shop_exchage_expediton" : {
	"1": {"type":8,"id":8001,"order":1,"item_bid":72002,"item_name":"神器符石","item_num":5,"bind":1,"pay_type":"expedition_medal","price":1250,"limit_vip":0,"limit_day":0,"limit_week":0,"limit_month":0,"lev":[0,0],"is_partner":0,"icon":0,"label":0,"discount":0},
	"2": {"type":8,"id":8002,"order":2,"item_bid":72001,"item_name":"炼神石","item_num":50,"bind":1,"pay_type":"expedition_medal","price":1875,"limit_vip":0,"limit_day":0,"limit_week":0,"limit_month":0,"lev":[0,0],"is_partner":0,"icon":0,"label":0,"discount":0},
	"3": {"type":8,"id":8003,"order":3,"item_bid":29905,"item_name":"5星英雄碎片","item_num":10,"bind":1,"pay_type":"expedition_medal","price":5000,"limit_vip":0,"limit_day":0,"limit_week":0,"limit_month":0,"lev":[0,0],"is_partner":0,"icon":0,"label":0,"discount":0},
	"4": {"type":8,"id":8004,"order":4,"item_bid":29104,"item_name":"4星水系碎片","item_num":10,"bind":1,"pay_type":"expedition_medal","price":1000,"limit_vip":0,"limit_day":0,"limit_week":0,"limit_month":0,"lev":[0,0],"is_partner":0,"icon":0,"label":0,"discount":0},
	"5": {"type":8,"id":8005,"order":5,"item_bid":29204,"item_name":"4星火系碎片","item_num":10,"bind":1,"pay_type":"expedition_medal","price":1000,"limit_vip":0,"limit_day":0,"limit_week":0,"limit_month":0,"lev":[0,0],"is_partner":0,"icon":0,"label":0,"discount":0},
	"6": {"type":8,"id":8006,"order":6,"item_bid":29304,"item_name":"4星自然碎片","item_num":10,"bind":1,"pay_type":"expedition_medal","price":1000,"limit_vip":0,"limit_day":0,"limit_week":0,"limit_month":0,"lev":[0,0],"is_partner":0,"icon":0,"label":0,"discount":0},
	"7": {"type":8,"id":8007,"order":7,"item_bid":26907,"item_name":"斯芬克斯碎片","item_num":50,"bind":1,"pay_type":"expedition_medal","price":45000,"limit_vip":0,"limit_day":0,"limit_week":0,"limit_month":0,"lev":[0,0],"is_partner":0,"icon":0,"label":0,"discount":0},
	"8": {"type":8,"id":8008,"order":8,"item_bid":25907,"item_name":"瓦尔基里碎片","item_num":50,"bind":1,"pay_type":"expedition_medal","price":45000,"limit_vip":0,"limit_day":0,"limit_week":0,"limit_month":0,"lev":[0,0],"is_partner":0,"icon":0,"label":0,"discount":0},
	"9": {"type":8,"id":8009,"order":9,"item_bid":27903,"item_name":"雷神碎片","item_num":50,"bind":1,"pay_type":"expedition_medal","price":55000,"limit_vip":0,"limit_day":0,"limit_week":0,"limit_month":0,"lev":[0,0],"is_partner":0,"icon":0,"label":0,"discount":0},
	"10": {"type":8,"id":8010,"order":10,"item_bid":28905,"item_name":"路西法碎片","item_num":50,"bind":1,"pay_type":"expedition_medal","price":50000,"limit_vip":0,"limit_day":0,"limit_week":0,"limit_month":0,"lev":[0,0],"is_partner":0,"icon":0,"label":0,"discount":0}
}
}