{"data_guild_action_data_length" : 1,
"data_guild_action_data" : {
	"open_glev":{"val":1,"desc":"功能开放所需公会等级"}
},
"data_lev_data_length" : 51,
"data_lev_data" : {
	"0":{"id":0,"lev":0,"exp":30,"items":[],"attr":[["atk",0],["hp_max",0]]},
	"1":{"id":1,"lev":1,"exp":70,"items":[[10,100],[1,10000]],"attr":[["atk",10],["hp_max",50]]},
	"2":{"id":2,"lev":2,"exp":120,"items":[[10,100],[1,20000]],"attr":[["atk",20],["hp_max",100]]},
	"3":{"id":3,"lev":3,"exp":180,"items":[[10,100],[1,30000]],"attr":[["atk",30],["hp_max",150]]},
	"4":{"id":4,"lev":4,"exp":250,"items":[[10,100],[1,40000]],"attr":[["atk",40],["hp_max",200]]},
	"5":{"id":5,"lev":5,"exp":330,"items":[[10,100],[1,50000]],"attr":[["atk",50],["hp_max",250]]},
	"6":{"id":6,"lev":6,"exp":420,"items":[[10,100],[1,60000]],"attr":[["atk",60],["hp_max",300]]},
	"7":{"id":7,"lev":7,"exp":520,"items":[[10,100],[1,70000]],"attr":[["atk",70],["hp_max",350]]},
	"8":{"id":8,"lev":8,"exp":630,"items":[[10,100],[1,80000]],"attr":[["atk",80],["hp_max",400]]},
	"9":{"id":9,"lev":9,"exp":750,"items":[[10,100],[1,90000]],"attr":[["atk",90],["hp_max",450]]},
	"10":{"id":10,"lev":10,"exp":880,"items":[[10,100],[1,100000]],"attr":[["atk",100],["hp_max",500]]},
	"11":{"id":11,"lev":11,"exp":1020,"items":[[10,150],[1,110000]],"attr":[["atk",110],["hp_max",550]]},
	"12":{"id":12,"lev":12,"exp":1170,"items":[[10,150],[1,120000]],"attr":[["atk",120],["hp_max",600]]},
	"13":{"id":13,"lev":13,"exp":1330,"items":[[10,150],[1,130000]],"attr":[["atk",130],["hp_max",650]]},
	"14":{"id":14,"lev":14,"exp":1500,"items":[[10,150],[1,140000]],"attr":[["atk",140],["hp_max",700]]},
	"15":{"id":15,"lev":15,"exp":1680,"items":[[10,150],[1,150000]],"attr":[["atk",150],["hp_max",750]]},
	"16":{"id":16,"lev":16,"exp":1870,"items":[[10,150],[1,160000]],"attr":[["atk",160],["hp_max",800]]},
	"17":{"id":17,"lev":17,"exp":2070,"items":[[10,150],[1,170000]],"attr":[["atk",170],["hp_max",850]]},
	"18":{"id":18,"lev":18,"exp":2280,"items":[[10,150],[1,180000]],"attr":[["atk",180],["hp_max",900]]},
	"19":{"id":19,"lev":19,"exp":2500,"items":[[10,150],[1,190000]],"attr":[["atk",190],["hp_max",950]]},
	"20":{"id":20,"lev":20,"exp":2730,"items":[[10,150],[1,200000]],"attr":[["atk",200],["hp_max",1000]]},
	"21":{"id":21,"lev":21,"exp":2970,"items":[[10,200],[1,210000]],"attr":[["atk",210],["hp_max",1050]]},
	"22":{"id":22,"lev":22,"exp":3220,"items":[[10,200],[1,220000]],"attr":[["atk",220],["hp_max",1100]]},
	"23":{"id":23,"lev":23,"exp":3480,"items":[[10,200],[1,230000]],"attr":[["atk",230],["hp_max",1150]]},
	"24":{"id":24,"lev":24,"exp":3750,"items":[[10,200],[1,240000]],"attr":[["atk",240],["hp_max",1200]]},
	"25":{"id":25,"lev":25,"exp":4030,"items":[[10,200],[1,250000]],"attr":[["atk",250],["hp_max",1250]]},
	"26":{"id":26,"lev":26,"exp":4320,"items":[[10,200],[1,260000]],"attr":[["atk",260],["hp_max",1300]]},
	"27":{"id":27,"lev":27,"exp":4620,"items":[[10,200],[1,270000]],"attr":[["atk",270],["hp_max",1350]]},
	"28":{"id":28,"lev":28,"exp":4930,"items":[[10,200],[1,280000]],"attr":[["atk",280],["hp_max",1400]]},
	"29":{"id":29,"lev":29,"exp":5250,"items":[[10,200],[1,290000]],"attr":[["atk",290],["hp_max",1450]]},
	"30":{"id":30,"lev":30,"exp":5580,"items":[[10,200],[1,300000]],"attr":[["atk",300],["hp_max",1500]]},
	"31":{"id":31,"lev":31,"exp":5920,"items":[[10,250],[1,310000]],"attr":[["atk",310],["hp_max",1550]]},
	"32":{"id":32,"lev":32,"exp":6270,"items":[[10,250],[1,320000]],"attr":[["atk",320],["hp_max",1600]]},
	"33":{"id":33,"lev":33,"exp":6630,"items":[[10,250],[1,330000]],"attr":[["atk",330],["hp_max",1650]]},
	"34":{"id":34,"lev":34,"exp":7000,"items":[[10,250],[1,340000]],"attr":[["atk",340],["hp_max",1700]]},
	"35":{"id":35,"lev":35,"exp":7380,"items":[[10,250],[1,350000]],"attr":[["atk",350],["hp_max",1750]]},
	"36":{"id":36,"lev":36,"exp":7770,"items":[[10,250],[1,360000]],"attr":[["atk",360],["hp_max",1800]]},
	"37":{"id":37,"lev":37,"exp":8170,"items":[[10,250],[1,370000]],"attr":[["atk",370],["hp_max",1850]]},
	"38":{"id":38,"lev":38,"exp":8580,"items":[[10,250],[1,380000]],"attr":[["atk",380],["hp_max",1900]]},
	"39":{"id":39,"lev":39,"exp":9000,"items":[[10,250],[1,390000]],"attr":[["atk",390],["hp_max",1950]]},
	"40":{"id":40,"lev":40,"exp":9430,"items":[[10,250],[1,400000]],"attr":[["atk",400],["hp_max",2000]]},
	"41":{"id":41,"lev":41,"exp":9870,"items":[[10,300],[1,410000]],"attr":[["atk",410],["hp_max",2050]]},
	"42":{"id":42,"lev":42,"exp":10320,"items":[[10,300],[1,420000]],"attr":[["atk",420],["hp_max",2100]]},
	"43":{"id":43,"lev":43,"exp":10780,"items":[[10,300],[1,430000]],"attr":[["atk",430],["hp_max",2150]]},
	"44":{"id":44,"lev":44,"exp":11250,"items":[[10,300],[1,440000]],"attr":[["atk",440],["hp_max",2200]]},
	"45":{"id":45,"lev":45,"exp":11730,"items":[[10,300],[1,450000]],"attr":[["atk",450],["hp_max",2250]]},
	"46":{"id":46,"lev":46,"exp":12220,"items":[[10,300],[1,460000]],"attr":[["atk",460],["hp_max",2300]]},
	"47":{"id":47,"lev":47,"exp":12720,"items":[[10,300],[1,470000]],"attr":[["atk",470],["hp_max",2350]]},
	"48":{"id":48,"lev":48,"exp":13230,"items":[[10,300],[1,480000]],"attr":[["atk",480],["hp_max",2400]]},
	"49":{"id":49,"lev":49,"exp":13750,"items":[[10,300],[1,490000]],"attr":[["atk",490],["hp_max",2450]]},
	"50":{"id":50,"lev":50,"exp":0,"items":[[10,300],[1,500000]],"attr":[["atk",500],["hp_max",2500]]}
},
"data_task_data_length" : 8,
"data_task_data" : [
{"id":101,"name":"升级公会技能","type":1,"exp":10,"show_jump":"evt_league_skill","progress":[{"cli_label":"evt_guild_skill","target":0,"target_val":3,"param":[]}],"desc":"升级公会技能"},
{"id":102,"name":"挑战公会副本","type":1,"exp":5,"show_jump":"evt_league_dungeon","progress":[{"cli_label":"evt_guild_dun_fight","target":0,"target_val":3,"param":[]}],"desc":"挑战公会副本"},
{"id":107,"name":"公会商店消费","type":1,"exp":5,"show_jump":"evt_league_shop","progress":[{"cli_label":"evt_exchange","target":0,"target_val":2,"param":[5]}],"desc":"公会商店消费"},
{"id":108,"name":"金币捐献","type":1,"exp":5,"show_jump":"evt_league_donate","progress":[{"cli_label":"evt_guild_donate","target":1,"target_val":1,"param":[]}],"desc":"金币捐献"},
{"id":109,"name":"钻石捐献","type":1,"exp":10,"show_jump":"evt_league_donate","progress":[{"cli_label":"evt_guild_donate","target":2,"target_val":1,"param":[]}],"desc":"钻石捐献"},
{"id":110,"name":"至尊钻石捐献","type":1,"exp":20,"show_jump":"evt_league_donate","progress":[{"cli_label":"evt_guild_donate","target":3,"target_val":1,"param":[]}],"desc":"至尊钻石捐献"},
{"id":111,"name":"发送任意红包","type":1,"exp":20,"show_jump":"evt_league_redpacket","progress":[{"cli_label":"evt_guild_mem_red_packet_send","target":0,"target_val":1,"param":[]}],"desc":"发送任意红包"},
{"id":201,"name":"公会副本增益加成","type":2,"exp":50,"show_jump":"evt_league_dungeon","progress":[{"cli_label":"evt_guild_dun_buff","target":0,"target_val":1,"param":[]}],"desc":"公会副本增益加成"}
]
}