{"data_position_length" : 3,
"data_position" : {
	"1":{"id":1,"name":"会长","limit":[1,2,3,4,5,6,7,8,9,10,11,12,13]},
	"2":{"id":2,"name":"副会长","limit":[2,3,4,5,6,7,8,9,10,11,12]},
	"3":{"id":3,"name":"成员","limit":[]}
},
"data_donate_length" : 3,
"data_donate" : {
	"1":{"id":1,"name":"金币捐献","loss":[[2,20000]],"gain":[[10,100],[16,50]],"desc":"滴水成川，聚沙成塔！"},
	"2":{"id":2,"name":"钻石捐献","loss":[[15,100]],"gain":[[10,250],[16,100]],"desc":"愿神保佑我们！"},
	"3":{"id":3,"name":"至尊捐献","loss":[[15,300]],"gain":[[10,800],[16,200]],"desc":"我们公会是不可战胜的！"}
},
"data_post_length" : 41,
"data_post" : {
	"2_1":{"num":2},
	"2_2":{"num":2},
	"2_3":{"num":2},
	"2_4":{"num":2},
	"2_5":{"num":2},
	"2_6":{"num":3},
	"2_7":{"num":3},
	"2_8":{"num":3},
	"2_9":{"num":3},
	"2_10":{"num":3},
	"2_11":{"num":4},
	"2_12":{"num":4},
	"2_13":{"num":4},
	"2_14":{"num":4},
	"2_15":{"num":4},
	"2_16":{"num":5},
	"2_17":{"num":5},
	"2_18":{"num":5},
	"2_19":{"num":5},
	"2_20":{"num":5},
	"2_21":{"num":5},
	"3_1":{"num":999},
	"3_2":{"num":999},
	"3_3":{"num":999},
	"3_4":{"num":999},
	"3_5":{"num":999},
	"3_6":{"num":999},
	"3_7":{"num":999},
	"3_8":{"num":999},
	"3_9":{"num":999},
	"3_10":{"num":999},
	"3_11":{"num":999},
	"3_12":{"num":999},
	"3_13":{"num":999},
	"3_14":{"num":999},
	"3_15":{"num":999},
	"3_16":{"num":999},
	"3_17":{"num":999},
	"3_18":{"num":999},
	"3_19":{"num":999},
	"3_20":{"num":999}
},
"data_guild_lev_length" : 20,
"data_guild_lev" : {
	"1":{"lev":1,"exp":750,"num":15,"desc":"人数上限提升至15人"},
	"2":{"lev":2,"exp":1600,"num":16,"desc":"人数上限提升至16人"},
	"3":{"lev":3,"exp":2560,"num":16,"desc":"人数上限提升至16人"},
	"4":{"lev":4,"exp":4080,"num":17,"desc":"人数上限提升至17人"},
	"5":{"lev":5,"exp":5780,"num":17,"desc":"人数上限提升至17人"},
	"6":{"lev":6,"exp":8280,"num":18,"desc":"人数上限提升至18人"},
	"7":{"lev":7,"exp":10800,"num":18,"desc":"人数上限提升至18人"},
	"8":{"lev":8,"exp":14440,"num":19,"desc":"人数上限提升至19人"},
	"9":{"lev":9,"exp":17860,"num":19,"desc":"人数上限提升至19人"},
	"10":{"lev":10,"exp":22800,"num":20,"desc":"人数上限提升至20人"},
	"11":{"lev":11,"exp":27200,"num":20,"desc":"人数上限提升至20人"},
	"12":{"lev":12,"exp":33600,"num":21,"desc":"人数上限提升至21人"},
	"13":{"lev":13,"exp":39060,"num":21,"desc":"人数上限提升至21人"},
	"14":{"lev":14,"exp":47080,"num":22,"desc":"人数上限提升至22人"},
	"15":{"lev":15,"exp":53680,"num":22,"desc":"人数上限提升至22人"},
	"16":{"lev":16,"exp":63480,"num":23,"desc":"人数上限提升至23人"},
	"17":{"lev":17,"exp":71300,"num":23,"desc":"人数上限提升至23人"},
	"18":{"lev":18,"exp":83040,"num":24,"desc":"人数上限提升至24人"},
	"19":{"lev":19,"exp":92160,"num":24,"desc":"人数上限提升至24人"},
	"20":{"lev":20,"exp":106000,"num":25,"desc":"人数上限提升至25人"}
},
"data_sign_length" : 3,
"data_sign" : [
{"sign":"欢迎各位勇敢的冒险者加入！一起打造大陆第一公会！"},
{"sign":"欢迎菜鸟们加入一起玩耍！o(￣v￣)o~努力成长！携手搬砖！"},
{"sign":"魔物纵横，英雄辈出，匡扶乱世，携手前行！欢迎加入！"}
],
"data_const_length" : 24,
"data_const" : {
	"create_gold":{"key":"create_gold","val":100,"desc":"创建消耗钻石"},
	"day_exp_max":{"key":"day_exp_max","val":3000,"desc":"每日经验上限"},
	"ad_free":{"key":"ad_free","val":1,"desc":"每日免费广告次数"},
	"ad_cost":{"key":"ad_cost","val":20,"desc":"发布广告消耗"},
	"impeach_gold":{"key":"impeach_gold","val":[[15,300]],"desc":"弹劾会长所需费用/钻"},
	"impeach_offline_day":{"key":"impeach_offline_day","val":3,"desc":"会长X天不上线可弹劾"},
	"rename_gold":{"key":"rename_gold","val":500,"desc":"公会改名消耗钻石"},
	"rename_time":{"key":"rename_time","val":48,"desc":"公会改名冷却时间/小时"},
	"maintain_min_exp":{"key":"maintain_min_exp","val":0,"desc":"公会经验达到多少后自动解散"},
	"maintain_start_time":{"key":"maintain_start_time","val":21600,"desc":"创建公会后6小时后开启维护"},
	"guild_merge_lev":{"key":"guild_merge_lev","val":2,"desc":"公会等级达到X级后才可合并"},
	"merge_cost":{"key":"merge_cost","val":200,"desc":"合并消耗钻石"},
	"merge_time":{"key":"merge_time","val":86400,"desc":"合并发送请求持续时间（单位秒）"},
	"guild_min_lev":{"key":"guild_min_lev","val":18,"desc":"创建或加入公会所需等级"},
	"recruit_cost":{"key":"recruit_cost","val":18,"desc":"招募消耗钻石"},
	"red_packet_send":{"key":"red_packet_send","val":10,"desc":"每日发红包次数"},
	"red_packet_get":{"key":"red_packet_get","val":10,"desc":"每日领取红包次数"},
	"guild_quit_cd":{"key":"guild_quit_cd","val":43200,"desc":"退会再入会时间（单位：秒）"},
	"game_rule":{"key":"game_rule","val":1,"desc":"1.会长拥有会内最高权限，拥有修改公会内部信息、管理成员、任命/罢免副会长等权限\n2.公会可发布招募消息，发布后在世界聊天频道中显示\n3.退出公会后，12小时内不可加入其他公会\n4.捐献是提高公会经验的重要途径，提高公会经验可令公会升级，公会升级后会增加总人数上限和副会长职位上限，还可开启各种公会玩法\n4.会长在离线3天以上，所有成员有权弹劾他成为新的会长。\n5.每一类型公会红包每日只可发放10次，每日的00:00重置次数。"},
	"game_rule1":{"key":"game_rule1","val":2,"desc":"1.所有公会成员每天只可捐献1次（0点重置），从3种捐献中选择，不同捐献项带来的收益不一样，捐献时请留意\n2.捐献后可获得<color=289b14>公会经验</color>和<color=289b14>公会贡献</color>，捐献是提升公会等级的重要途径\n3.当天捐献后若更换公会，不可继续捐献"},
	"maintain_vip_condition":{"key":"maintain_vip_condition","val":1,"desc":"创建公会所需vip等级"},
	"remove_limit":{"key":"remove_limit","val":10,"desc":"联盟每日可踢人次数"},
	"transfer_time_condition":{"key":"transfer_time_condition","val":48,"desc":"转让会长需要联盟创建x小时"},
	"gold_donate_remove_limit":{"key":"gold_donate_remove_limit","val":3,"desc":"联盟每日可踢捐钻石的人次数"}
},
"data_donate_box_length" : 3,
"data_donate_box" : {
	"1":{"box_val":1000,"rewards":[[10,50],[1,10000]],"effect_id":109},
	"2":{"box_val":2000,"rewards":[[10,100],[2,15000]],"effect_id":108},
	"3":{"box_val":3000,"rewards":[[10,200],[2,20000]],"effect_id":110}
},
"data_guild_red_bag_length" : 3,
"data_guild_red_bag" : {
	"1":{"id":1,"name":"小清新红包","type":2,"charge_id":501,"loss_item":[],"loss_assets":[],"val":600000,"num":10,"assets":"coin","price":12,"desc":"试问谁不喜欢金币？","msg":"不问红包出处，大家开心就好！","res_name":"redbag_4","limit":30,"reward":[[3,120],[10,550]]},
	"2":{"id":2,"name":"高端大气红包","type":2,"charge_id":502,"loss_item":[[10801,1]],"loss_assets":[],"val":500,"num":10,"assets":"gold","price":50,"desc":"钻石代表我的心意","msg":"美妙的一天，今天是值得庆祝的日子！","res_name":"redbag_10","limit":20,"reward":[[3,500],[10,650],[10403,4]]},
	"3":{"id":3,"name":"至尊土豪红包","type":2,"charge_id":503,"loss_item":[],"loss_assets":[],"val":6480,"num":15,"assets":"gold","price":648,"desc":"哗啦啦的钻石雨~","msg":"红包发给最爱的你们，么么哒！","res_name":"redbag_5","limit":10,"reward":[[3,6480],[10,10000],[14001,12]]}
}
}