{"data_const_length" : 0,
"data_const" : {

},
"data_holiday_reward_length" : 2,
"data_holiday_reward" : {
	"11001": {
		"1": {"id":1,"reward":[[26907,50]],"gold":6000,"discount":[[0,800],[20,750],[50,700],[80,650],[100,600]]},
		"2": {"id":2,"reward":[[24904,50]],"gold":6000,"discount":[[0,800],[20,750],[50,700],[80,650],[100,600]]},
		"3": {"id":3,"reward":[[10453,1]],"gold":5000,"discount":[[0,800],[20,750],[50,700],[80,650],[100,600]]},
		"4": {"id":4,"reward":[[10403,10]],"gold":2500,"discount":[[0,800],[200,750],[500,700],[800,650],[1000,500]]},
		"5": {"id":5,"reward":[[29905,2]],"gold":200,"discount":[[0,800],[200,750],[500,700],[800,650],[1000,500]]}
	},
	"14001": {
		"1": {"id":1,"reward":[[26907,50]],"gold":10000,"discount":[[0,800],[20,750],[50,700],[80,650],[100,600]]},
		"2": {"id":2,"reward":[[24904,50]],"gold":10000,"discount":[[0,800],[20,750],[50,700],[80,650],[100,600]]},
		"3": {"id":3,"reward":[[10453,1]],"gold":5000,"discount":[[0,800],[20,750],[50,700],[80,650],[100,600]]},
		"4": {"id":4,"reward":[[10403,10]],"gold":2500,"discount":[[0,800],[200,750],[500,700],[800,650],[1000,500]]},
		"5": {"id":5,"reward":[[29905,2]],"gold":200,"discount":[[0,800],[200,750],[500,700],[800,650],[1000,500]]}
	}
}
}