{"data_level_welfare_length" : 6,
"data_level_welfare" : {
	"1":{"id":1,"lev":15,"name":"15级礼包","reward":[[3,100],[10001,100],[1,50000],[22,50000]],"num":2000},
	"2":{"id":2,"lev":25,"name":"25级礼包","reward":[[10403,1],[10001,200],[1,100000],[22,100000]],"num":1000},
	"3":{"id":3,"lev":35,"name":"35级礼包","reward":[[10403,2],[72002,3],[1,200000],[22,150000]],"num":500},
	"4":{"id":4,"lev":45,"name":"45级礼包","reward":[[10403,3],[40408,1],[1,300000],[22,200000]],"num":200},
	"5":{"id":5,"lev":50,"name":"50级礼包","reward":[[10403,5],[72003,1],[1,400000],[22,250000]],"num":50},
	"6":{"id":6,"lev":55,"name":"55级礼包","reward":[[10403,10],[40111,1],[1,500000],[22,300000]],"num":10}
}
}