{"data_desc_length" : 13,
"data_desc" : {
	"1":"副本推图关卡越高，获取角色经验、金币、英雄经验效率越高",
	"2":"英雄升星、进阶可大幅提高英雄属性成长，升级属性加成提高",
	"3":"加入公会，一起打Boss可以赚取大量公会贡献",
	"4":"战斗不停！即使离线也会不断获得经验、金币、英雄碎片等挂机奖励",
	"5":"快速作战可以立即获得大量角色经验和资源",
	"6":"挑战竞技场拿竞技奖杯，珍贵英雄、先知水晶超值兑换",
	"7":"游戏怎么玩？推图、爬塔、打Boss、养英雄玩竞技，感受成长和竞技的乐趣",
	"8":"不知道做什么？日常任务点一点",
	"9":"先知召唤大概率可获得高星英雄",
	"10":"试练塔可以获得大量英雄进阶材料，帮助英雄更快成长",
	"11":"神界冒险每2天重置1次，不要忘了噢",
	"12":"精灵商店可获得各种折扣物品，召唤卷、先知水晶、进阶石应有尽有",
	"13":"不知道如何提升？点一下剧情战斗界面的英雄变强按钮吧~"
}
}