{"data_partner_const_length" : 6,
"data_partner_const" : {
	"refine_item":{"code":"refine_item","val":10102,"desc":"ID"},
	"max_lev":{"code":"max_lev","val":100,"desc":"最大精炼等级"},
	"boss_point":{"code":"boss_point","val":13,"desc":"橙装碎片ID"},
	"refine_stone_num":{"code":"refine_stone_num","val":50,"desc":"全身精炼所需最低精炼石"},
	"synthesis_vip_lev":{"code":"synthesis_vip_lev","val":2,"desc":"一键合成开启vip等级"},
	"synthesis_character_lev":{"code":"synthesis_character_lev","val":30,"desc":"一键合成开启人物等级"}
},
"data_partner_eqm_length" : 400,
"data_partner_eqm" : {
	"1_1":{"type":1,"lev":1,"expend":[[10102,1],[2,25]],"add":[["atk",11]],"sell":[[10102,1],[2,5]]},
	"1_2":{"type":1,"lev":2,"expend":[[10102,2],[2,85]],"add":[["atk",17]],"sell":[[10102,1],[2,22]]},
	"1_3":{"type":1,"lev":3,"expend":[[10102,2],[2,160]],"add":[["atk",22]],"sell":[[10102,2],[2,54]]},
	"1_4":{"type":1,"lev":4,"expend":[[10102,3],[2,250]],"add":[["atk",28]],"sell":[[10102,2],[2,104]]},
	"1_5":{"type":1,"lev":5,"expend":[[10102,3],[2,355]],"add":[["atk",33]],"sell":[[10102,3],[2,175]]},
	"1_6":{"type":1,"lev":6,"expend":[[10102,3],[2,475]],"add":[["atk",38]],"sell":[[10102,3],[2,270]]},
	"1_7":{"type":1,"lev":7,"expend":[[10102,4],[2,610]],"add":[["atk",44]],"sell":[[10102,4],[2,392]]},
	"1_8":{"type":1,"lev":8,"expend":[[10102,4],[2,760]],"add":[["atk",49]],"sell":[[10102,5],[2,544]]},
	"1_9":{"type":1,"lev":9,"expend":[[10102,5],[2,925]],"add":[["atk",55]],"sell":[[10102,6],[2,729]]},
	"1_10":{"type":1,"lev":10,"expend":[[10102,5],[2,1105]],"add":[["atk",66]],"sell":[[10102,7],[2,950]]},
	"1_11":{"type":1,"lev":11,"expend":[[10102,8],[2,1300]],"add":[["atk",73]],"sell":[[10102,9],[2,1210]]},
	"1_12":{"type":1,"lev":12,"expend":[[10102,9],[2,1510]],"add":[["atk",80]],"sell":[[10102,10],[2,1512]]},
	"1_13":{"type":1,"lev":13,"expend":[[10102,10],[2,1735]],"add":[["atk",87]],"sell":[[10102,12],[2,1859]]},
	"1_14":{"type":1,"lev":14,"expend":[[10102,10],[2,1975]],"add":[["atk",95]],"sell":[[10102,14],[2,2254]]},
	"1_15":{"type":1,"lev":15,"expend":[[10102,11],[2,2230]],"add":[["atk",102]],"sell":[[10102,17],[2,2700]]},
	"1_16":{"type":1,"lev":16,"expend":[[10102,12],[2,2500]],"add":[["atk",109]],"sell":[[10102,19],[2,3200]]},
	"1_17":{"type":1,"lev":17,"expend":[[10102,12],[2,2785]],"add":[["atk",116]],"sell":[[10102,21],[2,3757]]},
	"1_18":{"type":1,"lev":18,"expend":[[10102,13],[2,3085]],"add":[["atk",123]],"sell":[[10102,24],[2,4374]]},
	"1_19":{"type":1,"lev":19,"expend":[[10102,13],[2,3400]],"add":[["atk",131]],"sell":[[10102,27],[2,5054]]},
	"1_20":{"type":1,"lev":20,"expend":[[10102,14],[2,3730]],"add":[["atk",145]],"sell":[[10102,29],[2,5800]]},
	"1_21":{"type":1,"lev":21,"expend":[[10102,14],[2,4075]],"add":[["atk",154]],"sell":[[10102,32],[2,6615]]},
	"1_22":{"type":1,"lev":22,"expend":[[10102,15],[2,4435]],"add":[["atk",163]],"sell":[[10102,35],[2,7502]]},
	"1_23":{"type":1,"lev":23,"expend":[[10102,16],[2,4810]],"add":[["atk",171]],"sell":[[10102,38],[2,8464]]},
	"1_24":{"type":1,"lev":24,"expend":[[10102,16],[2,5200]],"add":[["atk",180]],"sell":[[10102,42],[2,9504]]},
	"1_25":{"type":1,"lev":25,"expend":[[10102,17],[2,5605]],"add":[["atk",188]],"sell":[[10102,45],[2,10625]]},
	"1_26":{"type":1,"lev":26,"expend":[[10102,17],[2,6025]],"add":[["atk",197]],"sell":[[10102,48],[2,11830]]},
	"1_27":{"type":1,"lev":27,"expend":[[10102,18],[2,6460]],"add":[["atk",205]],"sell":[[10102,52],[2,13122]]},
	"1_28":{"type":1,"lev":28,"expend":[[10102,19],[2,6910]],"add":[["atk",214]],"sell":[[10102,56],[2,14504]]},
	"1_29":{"type":1,"lev":29,"expend":[[10102,19],[2,7375]],"add":[["atk",222]],"sell":[[10102,60],[2,15979]]},
	"1_30":{"type":1,"lev":30,"expend":[[10102,22],[2,7855]],"add":[["atk",240]],"sell":[[10102,64],[2,17550]]},
	"1_31":{"type":1,"lev":31,"expend":[[10102,34],[2,8970]],"add":[["atk",249]],"sell":[[10102,71],[2,19344]]},
	"1_32":{"type":1,"lev":32,"expend":[[10102,39],[2,10160]],"add":[["atk",259]],"sell":[[10102,79],[2,21376]]},
	"1_33":{"type":1,"lev":33,"expend":[[10102,43],[2,11425]],"add":[["atk",269]],"sell":[[10102,87],[2,23661]]},
	"1_34":{"type":1,"lev":34,"expend":[[10102,48],[2,12765]],"add":[["atk",278]],"sell":[[10102,97],[2,26214]]},
	"1_35":{"type":1,"lev":35,"expend":[[10102,52],[2,14180]],"add":[["atk",288]],"sell":[[10102,107],[2,29050]]},
	"1_36":{"type":1,"lev":36,"expend":[[10102,56],[2,15670]],"add":[["atk",298]],"sell":[[10102,118],[2,32184]]},
	"1_37":{"type":1,"lev":37,"expend":[[10102,61],[2,17235]],"add":[["atk",307]],"sell":[[10102,131],[2,35631]]},
	"1_38":{"type":1,"lev":38,"expend":[[10102,65],[2,18875]],"add":[["atk",317]],"sell":[[10102,144],[2,39406]]},
	"1_39":{"type":1,"lev":39,"expend":[[10102,72],[2,21175]],"add":[["atk",327]],"sell":[[10102,158],[2,43641]]},
	"1_40":{"type":1,"lev":40,"expend":[[10102,79],[2,23595]],"add":[["atk",348]],"sell":[[10102,174],[2,48360]]},
	"1_41":{"type":1,"lev":41,"expend":[[10102,87],[2,26340]],"add":[["atk",359]],"sell":[[10102,191],[2,53628]]},
	"1_42":{"type":1,"lev":42,"expend":[[10102,95],[2,29220]],"add":[["atk",370]],"sell":[[10102,210],[2,59472]]},
	"1_43":{"type":1,"lev":43,"expend":[[10102,104],[2,32450]],"add":[["atk",380]],"sell":[[10102,231],[2,65962]]},
	"1_44":{"type":1,"lev":44,"expend":[[10102,113],[2,35830]],"add":[["atk",391]],"sell":[[10102,254],[2,73128]]},
	"1_45":{"type":1,"lev":45,"expend":[[10102,122],[2,39360]],"add":[["atk",402]],"sell":[[10102,278],[2,81000]]},
	"1_46":{"type":1,"lev":46,"expend":[[10102,131],[2,43040]],"add":[["atk",413]],"sell":[[10102,304],[2,89608]]},
	"1_47":{"type":1,"lev":47,"expend":[[10102,139],[2,46870]],"add":[["atk",424]],"sell":[[10102,332],[2,98982]]},
	"1_48":{"type":1,"lev":48,"expend":[[10102,148],[2,50850]],"add":[["atk",435]],"sell":[[10102,362],[2,109152]]},
	"1_49":{"type":1,"lev":49,"expend":[[10102,157],[2,54980]],"add":[["atk",446]],"sell":[[10102,393],[2,120148]]},
	"1_50":{"type":1,"lev":50,"expend":[[10102,170],[2,59260]],"add":[["atk",470]],"sell":[[10102,427],[2,132000]]},
	"1_51":{"type":1,"lev":51,"expend":[[10102,190],[2,64200]],"add":[["atk",482]],"sell":[[10102,465],[2,144840]]},
	"1_52":{"type":1,"lev":52,"expend":[[10102,210],[2,69320]],"add":[["atk",494]],"sell":[[10102,507],[2,158704]]},
	"1_53":{"type":1,"lev":53,"expend":[[10102,230],[2,74620]],"add":[["atk",506]],"sell":[[10102,553],[2,173628]]},
	"1_54":{"type":1,"lev":54,"expend":[[10102,268],[2,80100]],"add":[["atk",519]],"sell":[[10102,607],[2,189648]]},
	"1_55":{"type":1,"lev":55,"expend":[[10102,281],[2,85760]],"add":[["atk",531]],"sell":[[10102,663],[2,206800]]},
	"1_56":{"type":1,"lev":56,"expend":[[10102,295],[2,91600]],"add":[["atk",543]],"sell":[[10102,722],[2,225120]]},
	"1_57":{"type":1,"lev":57,"expend":[[10102,309],[2,97620]],"add":[["atk",556]],"sell":[[10102,784],[2,244644]]},
	"1_58":{"type":1,"lev":58,"expend":[[10102,322],[2,103820]],"add":[["atk",568]],"sell":[[10102,848],[2,265408]]},
	"1_59":{"type":1,"lev":59,"expend":[[10102,336],[2,110200]],"add":[["atk",580]],"sell":[[10102,915],[2,287448]]},
	"1_60":{"type":1,"lev":60,"expend":[[10102,350],[2,116760]],"add":[["atk",606]],"sell":[[10102,985],[2,310800]]},
	"1_61":{"type":1,"lev":61,"expend":[[10102,366],[2,124415]],"add":[["atk",620]],"sell":[[10102,1058],[2,335683]]},
	"1_62":{"type":1,"lev":62,"expend":[[10102,383],[2,132295]],"add":[["atk",633]],"sell":[[10102,1135],[2,362142]]},
	"1_63":{"type":1,"lev":63,"expend":[[10102,400],[2,140400]],"add":[["atk",647]],"sell":[[10102,1215],[2,390222]]},
	"1_64":{"type":1,"lev":64,"expend":[[10102,417],[2,148730]],"add":[["atk",660]],"sell":[[10102,1298],[2,419968]]},
	"1_65":{"type":1,"lev":65,"expend":[[10102,434],[2,157285]],"add":[["atk",674]],"sell":[[10102,1385],[2,451425]]},
	"1_66":{"type":1,"lev":66,"expend":[[10102,451],[2,166065]],"add":[["atk",687]],"sell":[[10102,1475],[2,484638]]},
	"1_67":{"type":1,"lev":67,"expend":[[10102,468],[2,175070]],"add":[["atk",701]],"sell":[[10102,1569],[2,519652]]},
	"1_68":{"type":1,"lev":68,"expend":[[10102,485],[2,184300]],"add":[["atk",714]],"sell":[[10102,1666],[2,556512]]},
	"1_69":{"type":1,"lev":69,"expend":[[10102,502],[2,193755]],"add":[["atk",728]],"sell":[[10102,1766],[2,595263]]},
	"1_70":{"type":1,"lev":70,"expend":[[10102,580],[2,204485]],"add":[["atk",756]],"sell":[[10102,1882],[2,636160]]},
	"1_71":{"type":1,"lev":71,"expend":[[10102,664],[2,215485]],"add":[["atk",771]],"sell":[[10102,2015],[2,679257]]},
	"1_72":{"type":1,"lev":72,"expend":[[10102,689],[2,226755]],"add":[["atk",786]],"sell":[[10102,2153],[2,724608]]},
	"1_73":{"type":1,"lev":73,"expend":[[10102,714],[2,238295]],"add":[["atk",801]],"sell":[[10102,2296],[2,772267]]},
	"1_74":{"type":1,"lev":74,"expend":[[10102,739],[2,250104]],"add":[["atk",816]],"sell":[[10102,2444],[2,822287]]},
	"1_75":{"type":1,"lev":75,"expend":[[10102,764],[2,262185]],"add":[["atk",831]],"sell":[[10102,2596],[2,874724]]},
	"1_76":{"type":1,"lev":76,"expend":[[10102,789],[2,274535]],"add":[["atk",846]],"sell":[[10102,2754],[2,929631]]},
	"1_77":{"type":1,"lev":77,"expend":[[10102,814],[2,287155]],"add":[["atk",860]],"sell":[[10102,2917],[2,987062]]},
	"1_78":{"type":1,"lev":78,"expend":[[10102,839],[2,300045]],"add":[["atk",875]],"sell":[[10102,3085],[2,1047071]]},
	"1_79":{"type":1,"lev":79,"expend":[[10102,864],[2,313204]],"add":[["atk",890]],"sell":[[10102,3258],[2,1109712]]},
	"1_80":{"type":1,"lev":80,"expend":[[10102,890],[2,328235]],"add":[["atk",921]],"sell":[[10102,3436],[2,1175359]]},
	"1_81":{"type":1,"lev":81,"expend":[[10102,920],[2,343595]],"add":[["atk",937]],"sell":[[10102,3620],[2,1244078]]},
	"1_82":{"type":1,"lev":82,"expend":[[10102,955],[2,359285]],"add":[["atk",953]],"sell":[[10102,3811],[2,1315935]]},
	"1_83":{"type":1,"lev":83,"expend":[[10102,986],[2,375305]],"add":[["atk",969]],"sell":[[10102,4008],[2,1390996]]},
	"1_84":{"type":1,"lev":84,"expend":[[10102,1016],[2,391655]],"add":[["atk",985]],"sell":[[10102,4211],[2,1469327]]},
	"1_85":{"type":1,"lev":85,"expend":[[10102,1046],[2,408335]],"add":[["atk",1001]],"sell":[[10102,4420],[2,1550994]]},
	"1_86":{"type":1,"lev":86,"expend":[[10102,1077],[2,425345]],"add":[["atk",1017]],"sell":[[10102,4636],[2,1636063]]},
	"1_87":{"type":1,"lev":87,"expend":[[10102,1107],[2,442685]],"add":[["atk",1033]],"sell":[[10102,4857],[2,1724600]]},
	"1_88":{"type":1,"lev":88,"expend":[[10102,1138],[2,460355]],"add":[["atk",1049]],"sell":[[10102,5085],[2,1816671]]},
	"1_89":{"type":1,"lev":89,"expend":[[10102,1168],[2,478354]],"add":[["atk",1065]],"sell":[[10102,5318],[2,1912342]]},
	"1_90":{"type":1,"lev":90,"expend":[[10102,1320],[2,499385]],"add":[["atk",1099]],"sell":[[10102,5582],[2,2012219]]},
	"1_91":{"type":1,"lev":91,"expend":[[10102,1473],[2,520834]],"add":[["atk",1117]],"sell":[[10102,5877],[2,2116386]]},
	"1_92":{"type":1,"lev":92,"expend":[[10102,1518],[2,542705]],"add":[["atk",1134]],"sell":[[10102,6180],[2,2224927]]},
	"1_93":{"type":1,"lev":93,"expend":[[10102,1564],[2,564995]],"add":[["atk",1151]],"sell":[[10102,6493],[2,2337926]]},
	"1_94":{"type":1,"lev":94,"expend":[[10102,1610],[2,587705]],"add":[["atk",1169]],"sell":[[10102,6815],[2,2455467]]},
	"1_95":{"type":1,"lev":95,"expend":[[10102,1656],[2,610835]],"add":[["atk",1186]],"sell":[[10102,7146],[2,2577634]]},
	"1_96":{"type":1,"lev":96,"expend":[[10102,1702],[2,634385]],"add":[["atk",1203]],"sell":[[10102,7487],[2,2704511]]},
	"1_97":{"type":1,"lev":97,"expend":[[10102,1748],[2,658355]],"add":[["atk",1220]],"sell":[[10102,7836],[2,2836182]]},
	"1_98":{"type":1,"lev":98,"expend":[[10102,1794],[2,682745]],"add":[["atk",1238]],"sell":[[10102,8195],[2,2972731]]},
	"1_99":{"type":1,"lev":99,"expend":[[10102,1840],[2,707555]],"add":[["atk",1255]],"sell":[[10102,8563],[2,3114242]]},
	"1_100":{"type":1,"lev":100,"expend":[[10102,1889],[2,733785]],"add":[["atk",1292]],"sell":[[10102,8941],[2,3260999]]},
	"3_1":{"type":3,"lev":1,"expend":[[10102,1],[2,25]],"add":[["hp_max",36],["def",5]],"sell":[[10102,1],[2,5]]},
	"3_2":{"type":3,"lev":2,"expend":[[10102,2],[2,85]],"add":[["hp_max",53],["def",7]],"sell":[[10102,1],[2,22]]},
	"3_3":{"type":3,"lev":3,"expend":[[10102,2],[2,160]],"add":[["hp_max",70],["def",10]],"sell":[[10102,2],[2,54]]},
	"3_4":{"type":3,"lev":4,"expend":[[10102,3],[2,250]],"add":[["hp_max",88],["def",12]],"sell":[[10102,2],[2,104]]},
	"3_5":{"type":3,"lev":5,"expend":[[10102,3],[2,355]],"add":[["hp_max",105],["def",14]],"sell":[[10102,3],[2,175]]},
	"3_6":{"type":3,"lev":6,"expend":[[10102,3],[2,475]],"add":[["hp_max",122],["def",16]],"sell":[[10102,3],[2,270]]},
	"3_7":{"type":3,"lev":7,"expend":[[10102,4],[2,610]],"add":[["hp_max",139],["def",19]],"sell":[[10102,4],[2,392]]},
	"3_8":{"type":3,"lev":8,"expend":[[10102,4],[2,760]],"add":[["hp_max",157],["def",21]],"sell":[[10102,5],[2,544]]},
	"3_9":{"type":3,"lev":9,"expend":[[10102,5],[2,925]],"add":[["hp_max",174],["def",24]],"sell":[[10102,6],[2,729]]},
	"3_10":{"type":3,"lev":10,"expend":[[10102,5],[2,1105]],"add":[["hp_max",210],["def",28]],"sell":[[10102,7],[2,950]]},
	"3_11":{"type":3,"lev":11,"expend":[[10102,8],[2,1300]],"add":[["hp_max",233],["def",32]],"sell":[[10102,9],[2,1210]]},
	"3_12":{"type":3,"lev":12,"expend":[[10102,9],[2,1510]],"add":[["hp_max",255],["def",35]],"sell":[[10102,10],[2,1512]]},
	"3_13":{"type":3,"lev":13,"expend":[[10102,10],[2,1735]],"add":[["hp_max",279],["def",38]],"sell":[[10102,12],[2,1859]]},
	"3_14":{"type":3,"lev":14,"expend":[[10102,10],[2,1975]],"add":[["hp_max",301],["def",41]],"sell":[[10102,14],[2,2254]]},
	"3_15":{"type":3,"lev":15,"expend":[[10102,11],[2,2230]],"add":[["hp_max",324],["def",44]],"sell":[[10102,17],[2,2700]]},
	"3_16":{"type":3,"lev":16,"expend":[[10102,12],[2,2500]],"add":[["hp_max",347],["def",47]],"sell":[[10102,19],[2,3200]]},
	"3_17":{"type":3,"lev":17,"expend":[[10102,12],[2,2785]],"add":[["hp_max",370],["def",50]],"sell":[[10102,21],[2,3757]]},
	"3_18":{"type":3,"lev":18,"expend":[[10102,13],[2,3085]],"add":[["hp_max",393],["def",54]],"sell":[[10102,24],[2,4374]]},
	"3_19":{"type":3,"lev":19,"expend":[[10102,13],[2,3400]],"add":[["hp_max",416],["def",56]],"sell":[[10102,27],[2,5054]]},
	"3_20":{"type":3,"lev":20,"expend":[[10102,14],[2,3730]],"add":[["hp_max",464],["def",63]],"sell":[[10102,29],[2,5800]]},
	"3_21":{"type":3,"lev":21,"expend":[[10102,14],[2,4075]],"add":[["hp_max",492],["def",67]],"sell":[[10102,32],[2,6615]]},
	"3_22":{"type":3,"lev":22,"expend":[[10102,15],[2,4435]],"add":[["hp_max",518],["def",70]],"sell":[[10102,35],[2,7502]]},
	"3_23":{"type":3,"lev":23,"expend":[[10102,16],[2,4810]],"add":[["hp_max",545],["def",74]],"sell":[[10102,38],[2,8464]]},
	"3_24":{"type":3,"lev":24,"expend":[[10102,16],[2,5200]],"add":[["hp_max",572],["def",78]],"sell":[[10102,42],[2,9504]]},
	"3_25":{"type":3,"lev":25,"expend":[[10102,17],[2,5605]],"add":[["hp_max",599],["def",82]],"sell":[[10102,45],[2,10625]]},
	"3_26":{"type":3,"lev":26,"expend":[[10102,17],[2,6025]],"add":[["hp_max",626],["def",85]],"sell":[[10102,48],[2,11830]]},
	"3_27":{"type":3,"lev":27,"expend":[[10102,18],[2,6460]],"add":[["hp_max",653],["def",89]],"sell":[[10102,52],[2,13122]]},
	"3_28":{"type":3,"lev":28,"expend":[[10102,19],[2,6910]],"add":[["hp_max",680],["def",92]],"sell":[[10102,56],[2,14504]]},
	"3_29":{"type":3,"lev":29,"expend":[[10102,19],[2,7375]],"add":[["hp_max",707],["def",96]],"sell":[[10102,60],[2,15979]]},
	"3_30":{"type":3,"lev":30,"expend":[[10102,22],[2,7855]],"add":[["hp_max",764],["def",104]],"sell":[[10102,64],[2,17550]]},
	"3_31":{"type":3,"lev":31,"expend":[[10102,34],[2,8970]],"add":[["hp_max",795],["def",108]],"sell":[[10102,71],[2,19344]]},
	"3_32":{"type":3,"lev":32,"expend":[[10102,39],[2,10160]],"add":[["hp_max",826],["def",112]],"sell":[[10102,79],[2,21376]]},
	"3_33":{"type":3,"lev":33,"expend":[[10102,43],[2,11425]],"add":[["hp_max",857],["def",116]],"sell":[[10102,87],[2,23661]]},
	"3_34":{"type":3,"lev":34,"expend":[[10102,48],[2,12765]],"add":[["hp_max",888],["def",121]],"sell":[[10102,97],[2,26214]]},
	"3_35":{"type":3,"lev":35,"expend":[[10102,52],[2,14180]],"add":[["hp_max",919],["def",125]],"sell":[[10102,107],[2,29050]]},
	"3_36":{"type":3,"lev":36,"expend":[[10102,56],[2,15670]],"add":[["hp_max",950],["def",129]],"sell":[[10102,118],[2,32184]]},
	"3_37":{"type":3,"lev":37,"expend":[[10102,61],[2,17235]],"add":[["hp_max",981],["def",134]],"sell":[[10102,131],[2,35631]]},
	"3_38":{"type":3,"lev":38,"expend":[[10102,65],[2,18875]],"add":[["hp_max",1012],["def",138]],"sell":[[10102,144],[2,39406]]},
	"3_39":{"type":3,"lev":39,"expend":[[10102,72],[2,21175]],"add":[["hp_max",1043],["def",142]],"sell":[[10102,158],[2,43641]]},
	"3_40":{"type":3,"lev":40,"expend":[[10102,79],[2,23595]],"add":[["hp_max",1109],["def",151]],"sell":[[10102,174],[2,48360]]},
	"3_41":{"type":3,"lev":41,"expend":[[10102,87],[2,26340]],"add":[["hp_max",1144],["def",156]],"sell":[[10102,191],[2,53628]]},
	"3_42":{"type":3,"lev":42,"expend":[[10102,95],[2,29220]],"add":[["hp_max",1179],["def",160]],"sell":[[10102,210],[2,59472]]},
	"3_43":{"type":3,"lev":43,"expend":[[10102,104],[2,32450]],"add":[["hp_max",1214],["def",165]],"sell":[[10102,231],[2,65962]]},
	"3_44":{"type":3,"lev":44,"expend":[[10102,113],[2,35830]],"add":[["hp_max",1249],["def",170]],"sell":[[10102,254],[2,73128]]},
	"3_45":{"type":3,"lev":45,"expend":[[10102,122],[2,39360]],"add":[["hp_max",1284],["def",175]],"sell":[[10102,278],[2,81000]]},
	"3_46":{"type":3,"lev":46,"expend":[[10102,131],[2,43040]],"add":[["hp_max",1319],["def",180]],"sell":[[10102,304],[2,89608]]},
	"3_47":{"type":3,"lev":47,"expend":[[10102,139],[2,46870]],"add":[["hp_max",1354],["def",184]],"sell":[[10102,332],[2,98982]]},
	"3_48":{"type":3,"lev":48,"expend":[[10102,148],[2,50850]],"add":[["hp_max",1389],["def",189]],"sell":[[10102,362],[2,109152]]},
	"3_49":{"type":3,"lev":49,"expend":[[10102,157],[2,54980]],"add":[["hp_max",1424],["def",194]],"sell":[[10102,393],[2,120148]]},
	"3_50":{"type":3,"lev":50,"expend":[[10102,170],[2,59260]],"add":[["hp_max",1498],["def",204]],"sell":[[10102,427],[2,132000]]},
	"3_51":{"type":3,"lev":51,"expend":[[10102,190],[2,64200]],"add":[["hp_max",1537],["def",209]],"sell":[[10102,465],[2,144840]]},
	"3_52":{"type":3,"lev":52,"expend":[[10102,210],[2,69320]],"add":[["hp_max",1576],["def",214]],"sell":[[10102,507],[2,158704]]},
	"3_53":{"type":3,"lev":53,"expend":[[10102,230],[2,74620]],"add":[["hp_max",1615],["def",220]],"sell":[[10102,553],[2,173628]]},
	"3_54":{"type":3,"lev":54,"expend":[[10102,268],[2,80100]],"add":[["hp_max",1655],["def",225]],"sell":[[10102,607],[2,189648]]},
	"3_55":{"type":3,"lev":55,"expend":[[10102,281],[2,85760]],"add":[["hp_max",1694],["def",230]],"sell":[[10102,663],[2,206800]]},
	"3_56":{"type":3,"lev":56,"expend":[[10102,295],[2,91600]],"add":[["hp_max",1733],["def",236]],"sell":[[10102,722],[2,225120]]},
	"3_57":{"type":3,"lev":57,"expend":[[10102,309],[2,97620]],"add":[["hp_max",1772],["def",241]],"sell":[[10102,784],[2,244644]]},
	"3_58":{"type":3,"lev":58,"expend":[[10102,322],[2,103820]],"add":[["hp_max",1811],["def",246]],"sell":[[10102,848],[2,265408]]},
	"3_59":{"type":3,"lev":59,"expend":[[10102,336],[2,110200]],"add":[["hp_max",1850],["def",252]],"sell":[[10102,915],[2,287448]]},
	"3_60":{"type":3,"lev":60,"expend":[[10102,350],[2,116760]],"add":[["hp_max",1933],["def",263]],"sell":[[10102,985],[2,310800]]},
	"3_61":{"type":3,"lev":61,"expend":[[10102,366],[2,124415]],"add":[["hp_max",1976],["def",268]],"sell":[[10102,1058],[2,335683]]},
	"3_62":{"type":3,"lev":62,"expend":[[10102,383],[2,132295]],"add":[["hp_max",2019],["def",274]],"sell":[[10102,1135],[2,362142]]},
	"3_63":{"type":3,"lev":63,"expend":[[10102,400],[2,140400]],"add":[["hp_max",2062],["def",280]],"sell":[[10102,1215],[2,390222]]},
	"3_64":{"type":3,"lev":64,"expend":[[10102,417],[2,148730]],"add":[["hp_max",2105],["def",286]],"sell":[[10102,1298],[2,419968]]},
	"3_65":{"type":3,"lev":65,"expend":[[10102,434],[2,157285]],"add":[["hp_max",2149],["def",292]],"sell":[[10102,1385],[2,451425]]},
	"3_66":{"type":3,"lev":66,"expend":[[10102,451],[2,166065]],"add":[["hp_max",2192],["def",298]],"sell":[[10102,1475],[2,484638]]},
	"3_67":{"type":3,"lev":67,"expend":[[10102,468],[2,175070]],"add":[["hp_max",2235],["def",304]],"sell":[[10102,1569],[2,519652]]},
	"3_68":{"type":3,"lev":68,"expend":[[10102,485],[2,184300]],"add":[["hp_max",2278],["def",310]],"sell":[[10102,1666],[2,556512]]},
	"3_69":{"type":3,"lev":69,"expend":[[10102,502],[2,193755]],"add":[["hp_max",2321],["def",315]],"sell":[[10102,1766],[2,595263]]},
	"3_70":{"type":3,"lev":70,"expend":[[10102,580],[2,204485]],"add":[["hp_max",2412],["def",328]],"sell":[[10102,1882],[2,636160]]},
	"3_71":{"type":3,"lev":71,"expend":[[10102,664],[2,215485]],"add":[["hp_max",2459],["def",334]],"sell":[[10102,2015],[2,679257]]},
	"3_72":{"type":3,"lev":72,"expend":[[10102,689],[2,226755]],"add":[["hp_max",2507],["def",341]],"sell":[[10102,2153],[2,724608]]},
	"3_73":{"type":3,"lev":73,"expend":[[10102,714],[2,238295]],"add":[["hp_max",2554],["def",347]],"sell":[[10102,2296],[2,772267]]},
	"3_74":{"type":3,"lev":74,"expend":[[10102,739],[2,250104]],"add":[["hp_max",2601],["def",354]],"sell":[[10102,2444],[2,822287]]},
	"3_75":{"type":3,"lev":75,"expend":[[10102,764],[2,262185]],"add":[["hp_max",2648],["def",360]],"sell":[[10102,2596],[2,874724]]},
	"3_76":{"type":3,"lev":76,"expend":[[10102,789],[2,274535]],"add":[["hp_max",2695],["def",366]],"sell":[[10102,2754],[2,929631]]},
	"3_77":{"type":3,"lev":77,"expend":[[10102,814],[2,287155]],"add":[["hp_max",2743],["def",373]],"sell":[[10102,2917],[2,987062]]},
	"3_78":{"type":3,"lev":78,"expend":[[10102,839],[2,300045]],"add":[["hp_max",2790],["def",379]],"sell":[[10102,3085],[2,1047071]]},
	"3_79":{"type":3,"lev":79,"expend":[[10102,864],[2,313204]],"add":[["hp_max",2837],["def",386]],"sell":[[10102,3258],[2,1109712]]},
	"3_80":{"type":3,"lev":80,"expend":[[10102,890],[2,328235]],"add":[["hp_max",2936],["def",399]],"sell":[[10102,3436],[2,1175359]]},
	"3_81":{"type":3,"lev":81,"expend":[[10102,920],[2,343595]],"add":[["hp_max",2988],["def",406]],"sell":[[10102,3620],[2,1244078]]},
	"3_82":{"type":3,"lev":82,"expend":[[10102,955],[2,359285]],"add":[["hp_max",3039],["def",413]],"sell":[[10102,3811],[2,1315935]]},
	"3_83":{"type":3,"lev":83,"expend":[[10102,986],[2,375305]],"add":[["hp_max",3090],["def",420]],"sell":[[10102,4008],[2,1390996]]},
	"3_84":{"type":3,"lev":84,"expend":[[10102,1016],[2,391655]],"add":[["hp_max",3142],["def",427]],"sell":[[10102,4211],[2,1469327]]},
	"3_85":{"type":3,"lev":85,"expend":[[10102,1046],[2,408335]],"add":[["hp_max",3193],["def",434]],"sell":[[10102,4420],[2,1550994]]},
	"3_86":{"type":3,"lev":86,"expend":[[10102,1077],[2,425345]],"add":[["hp_max",3244],["def",441]],"sell":[[10102,4636],[2,1636063]]},
	"3_87":{"type":3,"lev":87,"expend":[[10102,1107],[2,442685]],"add":[["hp_max",3295],["def",448]],"sell":[[10102,4857],[2,1724600]]},
	"3_88":{"type":3,"lev":88,"expend":[[10102,1138],[2,460355]],"add":[["hp_max",3346],["def",455]],"sell":[[10102,5085],[2,1816671]]},
	"3_89":{"type":3,"lev":89,"expend":[[10102,1168],[2,478354]],"add":[["hp_max",3398],["def",462]],"sell":[[10102,5318],[2,1912342]]},
	"3_90":{"type":3,"lev":90,"expend":[[10102,1320],[2,499385]],"add":[["hp_max",3506],["def",476]],"sell":[[10102,5582],[2,2012219]]},
	"3_91":{"type":3,"lev":91,"expend":[[10102,1473],[2,520834]],"add":[["hp_max",3561],["def",484]],"sell":[[10102,5877],[2,2116386]]},
	"3_92":{"type":3,"lev":92,"expend":[[10102,1518],[2,542705]],"add":[["hp_max",3616],["def",492]],"sell":[[10102,6180],[2,2224927]]},
	"3_93":{"type":3,"lev":93,"expend":[[10102,1564],[2,564995]],"add":[["hp_max",3672],["def",499]],"sell":[[10102,6493],[2,2337926]]},
	"3_94":{"type":3,"lev":94,"expend":[[10102,1610],[2,587705]],"add":[["hp_max",3727],["def",506]],"sell":[[10102,6815],[2,2455467]]},
	"3_95":{"type":3,"lev":95,"expend":[[10102,1656],[2,610835]],"add":[["hp_max",3782],["def",514]],"sell":[[10102,7146],[2,2577634]]},
	"3_96":{"type":3,"lev":96,"expend":[[10102,1702],[2,634385]],"add":[["hp_max",3837],["def",522]],"sell":[[10102,7487],[2,2704511]]},
	"3_97":{"type":3,"lev":97,"expend":[[10102,1748],[2,658355]],"add":[["hp_max",3893],["def",529]],"sell":[[10102,7836],[2,2836182]]},
	"3_98":{"type":3,"lev":98,"expend":[[10102,1794],[2,682745]],"add":[["hp_max",3948],["def",537]],"sell":[[10102,8195],[2,2972731]]},
	"3_99":{"type":3,"lev":99,"expend":[[10102,1840],[2,707555]],"add":[["hp_max",4003],["def",544]],"sell":[[10102,8563],[2,3114242]]},
	"3_100":{"type":3,"lev":100,"expend":[[10102,1889],[2,733785]],"add":[["hp_max",4120],["def",560]],"sell":[[10102,8941],[2,3260999]]},
	"4_1":{"type":4,"lev":1,"expend":[[10102,1],[2,25]],"add":[["hp_max",26],["def",7]],"sell":[[10102,1],[2,5]]},
	"4_2":{"type":4,"lev":2,"expend":[[10102,2],[2,85]],"add":[["hp_max",38],["def",11]],"sell":[[10102,1],[2,22]]},
	"4_3":{"type":4,"lev":3,"expend":[[10102,2],[2,160]],"add":[["hp_max",51],["def",14]],"sell":[[10102,2],[2,54]]},
	"4_4":{"type":4,"lev":4,"expend":[[10102,3],[2,250]],"add":[["hp_max",63],["def",18]],"sell":[[10102,2],[2,104]]},
	"4_5":{"type":4,"lev":5,"expend":[[10102,3],[2,355]],"add":[["hp_max",75],["def",21]],"sell":[[10102,3],[2,175]]},
	"4_6":{"type":4,"lev":6,"expend":[[10102,3],[2,475]],"add":[["hp_max",88],["def",25]],"sell":[[10102,3],[2,270]]},
	"4_7":{"type":4,"lev":7,"expend":[[10102,4],[2,610]],"add":[["hp_max",100],["def",28]],"sell":[[10102,4],[2,392]]},
	"4_8":{"type":4,"lev":8,"expend":[[10102,4],[2,760]],"add":[["hp_max",112],["def",32]],"sell":[[10102,5],[2,544]]},
	"4_9":{"type":4,"lev":9,"expend":[[10102,5],[2,925]],"add":[["hp_max",125],["def",35]],"sell":[[10102,6],[2,729]]},
	"4_10":{"type":4,"lev":10,"expend":[[10102,5],[2,1105]],"add":[["hp_max",151],["def",43]],"sell":[[10102,7],[2,950]]},
	"4_11":{"type":4,"lev":11,"expend":[[10102,8],[2,1300]],"add":[["hp_max",167],["def",47]],"sell":[[10102,9],[2,1210]]},
	"4_12":{"type":4,"lev":12,"expend":[[10102,9],[2,1510]],"add":[["hp_max",184],["def",52]],"sell":[[10102,10],[2,1512]]},
	"4_13":{"type":4,"lev":13,"expend":[[10102,10],[2,1735]],"add":[["hp_max",200],["def",57]],"sell":[[10102,12],[2,1859]]},
	"4_14":{"type":4,"lev":14,"expend":[[10102,10],[2,1975]],"add":[["hp_max",216],["def",61]],"sell":[[10102,14],[2,2254]]},
	"4_15":{"type":4,"lev":15,"expend":[[10102,11],[2,2230]],"add":[["hp_max",233],["def",66]],"sell":[[10102,17],[2,2700]]},
	"4_16":{"type":4,"lev":16,"expend":[[10102,12],[2,2500]],"add":[["hp_max",250],["def",71]],"sell":[[10102,19],[2,3200]]},
	"4_17":{"type":4,"lev":17,"expend":[[10102,12],[2,2785]],"add":[["hp_max",266],["def",76]],"sell":[[10102,21],[2,3757]]},
	"4_18":{"type":4,"lev":18,"expend":[[10102,13],[2,3085]],"add":[["hp_max",282],["def",80]],"sell":[[10102,24],[2,4374]]},
	"4_19":{"type":4,"lev":19,"expend":[[10102,13],[2,3400]],"add":[["hp_max",299],["def",85]],"sell":[[10102,27],[2,5054]]},
	"4_20":{"type":4,"lev":20,"expend":[[10102,14],[2,3730]],"add":[["hp_max",334],["def",95]],"sell":[[10102,29],[2,5800]]},
	"4_21":{"type":4,"lev":21,"expend":[[10102,14],[2,4075]],"add":[["hp_max",353],["def",100]],"sell":[[10102,32],[2,6615]]},
	"4_22":{"type":4,"lev":22,"expend":[[10102,15],[2,4435]],"add":[["hp_max",372],["def",106]],"sell":[[10102,35],[2,7502]]},
	"4_23":{"type":4,"lev":23,"expend":[[10102,16],[2,4810]],"add":[["hp_max",392],["def",111]],"sell":[[10102,38],[2,8464]]},
	"4_24":{"type":4,"lev":24,"expend":[[10102,16],[2,5200]],"add":[["hp_max",411],["def",117]],"sell":[[10102,42],[2,9504]]},
	"4_25":{"type":4,"lev":25,"expend":[[10102,17],[2,5605]],"add":[["hp_max",430],["def",122]],"sell":[[10102,45],[2,10625]]},
	"4_26":{"type":4,"lev":26,"expend":[[10102,17],[2,6025]],"add":[["hp_max",450],["def",128]],"sell":[[10102,48],[2,11830]]},
	"4_27":{"type":4,"lev":27,"expend":[[10102,18],[2,6460]],"add":[["hp_max",469],["def",133]],"sell":[[10102,52],[2,13122]]},
	"4_28":{"type":4,"lev":28,"expend":[[10102,19],[2,6910]],"add":[["hp_max",488],["def",139]],"sell":[[10102,56],[2,14504]]},
	"4_29":{"type":4,"lev":29,"expend":[[10102,19],[2,7375]],"add":[["hp_max",508],["def",145]],"sell":[[10102,60],[2,15979]]},
	"4_30":{"type":4,"lev":30,"expend":[[10102,22],[2,7855]],"add":[["hp_max",549],["def",156]],"sell":[[10102,64],[2,17550]]},
	"4_31":{"type":4,"lev":31,"expend":[[10102,34],[2,8970]],"add":[["hp_max",571],["def",162]],"sell":[[10102,71],[2,19344]]},
	"4_32":{"type":4,"lev":32,"expend":[[10102,39],[2,10160]],"add":[["hp_max",593],["def",169]],"sell":[[10102,79],[2,21376]]},
	"4_33":{"type":4,"lev":33,"expend":[[10102,43],[2,11425]],"add":[["hp_max",616],["def",175]],"sell":[[10102,87],[2,23661]]},
	"4_34":{"type":4,"lev":34,"expend":[[10102,48],[2,12765]],"add":[["hp_max",638],["def",181]],"sell":[[10102,97],[2,26214]]},
	"4_35":{"type":4,"lev":35,"expend":[[10102,52],[2,14180]],"add":[["hp_max",660],["def",188]],"sell":[[10102,107],[2,29050]]},
	"4_36":{"type":4,"lev":36,"expend":[[10102,56],[2,15670]],"add":[["hp_max",683],["def",194]],"sell":[[10102,118],[2,32184]]},
	"4_37":{"type":4,"lev":37,"expend":[[10102,61],[2,17235]],"add":[["hp_max",705],["def",200]],"sell":[[10102,131],[2,35631]]},
	"4_38":{"type":4,"lev":38,"expend":[[10102,65],[2,18875]],"add":[["hp_max",727],["def",206]],"sell":[[10102,144],[2,39406]]},
	"4_39":{"type":4,"lev":39,"expend":[[10102,72],[2,21175]],"add":[["hp_max",749],["def",213]],"sell":[[10102,158],[2,43641]]},
	"4_40":{"type":4,"lev":40,"expend":[[10102,79],[2,23595]],"add":[["hp_max",797],["def",226]],"sell":[[10102,174],[2,48360]]},
	"4_41":{"type":4,"lev":41,"expend":[[10102,87],[2,26340]],"add":[["hp_max",822],["def",233]],"sell":[[10102,191],[2,53628]]},
	"4_42":{"type":4,"lev":42,"expend":[[10102,95],[2,29220]],"add":[["hp_max",847],["def",241]],"sell":[[10102,210],[2,59472]]},
	"4_43":{"type":4,"lev":43,"expend":[[10102,104],[2,32450]],"add":[["hp_max",872],["def",248]],"sell":[[10102,231],[2,65962]]},
	"4_44":{"type":4,"lev":44,"expend":[[10102,113],[2,35830]],"add":[["hp_max",897],["def",255]],"sell":[[10102,254],[2,73128]]},
	"4_45":{"type":4,"lev":45,"expend":[[10102,122],[2,39360]],"add":[["hp_max",922],["def",262]],"sell":[[10102,278],[2,81000]]},
	"4_46":{"type":4,"lev":46,"expend":[[10102,131],[2,43040]],"add":[["hp_max",947],["def",269]],"sell":[[10102,304],[2,89608]]},
	"4_47":{"type":4,"lev":47,"expend":[[10102,139],[2,46870]],"add":[["hp_max",973],["def",277]],"sell":[[10102,332],[2,98982]]},
	"4_48":{"type":4,"lev":48,"expend":[[10102,148],[2,50850]],"add":[["hp_max",998],["def",284]],"sell":[[10102,362],[2,109152]]},
	"4_49":{"type":4,"lev":49,"expend":[[10102,157],[2,54980]],"add":[["hp_max",1023],["def",291]],"sell":[[10102,393],[2,120148]]},
	"4_50":{"type":4,"lev":50,"expend":[[10102,170],[2,59260]],"add":[["hp_max",1076],["def",305]],"sell":[[10102,427],[2,132000]]},
	"4_51":{"type":4,"lev":51,"expend":[[10102,190],[2,64200]],"add":[["hp_max",1104],["def",313]],"sell":[[10102,465],[2,144840]]},
	"4_52":{"type":4,"lev":52,"expend":[[10102,210],[2,69320]],"add":[["hp_max",1132],["def",322]],"sell":[[10102,507],[2,158704]]},
	"4_53":{"type":4,"lev":53,"expend":[[10102,230],[2,74620]],"add":[["hp_max",1161],["def",329]],"sell":[[10102,553],[2,173628]]},
	"4_54":{"type":4,"lev":54,"expend":[[10102,268],[2,80100]],"add":[["hp_max",1189],["def",338]],"sell":[[10102,607],[2,189648]]},
	"4_55":{"type":4,"lev":55,"expend":[[10102,281],[2,85760]],"add":[["hp_max",1217],["def",346]],"sell":[[10102,663],[2,206800]]},
	"4_56":{"type":4,"lev":56,"expend":[[10102,295],[2,91600]],"add":[["hp_max",1245],["def",353]],"sell":[[10102,722],[2,225120]]},
	"4_57":{"type":4,"lev":57,"expend":[[10102,309],[2,97620]],"add":[["hp_max",1273],["def",362]],"sell":[[10102,784],[2,244644]]},
	"4_58":{"type":4,"lev":58,"expend":[[10102,322],[2,103820]],"add":[["hp_max",1301],["def",370]],"sell":[[10102,848],[2,265408]]},
	"4_59":{"type":4,"lev":59,"expend":[[10102,336],[2,110200]],"add":[["hp_max",1329],["def",378]],"sell":[[10102,915],[2,287448]]},
	"4_60":{"type":4,"lev":60,"expend":[[10102,350],[2,116760]],"add":[["hp_max",1389],["def",394]],"sell":[[10102,985],[2,310800]]},
	"4_61":{"type":4,"lev":61,"expend":[[10102,366],[2,124415]],"add":[["hp_max",1420],["def",403]],"sell":[[10102,1058],[2,335683]]},
	"4_62":{"type":4,"lev":62,"expend":[[10102,383],[2,132295]],"add":[["hp_max",1451],["def",412]],"sell":[[10102,1135],[2,362142]]},
	"4_63":{"type":4,"lev":63,"expend":[[10102,400],[2,140400]],"add":[["hp_max",1481],["def",421]],"sell":[[10102,1215],[2,390222]]},
	"4_64":{"type":4,"lev":64,"expend":[[10102,417],[2,148730]],"add":[["hp_max",1513],["def",429]],"sell":[[10102,1298],[2,419968]]},
	"4_65":{"type":4,"lev":65,"expend":[[10102,434],[2,157285]],"add":[["hp_max",1544],["def",438]],"sell":[[10102,1385],[2,451425]]},
	"4_66":{"type":4,"lev":66,"expend":[[10102,451],[2,166065]],"add":[["hp_max",1575],["def",446]],"sell":[[10102,1475],[2,484638]]},
	"4_67":{"type":4,"lev":67,"expend":[[10102,468],[2,175070]],"add":[["hp_max",1606],["def",455]],"sell":[[10102,1569],[2,519652]]},
	"4_68":{"type":4,"lev":68,"expend":[[10102,485],[2,184300]],"add":[["hp_max",1637],["def",464]],"sell":[[10102,1666],[2,556512]]},
	"4_69":{"type":4,"lev":69,"expend":[[10102,502],[2,193755]],"add":[["hp_max",1668],["def",473]],"sell":[[10102,1766],[2,595263]]},
	"4_70":{"type":4,"lev":70,"expend":[[10102,580],[2,204485]],"add":[["hp_max",1733],["def",492]],"sell":[[10102,1882],[2,636160]]},
	"4_71":{"type":4,"lev":71,"expend":[[10102,664],[2,215485]],"add":[["hp_max",1767],["def",502]],"sell":[[10102,2015],[2,679257]]},
	"4_72":{"type":4,"lev":72,"expend":[[10102,689],[2,226755]],"add":[["hp_max",1801],["def",511]],"sell":[[10102,2153],[2,724608]]},
	"4_73":{"type":4,"lev":73,"expend":[[10102,714],[2,238295]],"add":[["hp_max",1835],["def",521]],"sell":[[10102,2296],[2,772267]]},
	"4_74":{"type":4,"lev":74,"expend":[[10102,739],[2,250104]],"add":[["hp_max",1869],["def",530]],"sell":[[10102,2444],[2,822287]]},
	"4_75":{"type":4,"lev":75,"expend":[[10102,764],[2,262185]],"add":[["hp_max",1903],["def",540]],"sell":[[10102,2596],[2,874724]]},
	"4_76":{"type":4,"lev":76,"expend":[[10102,789],[2,274535]],"add":[["hp_max",1936],["def",550]],"sell":[[10102,2754],[2,929631]]},
	"4_77":{"type":4,"lev":77,"expend":[[10102,814],[2,287155]],"add":[["hp_max",1970],["def",559]],"sell":[[10102,2917],[2,987062]]},
	"4_78":{"type":4,"lev":78,"expend":[[10102,839],[2,300045]],"add":[["hp_max",2004],["def",569]],"sell":[[10102,3085],[2,1047071]]},
	"4_79":{"type":4,"lev":79,"expend":[[10102,864],[2,313204]],"add":[["hp_max",2038],["def",578]],"sell":[[10102,3258],[2,1109712]]},
	"4_80":{"type":4,"lev":80,"expend":[[10102,890],[2,328235]],"add":[["hp_max",2110],["def",599]],"sell":[[10102,3436],[2,1175359]]},
	"4_81":{"type":4,"lev":81,"expend":[[10102,920],[2,343595]],"add":[["hp_max",2147],["def",609]],"sell":[[10102,3620],[2,1244078]]},
	"4_82":{"type":4,"lev":82,"expend":[[10102,955],[2,359285]],"add":[["hp_max",2183],["def",620]],"sell":[[10102,3811],[2,1315935]]},
	"4_83":{"type":4,"lev":83,"expend":[[10102,986],[2,375305]],"add":[["hp_max",2220],["def",630]],"sell":[[10102,4008],[2,1390996]]},
	"4_84":{"type":4,"lev":84,"expend":[[10102,1016],[2,391655]],"add":[["hp_max",2257],["def",640]],"sell":[[10102,4211],[2,1469327]]},
	"4_85":{"type":4,"lev":85,"expend":[[10102,1046],[2,408335]],"add":[["hp_max",2294],["def",651]],"sell":[[10102,4420],[2,1550994]]},
	"4_86":{"type":4,"lev":86,"expend":[[10102,1077],[2,425345]],"add":[["hp_max",2331],["def",661]],"sell":[[10102,4636],[2,1636063]]},
	"4_87":{"type":4,"lev":87,"expend":[[10102,1107],[2,442685]],"add":[["hp_max",2367],["def",672]],"sell":[[10102,4857],[2,1724600]]},
	"4_88":{"type":4,"lev":88,"expend":[[10102,1138],[2,460355]],"add":[["hp_max",2404],["def",682]],"sell":[[10102,5085],[2,1816671]]},
	"4_89":{"type":4,"lev":89,"expend":[[10102,1168],[2,478354]],"add":[["hp_max",2441],["def",692]],"sell":[[10102,5318],[2,1912342]]},
	"4_90":{"type":4,"lev":90,"expend":[[10102,1320],[2,499385]],"add":[["hp_max",2519],["def",715]],"sell":[[10102,5582],[2,2012219]]},
	"4_91":{"type":4,"lev":91,"expend":[[10102,1473],[2,520834]],"add":[["hp_max",2558],["def",726]],"sell":[[10102,5877],[2,2116386]]},
	"4_92":{"type":4,"lev":92,"expend":[[10102,1518],[2,542705]],"add":[["hp_max",2598],["def",737]],"sell":[[10102,6180],[2,2224927]]},
	"4_93":{"type":4,"lev":93,"expend":[[10102,1564],[2,564995]],"add":[["hp_max",2638],["def",749]],"sell":[[10102,6493],[2,2337926]]},
	"4_94":{"type":4,"lev":94,"expend":[[10102,1610],[2,587705]],"add":[["hp_max",2678],["def",760]],"sell":[[10102,6815],[2,2455467]]},
	"4_95":{"type":4,"lev":95,"expend":[[10102,1656],[2,610835]],"add":[["hp_max",2717],["def",771]],"sell":[[10102,7146],[2,2577634]]},
	"4_96":{"type":4,"lev":96,"expend":[[10102,1702],[2,634385]],"add":[["hp_max",2757],["def",782]],"sell":[[10102,7487],[2,2704511]]},
	"4_97":{"type":4,"lev":97,"expend":[[10102,1748],[2,658355]],"add":[["hp_max",2797],["def",794]],"sell":[[10102,7836],[2,2836182]]},
	"4_98":{"type":4,"lev":98,"expend":[[10102,1794],[2,682745]],"add":[["hp_max",2837],["def",805]],"sell":[[10102,8195],[2,2972731]]},
	"4_99":{"type":4,"lev":99,"expend":[[10102,1840],[2,707555]],"add":[["hp_max",2876],["def",816]],"sell":[[10102,8563],[2,3114242]]},
	"4_100":{"type":4,"lev":100,"expend":[[10102,1889],[2,733785]],"add":[["hp_max",2960],["def",840]],"sell":[[10102,8941],[2,3260999]]},
	"2_1":{"type":2,"lev":1,"expend":[[10102,1],[2,25]],"add":[["atk",6],["hp_max",25]],"sell":[[10102,1],[2,5]]},
	"2_2":{"type":2,"lev":2,"expend":[[10102,2],[2,85]],"add":[["atk",9],["hp_max",38]],"sell":[[10102,1],[2,22]]},
	"2_3":{"type":2,"lev":3,"expend":[[10102,2],[2,160]],"add":[["atk",12],["hp_max",50]],"sell":[[10102,2],[2,54]]},
	"2_4":{"type":2,"lev":4,"expend":[[10102,3],[2,250]],"add":[["atk",15],["hp_max",62]],"sell":[[10102,2],[2,104]]},
	"2_5":{"type":2,"lev":5,"expend":[[10102,3],[2,355]],"add":[["atk",18],["hp_max",74]],"sell":[[10102,3],[2,175]]},
	"2_6":{"type":2,"lev":6,"expend":[[10102,3],[2,475]],"add":[["atk",21],["hp_max",86]],"sell":[[10102,3],[2,270]]},
	"2_7":{"type":2,"lev":7,"expend":[[10102,4],[2,610]],"add":[["atk",24],["hp_max",99]],"sell":[[10102,4],[2,392]]},
	"2_8":{"type":2,"lev":8,"expend":[[10102,4],[2,760]],"add":[["atk",27],["hp_max",111]],"sell":[[10102,5],[2,544]]},
	"2_9":{"type":2,"lev":9,"expend":[[10102,5],[2,925]],"add":[["atk",30],["hp_max",123]],"sell":[[10102,6],[2,729]]},
	"2_10":{"type":2,"lev":10,"expend":[[10102,5],[2,1105]],"add":[["atk",36],["hp_max",149]],"sell":[[10102,7],[2,950]]},
	"2_11":{"type":2,"lev":11,"expend":[[10102,8],[2,1300]],"add":[["atk",40],["hp_max",165]],"sell":[[10102,9],[2,1210]]},
	"2_12":{"type":2,"lev":12,"expend":[[10102,9],[2,1510]],"add":[["atk",44],["hp_max",181]],"sell":[[10102,10],[2,1512]]},
	"2_13":{"type":2,"lev":13,"expend":[[10102,10],[2,1735]],"add":[["atk",48],["hp_max",197]],"sell":[[10102,12],[2,1859]]},
	"2_14":{"type":2,"lev":14,"expend":[[10102,10],[2,1975]],"add":[["atk",52],["hp_max",213]],"sell":[[10102,14],[2,2254]]},
	"2_15":{"type":2,"lev":15,"expend":[[10102,11],[2,2230]],"add":[["atk",56],["hp_max",230]],"sell":[[10102,17],[2,2700]]},
	"2_16":{"type":2,"lev":16,"expend":[[10102,12],[2,2500]],"add":[["atk",60],["hp_max",246]],"sell":[[10102,19],[2,3200]]},
	"2_17":{"type":2,"lev":17,"expend":[[10102,12],[2,2785]],"add":[["atk",64],["hp_max",262]],"sell":[[10102,21],[2,3757]]},
	"2_18":{"type":2,"lev":18,"expend":[[10102,13],[2,3085]],"add":[["atk",68],["hp_max",279]],"sell":[[10102,24],[2,4374]]},
	"2_19":{"type":2,"lev":19,"expend":[[10102,13],[2,3400]],"add":[["atk",72],["hp_max",295]],"sell":[[10102,27],[2,5054]]},
	"2_20":{"type":2,"lev":20,"expend":[[10102,14],[2,3730]],"add":[["atk",80],["hp_max",329]],"sell":[[10102,29],[2,5800]]},
	"2_21":{"type":2,"lev":21,"expend":[[10102,14],[2,4075]],"add":[["atk",85],["hp_max",348]],"sell":[[10102,32],[2,6615]]},
	"2_22":{"type":2,"lev":22,"expend":[[10102,15],[2,4435]],"add":[["atk",89],["hp_max",367]],"sell":[[10102,35],[2,7502]]},
	"2_23":{"type":2,"lev":23,"expend":[[10102,16],[2,4810]],"add":[["atk",94],["hp_max",386]],"sell":[[10102,38],[2,8464]]},
	"2_24":{"type":2,"lev":24,"expend":[[10102,16],[2,5200]],"add":[["atk",98],["hp_max",406]],"sell":[[10102,42],[2,9504]]},
	"2_25":{"type":2,"lev":25,"expend":[[10102,17],[2,5605]],"add":[["atk",103],["hp_max",425]],"sell":[[10102,45],[2,10625]]},
	"2_26":{"type":2,"lev":26,"expend":[[10102,17],[2,6025]],"add":[["atk",108],["hp_max",444]],"sell":[[10102,48],[2,11830]]},
	"2_27":{"type":2,"lev":27,"expend":[[10102,18],[2,6460]],"add":[["atk",113],["hp_max",463]],"sell":[[10102,52],[2,13122]]},
	"2_28":{"type":2,"lev":28,"expend":[[10102,19],[2,6910]],"add":[["atk",117],["hp_max",482]],"sell":[[10102,56],[2,14504]]},
	"2_29":{"type":2,"lev":29,"expend":[[10102,19],[2,7375]],"add":[["atk",122],["hp_max",501]],"sell":[[10102,60],[2,15979]]},
	"2_30":{"type":2,"lev":30,"expend":[[10102,22],[2,7855]],"add":[["atk",131],["hp_max",542]],"sell":[[10102,64],[2,17550]]},
	"2_31":{"type":2,"lev":31,"expend":[[10102,34],[2,8970]],"add":[["atk",137],["hp_max",564]],"sell":[[10102,71],[2,19344]]},
	"2_32":{"type":2,"lev":32,"expend":[[10102,39],[2,10160]],"add":[["atk",142],["hp_max",585]],"sell":[[10102,79],[2,21376]]},
	"2_33":{"type":2,"lev":33,"expend":[[10102,43],[2,11425]],"add":[["atk",147],["hp_max",607]],"sell":[[10102,87],[2,23661]]},
	"2_34":{"type":2,"lev":34,"expend":[[10102,48],[2,12765]],"add":[["atk",153],["hp_max",629]],"sell":[[10102,97],[2,26214]]},
	"2_35":{"type":2,"lev":35,"expend":[[10102,52],[2,14180]],"add":[["atk",158],["hp_max",651]],"sell":[[10102,107],[2,29050]]},
	"2_36":{"type":2,"lev":36,"expend":[[10102,56],[2,15670]],"add":[["atk",163],["hp_max",673]],"sell":[[10102,118],[2,32184]]},
	"2_37":{"type":2,"lev":37,"expend":[[10102,61],[2,17235]],"add":[["atk",169],["hp_max",695]],"sell":[[10102,131],[2,35631]]},
	"2_38":{"type":2,"lev":38,"expend":[[10102,65],[2,18875]],"add":[["atk",174],["hp_max",717]],"sell":[[10102,144],[2,39406]]},
	"2_39":{"type":2,"lev":39,"expend":[[10102,72],[2,21175]],"add":[["atk",179],["hp_max",739]],"sell":[[10102,158],[2,43641]]},
	"2_40":{"type":2,"lev":40,"expend":[[10102,79],[2,23595]],"add":[["atk",190],["hp_max",786]],"sell":[[10102,174],[2,48360]]},
	"2_41":{"type":2,"lev":41,"expend":[[10102,87],[2,26340]],"add":[["atk",196],["hp_max",811]],"sell":[[10102,191],[2,53628]]},
	"2_42":{"type":2,"lev":42,"expend":[[10102,95],[2,29220]],"add":[["atk",202],["hp_max",835]],"sell":[[10102,210],[2,59472]]},
	"2_43":{"type":2,"lev":43,"expend":[[10102,104],[2,32450]],"add":[["atk",209],["hp_max",860]],"sell":[[10102,231],[2,65962]]},
	"2_44":{"type":2,"lev":44,"expend":[[10102,113],[2,35830]],"add":[["atk",215],["hp_max",885]],"sell":[[10102,254],[2,73128]]},
	"2_45":{"type":2,"lev":45,"expend":[[10102,122],[2,39360]],"add":[["atk",221],["hp_max",910]],"sell":[[10102,278],[2,81000]]},
	"2_46":{"type":2,"lev":46,"expend":[[10102,131],[2,43040]],"add":[["atk",227],["hp_max",935]],"sell":[[10102,304],[2,89608]]},
	"2_47":{"type":2,"lev":47,"expend":[[10102,139],[2,46870]],"add":[["atk",233],["hp_max",960]],"sell":[[10102,332],[2,98982]]},
	"2_48":{"type":2,"lev":48,"expend":[[10102,148],[2,50850]],"add":[["atk",239],["hp_max",984]],"sell":[[10102,362],[2,109152]]},
	"2_49":{"type":2,"lev":49,"expend":[[10102,157],[2,54980]],"add":[["atk",245],["hp_max",1009]],"sell":[[10102,393],[2,120148]]},
	"2_50":{"type":2,"lev":50,"expend":[[10102,170],[2,59260]],"add":[["atk",257],["hp_max",1062]],"sell":[[10102,427],[2,132000]]},
	"2_51":{"type":2,"lev":51,"expend":[[10102,190],[2,64200]],"add":[["atk",264],["hp_max",1089]],"sell":[[10102,465],[2,144840]]},
	"2_52":{"type":2,"lev":52,"expend":[[10102,210],[2,69320]],"add":[["atk",271],["hp_max",1117]],"sell":[[10102,507],[2,158704]]},
	"2_53":{"type":2,"lev":53,"expend":[[10102,230],[2,74620]],"add":[["atk",278],["hp_max",1145]],"sell":[[10102,553],[2,173628]]},
	"2_54":{"type":2,"lev":54,"expend":[[10102,268],[2,80100]],"add":[["atk",284],["hp_max",1173]],"sell":[[10102,607],[2,189648]]},
	"2_55":{"type":2,"lev":55,"expend":[[10102,281],[2,85760]],"add":[["atk",291],["hp_max",1200]],"sell":[[10102,663],[2,206800]]},
	"2_56":{"type":2,"lev":56,"expend":[[10102,295],[2,91600]],"add":[["atk",298],["hp_max",1228]],"sell":[[10102,722],[2,225120]]},
	"2_57":{"type":2,"lev":57,"expend":[[10102,309],[2,97620]],"add":[["atk",304],["hp_max",1256]],"sell":[[10102,784],[2,244644]]},
	"2_58":{"type":2,"lev":58,"expend":[[10102,322],[2,103820]],"add":[["atk",311],["hp_max",1284]],"sell":[[10102,848],[2,265408]]},
	"2_59":{"type":2,"lev":59,"expend":[[10102,336],[2,110200]],"add":[["atk",318],["hp_max",1311]],"sell":[[10102,915],[2,287448]]},
	"2_60":{"type":2,"lev":60,"expend":[[10102,350],[2,116760]],"add":[["atk",332],["hp_max",1370]],"sell":[[10102,985],[2,310800]]},
	"2_61":{"type":2,"lev":61,"expend":[[10102,366],[2,124415]],"add":[["atk",339],["hp_max",1400]],"sell":[[10102,1058],[2,335683]]},
	"2_62":{"type":2,"lev":62,"expend":[[10102,383],[2,132295]],"add":[["atk",347],["hp_max",1431]],"sell":[[10102,1135],[2,362142]]},
	"2_63":{"type":2,"lev":63,"expend":[[10102,400],[2,140400]],"add":[["atk",354],["hp_max",1461]],"sell":[[10102,1215],[2,390222]]},
	"2_64":{"type":2,"lev":64,"expend":[[10102,417],[2,148730]],"add":[["atk",362],["hp_max",1492]],"sell":[[10102,1298],[2,419968]]},
	"2_65":{"type":2,"lev":65,"expend":[[10102,434],[2,157285]],"add":[["atk",369],["hp_max",1523]],"sell":[[10102,1385],[2,451425]]},
	"2_66":{"type":2,"lev":66,"expend":[[10102,451],[2,166065]],"add":[["atk",377],["hp_max",1553]],"sell":[[10102,1475],[2,484638]]},
	"2_67":{"type":2,"lev":67,"expend":[[10102,468],[2,175070]],"add":[["atk",384],["hp_max",1584]],"sell":[[10102,1569],[2,519652]]},
	"2_68":{"type":2,"lev":68,"expend":[[10102,485],[2,184300]],"add":[["atk",392],["hp_max",1614]],"sell":[[10102,1666],[2,556512]]},
	"2_69":{"type":2,"lev":69,"expend":[[10102,502],[2,193755]],"add":[["atk",399],["hp_max",1645]],"sell":[[10102,1766],[2,595263]]},
	"2_70":{"type":2,"lev":70,"expend":[[10102,580],[2,204485]],"add":[["atk",415],["hp_max",1710]],"sell":[[10102,1882],[2,636160]]},
	"2_71":{"type":2,"lev":71,"expend":[[10102,664],[2,215485]],"add":[["atk",423],["hp_max",1743]],"sell":[[10102,2015],[2,679257]]},
	"2_72":{"type":2,"lev":72,"expend":[[10102,689],[2,226755]],"add":[["atk",431],["hp_max",1777]],"sell":[[10102,2153],[2,724608]]},
	"2_73":{"type":2,"lev":73,"expend":[[10102,714],[2,238295]],"add":[["atk",439],["hp_max",1810]],"sell":[[10102,2296],[2,772267]]},
	"2_74":{"type":2,"lev":74,"expend":[[10102,739],[2,250104]],"add":[["atk",447],["hp_max",1843]],"sell":[[10102,2444],[2,822287]]},
	"2_75":{"type":2,"lev":75,"expend":[[10102,764],[2,262185]],"add":[["atk",455],["hp_max",1877]],"sell":[[10102,2596],[2,874724]]},
	"2_76":{"type":2,"lev":76,"expend":[[10102,789],[2,274535]],"add":[["atk",463],["hp_max",1910]],"sell":[[10102,2754],[2,929631]]},
	"2_77":{"type":2,"lev":77,"expend":[[10102,814],[2,287155]],"add":[["atk",472],["hp_max",1944]],"sell":[[10102,2917],[2,987062]]},
	"2_78":{"type":2,"lev":78,"expend":[[10102,839],[2,300045]],"add":[["atk",480],["hp_max",1977]],"sell":[[10102,3085],[2,1047071]]},
	"2_79":{"type":2,"lev":79,"expend":[[10102,864],[2,313204]],"add":[["atk",488],["hp_max",2011]],"sell":[[10102,3258],[2,1109712]]},
	"2_80":{"type":2,"lev":80,"expend":[[10102,890],[2,328235]],"add":[["atk",504],["hp_max",2081]],"sell":[[10102,3436],[2,1175359]]},
	"2_81":{"type":2,"lev":81,"expend":[[10102,920],[2,343595]],"add":[["atk",513],["hp_max",2118]],"sell":[[10102,3620],[2,1244078]]},
	"2_82":{"type":2,"lev":82,"expend":[[10102,955],[2,359285]],"add":[["atk",522],["hp_max",2154]],"sell":[[10102,3811],[2,1315935]]},
	"2_83":{"type":2,"lev":83,"expend":[[10102,986],[2,375305]],"add":[["atk",531],["hp_max",2190]],"sell":[[10102,4008],[2,1390996]]},
	"2_84":{"type":2,"lev":84,"expend":[[10102,1016],[2,391655]],"add":[["atk",540],["hp_max",2227]],"sell":[[10102,4211],[2,1469327]]},
	"2_85":{"type":2,"lev":85,"expend":[[10102,1046],[2,408335]],"add":[["atk",548],["hp_max",2263]],"sell":[[10102,4420],[2,1550994]]},
	"2_86":{"type":2,"lev":86,"expend":[[10102,1077],[2,425345]],"add":[["atk",557],["hp_max",2299]],"sell":[[10102,4636],[2,1636063]]},
	"2_87":{"type":2,"lev":87,"expend":[[10102,1107],[2,442685]],"add":[["atk",566],["hp_max",2335]],"sell":[[10102,4857],[2,1724600]]},
	"2_88":{"type":2,"lev":88,"expend":[[10102,1138],[2,460355]],"add":[["atk",575],["hp_max",2372]],"sell":[[10102,5085],[2,1816671]]},
	"2_89":{"type":2,"lev":89,"expend":[[10102,1168],[2,478354]],"add":[["atk",584],["hp_max",2408]],"sell":[[10102,5318],[2,1912342]]},
	"2_90":{"type":2,"lev":90,"expend":[[10102,1320],[2,499385]],"add":[["atk",603],["hp_max",2485]],"sell":[[10102,5582],[2,2012219]]},
	"2_91":{"type":2,"lev":91,"expend":[[10102,1473],[2,520834]],"add":[["atk",612],["hp_max",2524]],"sell":[[10102,5877],[2,2116386]]},
	"2_92":{"type":2,"lev":92,"expend":[[10102,1518],[2,542705]],"add":[["atk",621],["hp_max",2563]],"sell":[[10102,6180],[2,2224927]]},
	"2_93":{"type":2,"lev":93,"expend":[[10102,1564],[2,564995]],"add":[["atk",631],["hp_max",2602]],"sell":[[10102,6493],[2,2337926]]},
	"2_94":{"type":2,"lev":94,"expend":[[10102,1610],[2,587705]],"add":[["atk",640],["hp_max",2641]],"sell":[[10102,6815],[2,2455467]]},
	"2_95":{"type":2,"lev":95,"expend":[[10102,1656],[2,610835]],"add":[["atk",650],["hp_max",2681]],"sell":[[10102,7146],[2,2577634]]},
	"2_96":{"type":2,"lev":96,"expend":[[10102,1702],[2,634385]],"add":[["atk",660],["hp_max",2720]],"sell":[[10102,7487],[2,2704511]]},
	"2_97":{"type":2,"lev":97,"expend":[[10102,1748],[2,658355]],"add":[["atk",669],["hp_max",2759]],"sell":[[10102,7836],[2,2836182]]},
	"2_98":{"type":2,"lev":98,"expend":[[10102,1794],[2,682745]],"add":[["atk",678],["hp_max",2798]],"sell":[[10102,8195],[2,2972731]]},
	"2_99":{"type":2,"lev":99,"expend":[[10102,1840],[2,707555]],"add":[["atk",688],["hp_max",2837]],"sell":[[10102,8563],[2,3114242]]},
	"2_100":{"type":2,"lev":100,"expend":[[10102,1889],[2,733785]],"add":[["atk",708],["hp_max",2920]],"sell":[[10102,8941],[2,3260999]]}
},
"data_partner_score_length" : 4,
"data_partner_score" : {
	"atk":{"attr":"atk","score":2000},
	"def":{"attr":"def","score":3343},
	"hp_max":{"attr":"hp_max","score":400},
	"speed":{"attr":"speed","score":6400}
},
"data_eqm_compose_id_length" : 4,
"data_eqm_compose_id" : {
	"1": {
		"1": {"id":40102,"type":1,"expend":[[40101,3],[1,1056]],"next_id":40103},
		"2": {"id":40103,"type":1,"expend":[[40102,3],[1,2323]],"next_id":40104},
		"3": {"id":40104,"type":1,"expend":[[40103,3],[1,4994]],"next_id":40105},
		"4": {"id":40105,"type":1,"expend":[[40104,3],[1,10487]],"next_id":40106},
		"5": {"id":40106,"type":1,"expend":[[40105,3],[1,21498]],"next_id":40107},
		"6": {"id":40107,"type":1,"expend":[[40106,3],[1,42996]],"next_id":40108},
		"7": {"id":40108,"type":1,"expend":[[40107,3],[1,83842]],"next_id":40109},
		"8": {"id":40109,"type":1,"expend":[[40108,3],[1,159299]],"next_id":40110},
		"9": {"id":40110,"type":1,"expend":[[40109,3],[1,286738]],"next_id":40111},
		"10": {"id":40111,"type":1,"expend":[[40110,3],[1,487454]],"next_id":40112},
		"11": {"id":40112,"type":1,"expend":[[40111,3],[1,779926]],"next_id":40113},
		"12": {"id":40113,"type":1,"expend":[[40112,3],[1,1169889]],"next_id":40114},
		"13": {"id":40114,"type":1,"expend":[[40113,3],[1,1637844]],"next_id":40115},
		"14": {"id":40115,"type":1,"expend":[[40114,3],[1,2292981]],"next_id":40116},
		"15": {"id":40116,"type":1,"expend":[[40115,3],[1,3210173]],"next_id":40117},
		"16": {"id":40117,"type":1,"expend":[[40116,3],[1,4494242]],"next_id":0}
	},
	"2": {
		"1": {"id":40202,"type":3,"expend":[[40201,3],[1,1056]],"next_id":40203},
		"2": {"id":40203,"type":3,"expend":[[40202,3],[1,2323]],"next_id":40204},
		"3": {"id":40204,"type":3,"expend":[[40203,3],[1,4994]],"next_id":40205},
		"4": {"id":40205,"type":3,"expend":[[40204,3],[1,10487]],"next_id":40206},
		"5": {"id":40206,"type":3,"expend":[[40205,3],[1,21498]],"next_id":40207},
		"6": {"id":40207,"type":3,"expend":[[40206,3],[1,42996]],"next_id":40208},
		"7": {"id":40208,"type":3,"expend":[[40207,3],[1,83842]],"next_id":40209},
		"8": {"id":40209,"type":3,"expend":[[40208,3],[1,159299]],"next_id":40210},
		"9": {"id":40210,"type":3,"expend":[[40209,3],[1,286738]],"next_id":40211},
		"10": {"id":40211,"type":3,"expend":[[40210,3],[1,487454]],"next_id":40212},
		"11": {"id":40212,"type":3,"expend":[[40211,3],[1,779926]],"next_id":40213},
		"12": {"id":40213,"type":3,"expend":[[40212,3],[1,1169889]],"next_id":40214},
		"13": {"id":40214,"type":3,"expend":[[40213,3],[1,1637844]],"next_id":40215},
		"14": {"id":40215,"type":3,"expend":[[40214,3],[1,2292981]],"next_id":40216},
		"15": {"id":40216,"type":3,"expend":[[40215,3],[1,3210173]],"next_id":40217},
		"16": {"id":40217,"type":3,"expend":[[40216,3],[1,4494242]],"next_id":0}
	},
	"3": {
		"1": {"id":40302,"type":4,"expend":[[40301,3],[1,1056]],"next_id":40303},
		"2": {"id":40303,"type":4,"expend":[[40302,3],[1,2323]],"next_id":40304},
		"3": {"id":40304,"type":4,"expend":[[40303,3],[1,4994]],"next_id":40305},
		"4": {"id":40305,"type":4,"expend":[[40304,3],[1,10487]],"next_id":40306},
		"5": {"id":40306,"type":4,"expend":[[40305,3],[1,21498]],"next_id":40307},
		"6": {"id":40307,"type":4,"expend":[[40306,3],[1,42996]],"next_id":40308},
		"7": {"id":40308,"type":4,"expend":[[40307,3],[1,83842]],"next_id":40309},
		"8": {"id":40309,"type":4,"expend":[[40308,3],[1,159299]],"next_id":40310},
		"9": {"id":40310,"type":4,"expend":[[40309,3],[1,286738]],"next_id":40311},
		"10": {"id":40311,"type":4,"expend":[[40310,3],[1,487454]],"next_id":40312},
		"11": {"id":40312,"type":4,"expend":[[40311,3],[1,779926]],"next_id":40313},
		"12": {"id":40313,"type":4,"expend":[[40312,3],[1,1169889]],"next_id":40314},
		"13": {"id":40314,"type":4,"expend":[[40313,3],[1,1637844]],"next_id":40315},
		"14": {"id":40315,"type":4,"expend":[[40314,3],[1,2292981]],"next_id":40316},
		"15": {"id":40316,"type":4,"expend":[[40315,3],[1,3210173]],"next_id":40317},
		"16": {"id":40317,"type":4,"expend":[[40316,3],[1,4494242]],"next_id":0}
	},
	"4": {
		"1": {"id":40402,"type":2,"expend":[[40401,3],[1,1056]],"next_id":40403},
		"2": {"id":40403,"type":2,"expend":[[40402,3],[1,2323]],"next_id":40404},
		"3": {"id":40404,"type":2,"expend":[[40403,3],[1,4994]],"next_id":40405},
		"4": {"id":40405,"type":2,"expend":[[40404,3],[1,10487]],"next_id":40406},
		"5": {"id":40406,"type":2,"expend":[[40405,3],[1,21498]],"next_id":40407},
		"6": {"id":40407,"type":2,"expend":[[40406,3],[1,42996]],"next_id":40408},
		"7": {"id":40408,"type":2,"expend":[[40407,3],[1,83842]],"next_id":40409},
		"8": {"id":40409,"type":2,"expend":[[40408,3],[1,159299]],"next_id":40410},
		"9": {"id":40410,"type":2,"expend":[[40409,3],[1,286738]],"next_id":40411},
		"10": {"id":40411,"type":2,"expend":[[40410,3],[1,487454]],"next_id":40412},
		"11": {"id":40412,"type":2,"expend":[[40411,3],[1,779926]],"next_id":40413},
		"12": {"id":40413,"type":2,"expend":[[40412,3],[1,1169889]],"next_id":40414},
		"13": {"id":40414,"type":2,"expend":[[40413,3],[1,1637844]],"next_id":40415},
		"14": {"id":40415,"type":2,"expend":[[40414,3],[1,2292981]],"next_id":40416},
		"15": {"id":40416,"type":2,"expend":[[40415,3],[1,3210173]],"next_id":40417},
		"16": {"id":40417,"type":2,"expend":[[40416,3],[1,4494242]],"next_id":0}
	}
},
"data_eqm_suit_length" : 11,
"data_eqm_suit" : {
	"4007": [{"id":4007,"name":"胜利套装","num":4,"attr":[["hp_max_per",10]]}, {"id":4007,"name":"胜利套装","num":3,"attr":[["atk_per",30]]}, {"id":4007,"name":"胜利套装","num":2,"attr":[["hp_max_per",20]]}],
	"4008": [{"id":4008,"name":"雷霆套装","num":4,"attr":[["hp_max_per",20]]}, {"id":4008,"name":"雷霆套装","num":3,"attr":[["atk_per",50]]}, {"id":4008,"name":"雷霆套装","num":2,"attr":[["hp_max_per",40]]}],
	"4009": [{"id":4009,"name":"光辉套装","num":4,"attr":[["hp_max_per",40]]}, {"id":4009,"name":"光辉套装","num":3,"attr":[["atk_per",70]]}, {"id":4009,"name":"光辉套装","num":2,"attr":[["hp_max_per",50]]}],
	"4010": [{"id":4010,"name":"魔灵套装","num":4,"attr":[["hp_max_per",40]]}, {"id":4010,"name":"魔灵套装","num":3,"attr":[["atk_per",90]]}, {"id":4010,"name":"魔灵套装","num":2,"attr":[["hp_max_per",70]]}],
	"4011": [{"id":4011,"name":"希望套装","num":4,"attr":[["hp_max_per",50]]}, {"id":4011,"name":"希望套装","num":3,"attr":[["atk_per",110]]}, {"id":4011,"name":"希望套装","num":2,"attr":[["hp_max_per",80]]}],
	"4012": [{"id":4012,"name":"祝福套装","num":4,"attr":[["hp_max_per",50]]}, {"id":4012,"name":"祝福套装","num":3,"attr":[["atk_per",130]]}, {"id":4012,"name":"祝福套装","num":2,"attr":[["hp_max_per",100]]}],
	"4013": [{"id":4013,"name":"圣光套装","num":4,"attr":[["hp_max_per",60]]}, {"id":4013,"name":"圣光套装","num":3,"attr":[["atk_per",150]]}, {"id":4013,"name":"圣光套装","num":2,"attr":[["hp_max_per",110]]}],
	"4014": [{"id":4014,"name":"灵犀神力","num":4,"attr":[["hp_max_per",70]]}, {"id":4014,"name":"灵犀神力","num":3,"attr":[["atk_per",170]]}, {"id":4014,"name":"灵犀神力","num":2,"attr":[["hp_max_per",120]]}],
	"4015": [{"id":4015,"name":"风纹印记","num":4,"attr":[["hp_max_per",70]]}, {"id":4015,"name":"风纹印记","num":3,"attr":[["atk_per",190]]}, {"id":4015,"name":"风纹印记","num":2,"attr":[["hp_max_per",140]]}],
	"4016": [{"id":4016,"name":"深渊魔纹","num":4,"attr":[["hp_max_per",80]]}, {"id":4016,"name":"深渊魔纹","num":3,"attr":[["atk_per",200]]}, {"id":4016,"name":"深渊魔纹","num":2,"attr":[["hp_max_per",150]]}],
	"4017": [{"id":4017,"name":"神罚天降","num":4,"attr":[["hp_max_per",80]]}, {"id":4017,"name":"神罚天降","num":3,"attr":[["atk_per",210]]}, {"id":4017,"name":"神罚天降","num":2,"attr":[["hp_max_per",160]]}]
}
}