{"data_const_length" : 1,
"data_const" : {
	"skin_open":{"val":["lev",35],"desc":"玩家35级开启皮肤系统"}
},
"data_skin_info_length" : 2,
"data_skin_info" : {
	"101":{"skin_id":101,"skin_name":"水色悠梦","skin_attr":[["atk_per",20],["hp_max_per",20],["crit_rate",20]],"bid":30508,"res_id":"H50000","head_id":2001,"head_card_id":2001,"bustid":2001,"draw_res":"shuiseyoumeng","draw_offset":[[0,-70]],"scale":75,"show_effect":"E25006","fight_effect":"E25106","action_bid":0,"voice":"d_voice_30508","voice_time":1,"item_id_list":[23001,23002],"hero_info_bg_res":"hero_info_bg_shuiseyoumeng","hero_camp_res":"null","chip_num":200,"diamond_num":[[3,5000]],"is_shop":0,"main_id":529},
	"102":{"skin_id":102,"skin_name":"如梦令","skin_attr":[["atk_per",20],["hp_max_per",20],["cure",30]],"bid":40507,"res_id":"H50001","head_id":2002,"head_card_id":2002,"bustid":2002,"draw_res":"rumengling","draw_offset":[[0,-50]],"scale":65,"show_effect":"E25004","fight_effect":"E25104","action_bid":991032,"voice":"d_voice_40507","voice_time":3,"item_id_list":[23004,23005],"hero_info_bg_res":"hero_info_bg_rumengling","hero_camp_res":"hero_camp_rumengling","chip_num":200,"diamond_num":[[3,5000]],"is_shop":0,"main_id":0}
},
"data_hero_info_length" : 0,
"data_hero_info" : {

},
"data_partner_bid_info_length" : 2,
"data_partner_bid_info" : {
	"30508": {
		"101": {"skin_id":101}
	},
	"40507": {
		"102": {"skin_id":102}
	}
}
}