{"data_partner_skill_const_length" : 2,
"data_partner_skill_const" : {
	"skill_slot":{"code":"skill_slot","val":["star",6],"desc":"天赋栏开启条件"},
	"skill_rule":{"code":"skill_rule","val":1,"desc":"1.每个天赋栏可消耗对应的技能符石使英雄领悟对应技能，技能符石可在[技能商店]中消耗符文精华购买\n2.领悟了的技能可消耗对应技能符石进行升级\n3.可通过[遗忘]技能来重新领悟技能\n4.[遗忘]技能后，将根据技能等级返还一定的符文精华\n5.若领悟的技能与符文携带的技能为同类型，则优先且只生效高级别的技能"}
},
"data_partner_skill_pos_length" : 2,
"data_partner_skill_pos" : {
	"1":{"pos":1,"pos_limit":["star",6]},
	"2":{"pos":2,"pos_limit":["star",11]}
},
"data_partner_skill_learn_length" : 42,
"data_partner_skill_learn" : {
	"700001":{"id":700001,"expend":[[16001,1]],"order":1,"order_magician":2,"order_warrior":1000,"order_tank":1000,"order_ssistant":1000},
	"700011":{"id":700011,"expend":[[16002,1]],"order":2,"order_magician":1000,"order_warrior":5,"order_tank":1000,"order_ssistant":1000},
	"700021":{"id":700021,"expend":[[16003,1]],"order":3,"order_magician":1000,"order_warrior":6,"order_tank":1000,"order_ssistant":1000},
	"700031":{"id":700031,"expend":[[16004,1]],"order":4,"order_magician":1000,"order_warrior":7,"order_tank":1000,"order_ssistant":1000},
	"700041":{"id":700041,"expend":[[16005,1]],"order":5,"order_magician":1000,"order_warrior":8,"order_tank":1000,"order_ssistant":1000},
	"700051":{"id":700051,"expend":[[16006,1]],"order":6,"order_magician":10,"order_warrior":1000,"order_tank":1000,"order_ssistant":1000},
	"700061":{"id":700061,"expend":[[16007,1]],"order":7,"order_magician":1000,"order_warrior":1000,"order_tank":1000,"order_ssistant":1000},
	"700071":{"id":700071,"expend":[[16008,1]],"order":8,"order_magician":9,"order_warrior":10,"order_tank":10,"order_ssistant":10},
	"700081":{"id":700081,"expend":[[16009,1]],"order":9,"order_magician":1000,"order_warrior":1000,"order_tank":1000,"order_ssistant":1000},
	"700091":{"id":700091,"expend":[[16010,1]],"order":10,"order_magician":1000,"order_warrior":1000,"order_tank":1000,"order_ssistant":1000},
	"700101":{"id":700101,"expend":[[16011,1]],"order":11,"order_magician":8,"order_warrior":1000,"order_tank":1000,"order_ssistant":1000},
	"700111":{"id":700111,"expend":[[16012,1]],"order":12,"order_magician":7,"order_warrior":1000,"order_tank":1000,"order_ssistant":1000},
	"700121":{"id":700121,"expend":[[16013,1]],"order":13,"order_magician":6,"order_warrior":1000,"order_tank":1000,"order_ssistant":1000},
	"700131":{"id":700131,"expend":[[16014,1]],"order":14,"order_magician":1000,"order_warrior":4,"order_tank":1000,"order_ssistant":1000},
	"700141":{"id":700141,"expend":[[16015,1]],"order":15,"order_magician":1000,"order_warrior":1000,"order_tank":9,"order_ssistant":1000},
	"700151":{"id":700151,"expend":[[16016,1]],"order":16,"order_magician":5,"order_warrior":1000,"order_tank":8,"order_ssistant":1000},
	"700161":{"id":700161,"expend":[[16017,1]],"order":17,"order_magician":1000,"order_warrior":1000,"order_tank":7,"order_ssistant":1000},
	"700171":{"id":700171,"expend":[[16018,1]],"order":18,"order_magician":1000,"order_warrior":1000,"order_tank":1000,"order_ssistant":7},
	"700181":{"id":700181,"expend":[[16019,1]],"order":19,"order_magician":1000,"order_warrior":1000,"order_tank":1000,"order_ssistant":1000},
	"700191":{"id":700191,"expend":[[16020,1]],"order":20,"order_magician":1000,"order_warrior":1000,"order_tank":1000,"order_ssistant":1000},
	"700201":{"id":700201,"expend":[[16021,1]],"order":21,"order_magician":1000,"order_warrior":1000,"order_tank":1000,"order_ssistant":5},
	"700211":{"id":700211,"expend":[[16022,1]],"order":22,"order_magician":1000,"order_warrior":1000,"order_tank":6,"order_ssistant":6},
	"700221":{"id":700221,"expend":[[16023,1]],"order":23,"order_magician":1000,"order_warrior":1000,"order_tank":1000,"order_ssistant":8},
	"700231":{"id":700231,"expend":[[16024,1]],"order":24,"order_magician":1000,"order_warrior":1000,"order_tank":1000,"order_ssistant":1000},
	"700241":{"id":700241,"expend":[[16025,1]],"order":25,"order_magician":1000,"order_warrior":1000,"order_tank":5,"order_ssistant":1000},
	"700251":{"id":700251,"expend":[[16026,1]],"order":26,"order_magician":1000,"order_warrior":1000,"order_tank":1000,"order_ssistant":1000},
	"700261":{"id":700261,"expend":[[16027,1]],"order":27,"order_magician":1000,"order_warrior":1000,"order_tank":4,"order_ssistant":1000},
	"700271":{"id":700271,"expend":[[16028,1]],"order":28,"order_magician":1000,"order_warrior":1000,"order_tank":3,"order_ssistant":1000},
	"700291":{"id":700291,"expend":[[16029,1]],"order":29,"order_magician":1000,"order_warrior":1000,"order_tank":1000,"order_ssistant":1},
	"700301":{"id":700301,"expend":[[16030,1]],"order":30,"order_magician":1000,"order_warrior":1000,"order_tank":1000,"order_ssistant":1000},
	"700311":{"id":700311,"expend":[[16031,1]],"order":31,"order_magician":3,"order_warrior":3,"order_tank":1000,"order_ssistant":1000},
	"700321":{"id":700321,"expend":[[16032,1]],"order":32,"order_magician":1000,"order_warrior":1000,"order_tank":1000,"order_ssistant":1000},
	"750000":{"id":750000,"expend":[[16033,1]],"order":33,"order_magician":1,"order_warrior":1000,"order_tank":1000,"order_ssistant":2},
	"750100":{"id":750100,"expend":[[16034,1]],"order":34,"order_magician":1000,"order_warrior":1000,"order_tank":1000,"order_ssistant":9},
	"750200":{"id":750200,"expend":[[16035,1]],"order":35,"order_magician":1000,"order_warrior":1,"order_tank":1000,"order_ssistant":1000},
	"750400":{"id":750400,"expend":[[16036,1]],"order":36,"order_magician":1000,"order_warrior":2,"order_tank":1000,"order_ssistant":1000},
	"700281":{"id":700281,"expend":[[16037,1]],"order":37,"order_magician":1000,"order_warrior":1000,"order_tank":1000,"order_ssistant":3},
	"700361":{"id":700361,"expend":[[16038,1]],"order":38,"order_magician":1000,"order_warrior":1000,"order_tank":1,"order_ssistant":1000},
	"700371":{"id":700371,"expend":[[16039,1]],"order":39,"order_magician":1000,"order_warrior":1000,"order_tank":1000,"order_ssistant":4},
	"700381":{"id":700381,"expend":[[16040,1]],"order":40,"order_magician":1000,"order_warrior":1000,"order_tank":2,"order_ssistant":1000},
	"700391":{"id":700391,"expend":[[16041,1]],"order":41,"order_magician":1000,"order_warrior":9,"order_tank":1000,"order_ssistant":1000},
	"700401":{"id":700401,"expend":[[16042,1]],"order":42,"order_magician":4,"order_warrior":1000,"order_tank":1000,"order_ssistant":1000}
},
"data_partner_skill_level_length" : 84,
"data_partner_skill_level" : {
	"700001":{"id":700001,"next_id":700003,"expend":[[16001,3],[10450,10000]]},
	"700011":{"id":700011,"next_id":700013,"expend":[[16002,3],[10450,10000]]},
	"700021":{"id":700021,"next_id":700023,"expend":[[16003,3],[10450,10000]]},
	"700031":{"id":700031,"next_id":700033,"expend":[[16004,3],[10450,10000]]},
	"700041":{"id":700041,"next_id":700043,"expend":[[16005,3],[10450,10000]]},
	"700051":{"id":700051,"next_id":700053,"expend":[[16006,3],[10450,10000]]},
	"700061":{"id":700061,"next_id":700063,"expend":[[16007,3],[10450,10000]]},
	"700071":{"id":700071,"next_id":700073,"expend":[[16008,3],[10450,10000]]},
	"700081":{"id":700081,"next_id":700083,"expend":[[16009,3],[10450,10000]]},
	"700091":{"id":700091,"next_id":700093,"expend":[[16010,3],[10450,10000]]},
	"700101":{"id":700101,"next_id":700103,"expend":[[16011,3],[10450,10000]]},
	"700111":{"id":700111,"next_id":700113,"expend":[[16012,3],[10450,10000]]},
	"700121":{"id":700121,"next_id":700123,"expend":[[16013,3],[10450,10000]]},
	"700131":{"id":700131,"next_id":700133,"expend":[[16014,3],[10450,10000]]},
	"700141":{"id":700141,"next_id":700143,"expend":[[16015,3],[10450,10000]]},
	"700151":{"id":700151,"next_id":700153,"expend":[[16016,3],[10450,10000]]},
	"700161":{"id":700161,"next_id":700163,"expend":[[16017,3],[10450,10000]]},
	"700171":{"id":700171,"next_id":700173,"expend":[[16018,3],[10450,10000]]},
	"700181":{"id":700181,"next_id":700183,"expend":[[16019,3],[10450,10000]]},
	"700191":{"id":700191,"next_id":700193,"expend":[[16020,3],[10450,10000]]},
	"700201":{"id":700201,"next_id":700203,"expend":[[16021,3],[10450,10000]]},
	"700211":{"id":700211,"next_id":700213,"expend":[[16022,3],[10450,10000]]},
	"700221":{"id":700221,"next_id":700223,"expend":[[16023,3],[10450,10000]]},
	"700231":{"id":700231,"next_id":700233,"expend":[[16024,3],[10450,10000]]},
	"700241":{"id":700241,"next_id":700243,"expend":[[16025,3],[10450,10000]]},
	"700251":{"id":700251,"next_id":700253,"expend":[[16026,3],[10450,10000]]},
	"700261":{"id":700261,"next_id":700263,"expend":[[16027,3],[10450,10000]]},
	"700271":{"id":700271,"next_id":700273,"expend":[[16028,3],[10450,10000]]},
	"700291":{"id":700291,"next_id":700293,"expend":[[16029,3],[10450,10000]]},
	"700301":{"id":700301,"next_id":700303,"expend":[[16030,3],[10450,10000]]},
	"700311":{"id":700311,"next_id":700313,"expend":[[16031,3],[10450,10000]]},
	"700321":{"id":700321,"next_id":700323,"expend":[[16032,3],[10450,10000]]},
	"750000":{"id":750000,"next_id":750001,"expend":[[16033,3],[10450,10000]]},
	"750100":{"id":750100,"next_id":750101,"expend":[[16034,3],[10450,10000]]},
	"750200":{"id":750200,"next_id":750201,"expend":[[16035,3],[10450,10000]]},
	"750400":{"id":750400,"next_id":750401,"expend":[[16036,3],[10450,10000]]},
	"700281":{"id":700281,"next_id":700283,"expend":[[16037,3],[10450,10000]]},
	"700361":{"id":700361,"next_id":700363,"expend":[[16038,3],[10450,10000]]},
	"700371":{"id":700371,"next_id":700373,"expend":[[16039,3],[10450,10000]]},
	"700381":{"id":700381,"next_id":700383,"expend":[[16040,3],[10450,10000]]},
	"700391":{"id":700391,"next_id":700393,"expend":[[16041,3],[10450,10000]]},
	"700401":{"id":700401,"next_id":700403,"expend":[[16042,3],[10450,10000]]},
	"700003":{"id":700003,"next_id":700005,"expend":[[16001,5],[10450,20000]]},
	"700013":{"id":700013,"next_id":700015,"expend":[[16002,5],[10450,20000]]},
	"700023":{"id":700023,"next_id":700025,"expend":[[16003,5],[10450,20000]]},
	"700033":{"id":700033,"next_id":700035,"expend":[[16004,5],[10450,20000]]},
	"700043":{"id":700043,"next_id":700045,"expend":[[16005,5],[10450,20000]]},
	"700053":{"id":700053,"next_id":700055,"expend":[[16006,5],[10450,20000]]},
	"700063":{"id":700063,"next_id":700065,"expend":[[16007,5],[10450,20000]]},
	"700073":{"id":700073,"next_id":700075,"expend":[[16008,5],[10450,20000]]},
	"700083":{"id":700083,"next_id":700085,"expend":[[16009,5],[10450,20000]]},
	"700093":{"id":700093,"next_id":700095,"expend":[[16010,5],[10450,20000]]},
	"700103":{"id":700103,"next_id":700105,"expend":[[16011,5],[10450,20000]]},
	"700113":{"id":700113,"next_id":700115,"expend":[[16012,5],[10450,20000]]},
	"700123":{"id":700123,"next_id":700125,"expend":[[16013,5],[10450,20000]]},
	"700133":{"id":700133,"next_id":700135,"expend":[[16014,5],[10450,20000]]},
	"700143":{"id":700143,"next_id":700145,"expend":[[16015,5],[10450,20000]]},
	"700153":{"id":700153,"next_id":700155,"expend":[[16016,5],[10450,20000]]},
	"700163":{"id":700163,"next_id":700165,"expend":[[16017,5],[10450,20000]]},
	"700173":{"id":700173,"next_id":700175,"expend":[[16018,5],[10450,20000]]},
	"700183":{"id":700183,"next_id":700185,"expend":[[16019,5],[10450,20000]]},
	"700193":{"id":700193,"next_id":700195,"expend":[[16020,5],[10450,20000]]},
	"700203":{"id":700203,"next_id":700205,"expend":[[16021,5],[10450,20000]]},
	"700213":{"id":700213,"next_id":700215,"expend":[[16022,5],[10450,20000]]},
	"700223":{"id":700223,"next_id":700225,"expend":[[16023,5],[10450,20000]]},
	"700233":{"id":700233,"next_id":700235,"expend":[[16024,5],[10450,20000]]},
	"700243":{"id":700243,"next_id":700245,"expend":[[16025,5],[10450,20000]]},
	"700253":{"id":700253,"next_id":700255,"expend":[[16026,5],[10450,20000]]},
	"700263":{"id":700263,"next_id":700265,"expend":[[16027,5],[10450,20000]]},
	"700273":{"id":700273,"next_id":700275,"expend":[[16028,5],[10450,20000]]},
	"700293":{"id":700293,"next_id":700295,"expend":[[16029,5],[10450,20000]]},
	"700303":{"id":700303,"next_id":700305,"expend":[[16030,5],[10450,20000]]},
	"700313":{"id":700313,"next_id":700315,"expend":[[16031,5],[10450,20000]]},
	"700323":{"id":700323,"next_id":700325,"expend":[[16032,5],[10450,20000]]},
	"750001":{"id":750001,"next_id":750002,"expend":[[16033,5],[10450,20000]]},
	"750101":{"id":750101,"next_id":750102,"expend":[[16034,5],[10450,20000]]},
	"750201":{"id":750201,"next_id":750202,"expend":[[16035,5],[10450,20000]]},
	"750401":{"id":750401,"next_id":750402,"expend":[[16036,5],[10450,20000]]},
	"700283":{"id":700283,"next_id":700285,"expend":[[16037,5],[10450,20000]]},
	"700363":{"id":700363,"next_id":700365,"expend":[[16038,5],[10450,20000]]},
	"700373":{"id":700373,"next_id":700375,"expend":[[16039,5],[10450,20000]]},
	"700383":{"id":700383,"next_id":700385,"expend":[[16040,5],[10450,20000]]},
	"700393":{"id":700393,"next_id":700395,"expend":[[16041,5],[10450,20000]]},
	"700403":{"id":700403,"next_id":700405,"expend":[[16042,5],[10450,20000]]}
},
"data_partner_skill_back_length" : 126,
"data_partner_skill_back" : {
	"700001":{"expend":[[3,100]],"award1":[[10450,1375]]},
	"700011":{"expend":[[3,100]],"award1":[[10450,1375]]},
	"700021":{"expend":[[3,100]],"award1":[[10450,1250]]},
	"700031":{"expend":[[3,100]],"award1":[[10450,1250]]},
	"700041":{"expend":[[3,100]],"award1":[[10450,1375]]},
	"700051":{"expend":[[3,100]],"award1":[[10450,1375]]},
	"700061":{"expend":[[3,100]],"award1":[[10450,1250]]},
	"700071":{"expend":[[3,100]],"award1":[[10450,1500]]},
	"700081":{"expend":[[3,100]],"award1":[[10450,1000]]},
	"700091":{"expend":[[3,100]],"award1":[[10450,1000]]},
	"700101":{"expend":[[3,100]],"award1":[[10450,1000]]},
	"700111":{"expend":[[3,100]],"award1":[[10450,1000]]},
	"700121":{"expend":[[3,100]],"award1":[[10450,1000]]},
	"700131":{"expend":[[3,100]],"award1":[[10450,1000]]},
	"700141":{"expend":[[3,100]],"award1":[[10450,1250]]},
	"700151":{"expend":[[3,100]],"award1":[[10450,1000]]},
	"700161":{"expend":[[3,100]],"award1":[[10450,1000]]},
	"700171":{"expend":[[3,100]],"award1":[[10450,1375]]},
	"700181":{"expend":[[3,100]],"award1":[[10450,1250]]},
	"700191":{"expend":[[3,100]],"award1":[[10450,1250]]},
	"700201":{"expend":[[3,100]],"award1":[[10450,1375]]},
	"700211":{"expend":[[3,100]],"award1":[[10450,1250]]},
	"700221":{"expend":[[3,100]],"award1":[[10450,1250]]},
	"700231":{"expend":[[3,100]],"award1":[[10450,1375]]},
	"700241":{"expend":[[3,100]],"award1":[[10450,1375]]},
	"700251":{"expend":[[3,100]],"award1":[[10450,1250]]},
	"700261":{"expend":[[3,100]],"award1":[[10450,1375]]},
	"700271":{"expend":[[3,100]],"award1":[[10450,1375]]},
	"700291":{"expend":[[3,100]],"award1":[[10450,1250]]},
	"700301":{"expend":[[3,100]],"award1":[[10450,1000]]},
	"700311":{"expend":[[3,100]],"award1":[[10450,1375]]},
	"700321":{"expend":[[3,100]],"award1":[[10450,1375]]},
	"750000":{"expend":[[3,100]],"award1":[[10450,1500]]},
	"750100":{"expend":[[3,100]],"award1":[[10450,1375]]},
	"750200":{"expend":[[3,100]],"award1":[[10450,1500]]},
	"750400":{"expend":[[3,100]],"award1":[[10450,1375]]},
	"700281":{"expend":[[3,100]],"award1":[[10450,1375]]},
	"700361":{"expend":[[3,100]],"award1":[[10450,1375]]},
	"700371":{"expend":[[3,100]],"award1":[[10450,1250]]},
	"700381":{"expend":[[3,100]],"award1":[[10450,1250]]},
	"700391":{"expend":[[3,100]],"award1":[[10450,1375]]},
	"700401":{"expend":[[3,100]],"award1":[[10450,1375]]},
	"700003":{"expend":[[3,200]],"award1":[[10450,10500]]},
	"700013":{"expend":[[3,200]],"award1":[[10450,10500]]},
	"700023":{"expend":[[3,200]],"award1":[[10450,10000]]},
	"700033":{"expend":[[3,200]],"award1":[[10450,10000]]},
	"700043":{"expend":[[3,200]],"award1":[[10450,10500]]},
	"700053":{"expend":[[3,200]],"award1":[[10450,10500]]},
	"700063":{"expend":[[3,200]],"award1":[[10450,10000]]},
	"700073":{"expend":[[3,200]],"award1":[[10450,11000]]},
	"700083":{"expend":[[3,200]],"award1":[[10450,9000]]},
	"700093":{"expend":[[3,200]],"award1":[[10450,9000]]},
	"700103":{"expend":[[3,200]],"award1":[[10450,9000]]},
	"700113":{"expend":[[3,200]],"award1":[[10450,9000]]},
	"700123":{"expend":[[3,200]],"award1":[[10450,9000]]},
	"700133":{"expend":[[3,200]],"award1":[[10450,9000]]},
	"700143":{"expend":[[3,200]],"award1":[[10450,10000]]},
	"700153":{"expend":[[3,200]],"award1":[[10450,9000]]},
	"700163":{"expend":[[3,200]],"award1":[[10450,9000]]},
	"700173":{"expend":[[3,200]],"award1":[[10450,10500]]},
	"700183":{"expend":[[3,200]],"award1":[[10450,10000]]},
	"700193":{"expend":[[3,200]],"award1":[[10450,10000]]},
	"700203":{"expend":[[3,200]],"award1":[[10450,10500]]},
	"700213":{"expend":[[3,200]],"award1":[[10450,10000]]},
	"700223":{"expend":[[3,200]],"award1":[[10450,10000]]},
	"700233":{"expend":[[3,200]],"award1":[[10450,10500]]},
	"700243":{"expend":[[3,200]],"award1":[[10450,10500]]},
	"700253":{"expend":[[3,200]],"award1":[[10450,10000]]},
	"700263":{"expend":[[3,200]],"award1":[[10450,10500]]},
	"700273":{"expend":[[3,200]],"award1":[[10450,10500]]},
	"700293":{"expend":[[3,200]],"award1":[[10450,10000]]},
	"700303":{"expend":[[3,200]],"award1":[[10450,9000]]},
	"700313":{"expend":[[3,200]],"award1":[[10450,10500]]},
	"700323":{"expend":[[3,200]],"award1":[[10450,10500]]},
	"750001":{"expend":[[3,200]],"award1":[[10450,11000]]},
	"750101":{"expend":[[3,200]],"award1":[[10450,10500]]},
	"750201":{"expend":[[3,200]],"award1":[[10450,11000]]},
	"750401":{"expend":[[3,200]],"award1":[[10450,10500]]},
	"700283":{"expend":[[3,200]],"award1":[[10450,10500]]},
	"700363":{"expend":[[3,200]],"award1":[[10450,10500]]},
	"700373":{"expend":[[3,200]],"award1":[[10450,10000]]},
	"700383":{"expend":[[3,200]],"award1":[[10450,10000]]},
	"700393":{"expend":[[3,200]],"award1":[[10450,10500]]},
	"700403":{"expend":[[3,200]],"award1":[[10450,10500]]},
	"700005":{"expend":[[3,500]],"award1":[[10450,22375]]},
	"700015":{"expend":[[3,500]],"award1":[[10450,22375]]},
	"700025":{"expend":[[3,500]],"award1":[[10450,21250]]},
	"700035":{"expend":[[3,500]],"award1":[[10450,21250]]},
	"700045":{"expend":[[3,500]],"award1":[[10450,22375]]},
	"700055":{"expend":[[3,500]],"award1":[[10450,22375]]},
	"700065":{"expend":[[3,500]],"award1":[[10450,21250]]},
	"700075":{"expend":[[3,500]],"award1":[[10450,23500]]},
	"700085":{"expend":[[3,500]],"award1":[[10450,19000]]},
	"700095":{"expend":[[3,500]],"award1":[[10450,19000]]},
	"700105":{"expend":[[3,500]],"award1":[[10450,19000]]},
	"700115":{"expend":[[3,500]],"award1":[[10450,19000]]},
	"700125":{"expend":[[3,500]],"award1":[[10450,19000]]},
	"700135":{"expend":[[3,500]],"award1":[[10450,19000]]},
	"700145":{"expend":[[3,500]],"award1":[[10450,21250]]},
	"700155":{"expend":[[3,500]],"award1":[[10450,19000]]},
	"700165":{"expend":[[3,500]],"award1":[[10450,19000]]},
	"700175":{"expend":[[3,500]],"award1":[[10450,22375]]},
	"700185":{"expend":[[3,500]],"award1":[[10450,21250]]},
	"700195":{"expend":[[3,500]],"award1":[[10450,21250]]},
	"700205":{"expend":[[3,500]],"award1":[[10450,22375]]},
	"700215":{"expend":[[3,500]],"award1":[[10450,21250]]},
	"700225":{"expend":[[3,500]],"award1":[[10450,21250]]},
	"700235":{"expend":[[3,500]],"award1":[[10450,22375]]},
	"700245":{"expend":[[3,500]],"award1":[[10450,22375]]},
	"700255":{"expend":[[3,500]],"award1":[[10450,21250]]},
	"700265":{"expend":[[3,500]],"award1":[[10450,22375]]},
	"700275":{"expend":[[3,500]],"award1":[[10450,22375]]},
	"700295":{"expend":[[3,500]],"award1":[[10450,21250]]},
	"700305":{"expend":[[3,500]],"award1":[[10450,19000]]},
	"700315":{"expend":[[3,500]],"award1":[[10450,22375]]},
	"700325":{"expend":[[3,500]],"award1":[[10450,22375]]},
	"750002":{"expend":[[3,500]],"award1":[[10450,23500]]},
	"750102":{"expend":[[3,500]],"award1":[[10450,22375]]},
	"750202":{"expend":[[3,500]],"award1":[[10450,23500]]},
	"750402":{"expend":[[3,500]],"award1":[[10450,22375]]},
	"700285":{"expend":[[3,500]],"award1":[[10450,22375]]},
	"700365":{"expend":[[3,500]],"award1":[[10450,22375]]},
	"700375":{"expend":[[3,500]],"award1":[[10450,21250]]},
	"700385":{"expend":[[3,500]],"award1":[[10450,21250]]},
	"700395":{"expend":[[3,500]],"award1":[[10450,22375]]},
	"700405":{"expend":[[3,500]],"award1":[[10450,22375]]}
},
"data_partner_skill_view_length" : 3,
"data_partner_skill_view" : {
	"1":[700001,700011,700021,700031,700041,700051,700061,700071,700081,700091,700101,700111,700121,700131,700141,700151,700161,700171,700181,700191,700201,700211,700221,700231,700241,700251,700261,700271,700291,700301,700311,700321,750000,750100,750200,750400,700281,700361,700371,700381,700391,700401],
	"2":[700003,700013,700023,700033,700043,700053,700063,700073,700083,700093,700103,700113,700123,700133,700143,700153,700163,700173,700183,700193,700203,700213,700223,700233,700243,700253,700263,700273,700293,700303,700313,700323,750001,750101,750201,750401,700283,700363,700373,700383,700393,700403],
	"3":[700005,700015,700025,700035,700045,700055,700065,700075,700085,700095,700105,700115,700125,700135,700145,700155,700165,700175,700185,700195,700205,700215,700225,700235,700245,700255,700265,700275,700295,700305,700315,700325,750002,750102,750202,750402,700285,700365,700375,700385,700395,700405]
},
"data_partner_skill_item_length" : 84,
"data_partner_skill_item" : {
	"700001":{"id":700001,"expend":[16001]},
	"700011":{"id":700011,"expend":[16002]},
	"700021":{"id":700021,"expend":[16003]},
	"700031":{"id":700031,"expend":[16004]},
	"700041":{"id":700041,"expend":[16005]},
	"700051":{"id":700051,"expend":[16006]},
	"700061":{"id":700061,"expend":[16007]},
	"700071":{"id":700071,"expend":[16008]},
	"700081":{"id":700081,"expend":[16009]},
	"700091":{"id":700091,"expend":[16010]},
	"700101":{"id":700101,"expend":[16011]},
	"700111":{"id":700111,"expend":[16012]},
	"700121":{"id":700121,"expend":[16013]},
	"700131":{"id":700131,"expend":[16014]},
	"700141":{"id":700141,"expend":[16015]},
	"700151":{"id":700151,"expend":[16016]},
	"700161":{"id":700161,"expend":[16017]},
	"700171":{"id":700171,"expend":[16018]},
	"700181":{"id":700181,"expend":[16019]},
	"700191":{"id":700191,"expend":[16020]},
	"700201":{"id":700201,"expend":[16021]},
	"700211":{"id":700211,"expend":[16022]},
	"700221":{"id":700221,"expend":[16023]},
	"700231":{"id":700231,"expend":[16024]},
	"700241":{"id":700241,"expend":[16025]},
	"700251":{"id":700251,"expend":[16026]},
	"700261":{"id":700261,"expend":[16027]},
	"700271":{"id":700271,"expend":[16028]},
	"700291":{"id":700291,"expend":[16029]},
	"700301":{"id":700301,"expend":[16030]},
	"700311":{"id":700311,"expend":[16031]},
	"700321":{"id":700321,"expend":[16032]},
	"750000":{"id":750000,"expend":[16033]},
	"750100":{"id":750100,"expend":[16034]},
	"750200":{"id":750200,"expend":[16035]},
	"750400":{"id":750400,"expend":[16036]},
	"700281":{"id":700281,"expend":[16037]},
	"700361":{"id":700361,"expend":[16038]},
	"700371":{"id":700371,"expend":[16039]},
	"700381":{"id":700381,"expend":[16040]},
	"700391":{"id":700391,"expend":[16041]},
	"700401":{"id":700401,"expend":[16042]},
	"700003":{"id":700003,"expend":[16001]},
	"700013":{"id":700013,"expend":[16002]},
	"700023":{"id":700023,"expend":[16003]},
	"700033":{"id":700033,"expend":[16004]},
	"700043":{"id":700043,"expend":[16005]},
	"700053":{"id":700053,"expend":[16006]},
	"700063":{"id":700063,"expend":[16007]},
	"700073":{"id":700073,"expend":[16008]},
	"700083":{"id":700083,"expend":[16009]},
	"700093":{"id":700093,"expend":[16010]},
	"700103":{"id":700103,"expend":[16011]},
	"700113":{"id":700113,"expend":[16012]},
	"700123":{"id":700123,"expend":[16013]},
	"700133":{"id":700133,"expend":[16014]},
	"700143":{"id":700143,"expend":[16015]},
	"700153":{"id":700153,"expend":[16016]},
	"700163":{"id":700163,"expend":[16017]},
	"700173":{"id":700173,"expend":[16018]},
	"700183":{"id":700183,"expend":[16019]},
	"700193":{"id":700193,"expend":[16020]},
	"700203":{"id":700203,"expend":[16021]},
	"700213":{"id":700213,"expend":[16022]},
	"700223":{"id":700223,"expend":[16023]},
	"700233":{"id":700233,"expend":[16024]},
	"700243":{"id":700243,"expend":[16025]},
	"700253":{"id":700253,"expend":[16026]},
	"700263":{"id":700263,"expend":[16027]},
	"700273":{"id":700273,"expend":[16028]},
	"700293":{"id":700293,"expend":[16029]},
	"700303":{"id":700303,"expend":[16030]},
	"700313":{"id":700313,"expend":[16031]},
	"700323":{"id":700323,"expend":[16032]},
	"750001":{"id":750001,"expend":[16033]},
	"750101":{"id":750101,"expend":[16034]},
	"750201":{"id":750201,"expend":[16035]},
	"750401":{"id":750401,"expend":[16036]},
	"700283":{"id":700283,"expend":[16037]},
	"700363":{"id":700363,"expend":[16038]},
	"700373":{"id":700373,"expend":[16039]},
	"700383":{"id":700383,"expend":[16040]},
	"700393":{"id":700393,"expend":[16041]},
	"700403":{"id":700403,"expend":[16042]}
},
"data_partner_commend_skill_length" : 1,
"data_partner_commend_skill" : {
	"20507":[700291,750000,700281,700361,700201,700211,700171,700221,750100,700071]
}
}