{"data_power_welfare_length" : 13,
"data_power_welfare" : {
	"1":{"id":1,"power":5000,"name":"5000战力礼包","reward":[[10005,20],[1,1000],[10005,10]],"effect_list":[]},
	"2":{"id":2,"power":10000,"name":"1万战力礼包","reward":[[10102,40],[1,1000],[2,20000]],"effect_list":[]},
	"3":{"id":3,"power":30000,"name":"3万战力礼包","reward":[[10102,80],[1,1000],[10006,10]],"effect_list":[]},
	"4":{"id":4,"power":50000,"name":"5万战力礼包","reward":[[10151,2],[1,1000],[10006,10]],"effect_list":[]},
	"5":{"id":5,"power":80000,"name":"8万战力礼包","reward":[[30005,2],[11,400],[1,1000]],"effect_list":[30005]},
	"6":{"id":6,"power":120000,"name":"12万战力礼包","reward":[[10151,3],[10102,40],[1,1000]],"effect_list":[]},
	"7":{"id":7,"power":160000,"name":"16万战力礼包","reward":[[30005,3],[11,400],[1,1000]],"effect_list":[30005]},
	"8":{"id":8,"power":200000,"name":"20万战力礼包","reward":[[10030,2],[10102,40],[1,1000]],"effect_list":[10030]},
	"9":{"id":9,"power":250000,"name":"25万战力礼包","reward":[[10420,1],[10102,40],[1,1000]],"effect_list":[10420]},
	"10":{"id":10,"power":300000,"name":"30万战力礼包","reward":[[10310,1],[10102,50],[1,2000]],"effect_list":[10310]},
	"11":{"id":11,"power":350000,"name":"35万战力礼包","reward":[[10301,2000],[10102,50],[1,2000]],"effect_list":[10301]},
	"12":{"id":12,"power":400000,"name":"40万战力礼包","reward":[[10152,1],[10102,60],[1,2500]],"effect_list":[10152]},
	"13":{"id":13,"power":450000,"name":"45万战力礼包","reward":[[10152,1],[10102,60],[1,2500]],"effect_list":[10152]}
}
}