{"data_limit_gift_length" : 17,
"data_limit_gift" : {
	"1005":{"id":1005,"name":"五星养成礼","gift_type":1,"codition":["star",5],"reward":[[3,300],[1,2000000],[22,1000000],[10001,100]],"package_id":201,"time":7200,"ico":50,"res_1":"txt_cn_action_limit_gift_5","res_2":"","desc":"恭喜你激活了5星英雄养成礼，是否前往购买？"},
	"1006":{"id":1006,"name":"六星养成礼","gift_type":1,"codition":["star",6],"reward":[[3,680],[1,3500000],[22,2000000],[10001,500]],"package_id":202,"time":14400,"ico":51,"res_1":"txt_cn_action_limit_gift_6","res_2":"","desc":"恭喜你激活了6星英雄养成礼，是否前往购买？"},
	"1007":{"id":1007,"name":"七星养成礼","gift_type":1,"codition":["star",7],"reward":[[3,1280],[1,6000000],[22,5500000]],"package_id":203,"time":14400,"ico":52,"res_1":"txt_cn_action_limit_gift_7","res_2":"","desc":"恭喜你激活了7星英雄养成礼，是否前往购买？"},
	"1008":{"id":1008,"name":"八星养成礼","gift_type":1,"codition":["star",8],"reward":[[3,3280],[1,10000000],[22,8000000],[10001,1000]],"package_id":204,"time":14400,"ico":53,"res_1":"txt_cn_action_limit_gift_8","res_2":"","desc":"恭喜你激活了8星英雄养成礼，是否前往购买？"},
	"1009":{"id":1009,"name":"九星养成礼","gift_type":1,"codition":["star",9],"reward":[[3,3280],[1,20000000],[22,10000000],[10450,2000]],"package_id":205,"time":14400,"ico":54,"res_1":"txt_cn_action_limit_gift_9","res_2":"","desc":"恭喜你激活了9星英雄养成礼，是否前往购买？"},
	"1010":{"id":1010,"name":"十星养成礼","gift_type":1,"codition":["star",10],"reward":[[3,4480],[1,30000000],[22,15000000],[10450,3000]],"package_id":206,"time":14400,"ico":55,"res_1":"txt_cn_action_limit_gift_10","res_2":"","desc":"恭喜你激活了10星英雄养成礼，是否前往购买？"},
	"2001":{"id":2001,"name":"18级礼包","gift_type":2,"codition":["lev",18],"reward":[[3,180],[10403,2],[10001,400],[38080,1],[10002,5],[10103,5],[1,800000],[22,500000]],"package_id":211,"time":7200,"ico":41,"res_1":"txt_cn_action_limit_gift_level","res_2":"action_limit_gift_level_18","desc":"恭喜你激活了18级礼包，是否前往购买？"},
	"2002":{"id":2002,"name":"48级礼包","gift_type":2,"codition":["lev",48],"reward":[[3,680],[10403,10],[38080,1],[10001,1000],[37001,10],[10002,5],[1,1000000],[22,800000]],"package_id":212,"time":7200,"ico":41,"res_1":"txt_cn_action_limit_gift_level","res_2":"action_limit_gift_level_48","desc":"恭喜你激活了48级礼包，是否前往购买？"},
	"2003":{"id":2003,"name":"68级礼包","gift_type":2,"codition":["lev",68],"reward":[[3,1280],[10403,12],[37002,1],[10001,1500],[37001,12],[10,1000],[1,1000000],[22,500000]],"package_id":213,"time":7200,"ico":41,"res_1":"txt_cn_action_limit_gift_level","res_2":"action_limit_gift_level_68","desc":"恭喜你激活了68级礼包，是否前往购买？"},
	"2004":{"id":2004,"name":"78级礼包","gift_type":2,"codition":["lev",78],"reward":[[3,1280],[14001,3],[10403,5],[37002,1],[72001,100],[10,1000],[1,1000000],[22,500000]],"package_id":214,"time":7200,"ico":41,"res_1":"txt_cn_action_limit_gift_level","res_2":"action_limit_gift_level_78","desc":"恭喜你激活了78级礼包，是否前往购买？"},
	"2005":{"id":2005,"name":"88级礼包","gift_type":2,"codition":["lev",88],"reward":[[3,3280],[14001,6],[10403,14],[37002,1],[72001,400],[10,1000],[1,1000000],[22,500000]],"package_id":215,"time":7200,"ico":41,"res_1":"txt_cn_action_limit_gift_level","res_2":"action_limit_gift_level_88","desc":"恭喜你激活了88级礼包，是否前往购买？"},
	"2006":{"id":2006,"name":"98级礼包","gift_type":2,"codition":["lev",98],"reward":[[3,3280],[14001,6],[10450,3000],[37002,1],[72001,400],[10,1000],[1,1000000],[22,500000]],"package_id":216,"time":7200,"ico":41,"res_1":"txt_cn_action_limit_gift_level","res_2":"action_limit_gift_level_98","desc":"恭喜你激活了98级礼包，是否前往购买？"},
	"2007":{"id":2007,"name":"108级礼包","gift_type":2,"codition":["lev",108],"reward":[[3,3280],[10454,1],[10450,2000],[10001,500],[37001,10],[10,1000],[1,1000000],[22,500000]],"package_id":217,"time":7200,"ico":41,"res_1":"txt_cn_action_limit_gift_level","res_2":"action_limit_gift_level_108","desc":"恭喜你激活了108级礼包，是否前往购买？"},
	"2008":{"id":2008,"name":"118级礼包","gift_type":2,"codition":["lev",118],"reward":[[3,4480],[10454,1],[10450,3000],[10001,1000],[37001,10],[10,1000],[1,1000000],[22,500000]],"package_id":218,"time":7200,"ico":41,"res_1":"txt_cn_action_limit_gift_level","res_2":"action_limit_gift_level_118","desc":"恭喜你激活了118级礼包，是否前往购买？"},
	"2009":{"id":2009,"name":"128级礼包","gift_type":2,"codition":["lev",128],"reward":[[3,4480],[29906,50],[14001,8],[10450,5000],[10001,1000],[10,1000],[1,1000000],[22,500000]],"package_id":219,"time":7200,"ico":41,"res_1":"txt_cn_action_limit_gift_level","res_2":"action_limit_gift_level_128","desc":"恭喜你激活了128级礼包，是否前往购买？"},
	"2010":{"id":2010,"name":"138级礼包","gift_type":2,"codition":["lev",138],"reward":[[3,6480],[29906,50],[14001,15],[10450,6000],[10001,3000],[10,1000],[1,1000000],[22,500000]],"package_id":220,"time":7200,"ico":41,"res_1":"txt_cn_action_limit_gift_level","res_2":"action_limit_gift_level_138","desc":"恭喜你激活了138级礼包，是否前往购买？"},
	"2011":{"id":2011,"name":"150级礼包","gift_type":2,"codition":["lev",150],"reward":[[3,6480],[29906,50],[14001,15],[10450,8000],[10001,10000],[10,1000],[1,1000000],[22,500000]],"package_id":221,"time":7200,"ico":41,"res_1":"txt_cn_action_limit_gift_level","res_2":"action_limit_gift_level_150","desc":"恭喜你激活了150级礼包，是否前往购买？"}
}
}