{"data_stronger_constant_length" : 4,
"data_stronger_constant" : {
	"strong_level":{"label":"strong_level","val":10,"desc":"进入等级限制"},
	"guild_skill":{"label":"guild_skill","val":500,"desc":"联盟技能评分系数"},
	"artifact_skill":{"label":"artifact_skill","val":1000,"desc":"符文技能评分系数"},
	"partner_eqm1":{"label":"partner_eqm1","val":1000,"desc":"装备评分系数"}
},
"data_stronger_two_length" : 7,
"data_stronger_two" : {
	"1":{"id":1,"name":"英雄等级","sort":1,"evt_type":203,"icon":1001,"limit":[["lev",1]],"desc":"简单的培养，适合前期发展"},
	"2":{"id":2,"name":"装备穿戴","sort":2,"evt_type":203,"icon":1006,"limit":[["lev",1]],"desc":"穿戴装备可迅速提升实力"},
	"3":{"id":3,"name":"英雄星级","sort":3,"evt_type":203,"icon":1007,"limit":[["lev",1]],"desc":"大幅提升战力的关键"},
	"4":{"id":4,"name":"英雄进阶","sort":4,"evt_type":203,"icon":1005,"limit":[["lev",1]],"desc":"前期提升战力的关键"},
	"5":{"id":5,"name":"神器培养","sort":5,"evt_type":201,"icon":1004,"limit":[["lev",1]],"desc":"提升神器伤害和属性加成"},
	"6":{"id":6,"name":"公会技能","sort":6,"evt_type":202,"icon":1003,"limit":[["lev",1]],"desc":"后期最强属性增幅"},
	"7":{"id":7,"name":"符文培养","sort":7,"evt_type":200,"icon":1002,"limit":[["lev",1]],"desc":"英雄可获额外被动技能"}
},
"data_resource_one_length" : 9,
"data_resource_one" : {
	"1":{"id":1,"name":"金币","sub_list":[100,101,102,103,104,105,106],"desc":"用于升级英雄、购买金币商品","evt_type":0,"sort":1,"icon":1},
	"2":{"id":2,"name":"钻石","sub_list":[110,111,112,113,114],"desc":"用于召唤、商城购买物品等","evt_type":0,"sort":2,"icon":3},
	"3":{"id":3,"name":"进阶石","sub_list":[120,121,122],"desc":"用于进阶英雄","evt_type":0,"sort":3,"icon":10001},
	"4":{"id":4,"name":"英雄碎片","sub_list":[130,131,132,133,134],"desc":"用于合成英雄","evt_type":0,"sort":4,"icon":29999},
	"5":{"id":5,"name":"英雄经验","sub_list":[140,141,142,143,144,145],"desc":"用于升级英雄、购买金币商品","evt_type":0,"sort":5,"icon":22},
	"6":{"id":6,"name":"远航情报","sub_list":[150,151],"desc":"用于参与远航玩法","evt_type":0,"sort":6,"icon":7},
	"7":{"id":7,"name":"符文碎片","sub_list":[160,161,162,163],"desc":"用于合成英雄穿戴的符文","evt_type":0,"sort":7,"icon":10421},
	"8":{"id":8,"name":"联盟贡献","sub_list":[170,171,172],"desc":"用于升级联盟技能、联盟商店购买","evt_type":0,"sort":8,"icon":10},
	"9":{"id":9,"name":"神器材料","sub_list":[180,181],"desc":"用于升级神器及其技能","evt_type":0,"sort":9,"icon":72002}
},
"data_resource_two_length" : 37,
"data_resource_two" : {
	"100":{"id":100,"name":"推图挂机","desc":"通关越多，奖励越多~","evt_type":157,"sort":100,"icon":1},
	"101":{"id":101,"name":"试练塔","desc":"参与试练塔获大量奖励","evt_type":160,"sort":101,"icon":1},
	"102":{"id":102,"name":"无尽试炼","desc":"参与获大量金币","evt_type":153,"sort":102,"icon":1},
	"103":{"id":103,"name":"快速作战","desc":"点击就送金币啦","evt_type":132,"sort":103,"icon":1},
	"104":{"id":104,"name":"每日点金","desc":"参与获大量金币","evt_type":162,"sort":104,"icon":1},
	"105":{"id":105,"name":"日常副本","desc":"点击就送金币啦","evt_type":152,"sort":105,"icon":1},
	"106":{"id":106,"name":"英雄远征","desc":"挑战获经验啦","evt_type":151,"sort":106,"icon":1},
	"110":{"id":110,"name":"竞技场","desc":"每日排名结算发钻石啦","evt_type":158,"sort":110,"icon":3},
	"111":{"id":111,"name":"日常成就","desc":"完成成就获得钻石","evt_type":130,"sort":111,"icon":3},
	"112":{"id":112,"name":"远航悬赏","desc":"你参与，我们就血亏","evt_type":126,"sort":112,"icon":3},
	"113":{"id":113,"name":"提升等级","desc":"每次升级都能获钻石奖励","evt_type":157,"sort":113,"icon":3},
	"114":{"id":114,"name":"挂机收益","desc":"挂机也能得钻石~","evt_type":157,"sort":114,"icon":3},
	"120":{"id":120,"name":"试练塔","desc":"进阶石的主要来源之一","evt_type":160,"sort":120,"icon":10001},
	"121":{"id":121,"name":"精灵商店","desc":"可直接购买进阶石","evt_type":134,"sort":121,"icon":10001},
	"122":{"id":122,"name":"推图挂机","desc":"进阶石的主要来源之一","evt_type":157,"sort":122,"icon":10001},
	"130":{"id":130,"name":"推图挂机","desc":"通关领取","evt_type":157,"sort":130,"icon":29999},
	"131":{"id":131,"name":"远航悬赏","desc":"最高可获5星英雄碎片","evt_type":126,"sort":131,"icon":29999},
	"132":{"id":132,"name":"远征玩法","desc":"可在远征商店中兑换英雄碎片","evt_type":151,"sort":132,"icon":29999},
	"133":{"id":133,"name":"精灵商店","desc":"可购买英雄碎片","evt_type":134,"sort":145,"icon":29999},
	"134":{"id":134,"name":"先知圣殿","desc":"抽取4、5星英雄及其碎片","evt_type":204,"sort":146,"icon":29999},
	"140":{"id":140,"name":"推图挂机","desc":"通关越多，奖励越多~","evt_type":157,"sort":140,"icon":22},
	"141":{"id":141,"name":"试练塔","desc":"通关和扫荡都能获得英雄经验呢","evt_type":160,"sort":141,"icon":22},
	"142":{"id":142,"name":"无尽试炼","desc":"参与可获英雄经验","evt_type":153,"sort":142,"icon":22},
	"143":{"id":143,"name":"日常副本","desc":"每日挑战可获大量经验","evt_type":152,"sort":143,"icon":22},
	"144":{"id":144,"name":"快速作战","desc":"点击就送经验","evt_type":132,"sort":144,"icon":22},
	"145":{"id":145,"name":"精灵商店","desc":"可直接购买经验哦","evt_type":134,"sort":145,"icon":22},
	"150":{"id":150,"name":"推图挂机","desc":"通关越多，奖励越多~","evt_type":157,"sort":150,"icon":7},
	"151":{"id":151,"name":"快速作战","desc":"点击就送啦","evt_type":132,"sort":151,"icon":7},
	"160":{"id":160,"name":"远航悬赏","desc":"完成远航获取符文碎片","evt_type":126,"sort":160,"icon":10454},
	"161":{"id":161,"name":"冠军赛","desc":"高级符文等你来拿","evt_type":159,"sort":161,"icon":10454},
	"162":{"id":162,"name":"符文合成","desc":"低级符文合成高级符文","evt_type":161,"sort":161,"icon":10454},
	"163":{"id":163,"name":"挂机掉落","desc":"掉落大量低级符文~","evt_type":157,"sort":161,"icon":10454},
	"170":{"id":170,"name":"公会捐献","desc":"捐献可直接获得奖励哦","evt_type":145,"sort":170,"icon":10},
	"171":{"id":171,"name":"公会副本","desc":"挑战Boss获贡献奖励~","evt_type":146,"sort":171,"icon":10},
	"172":{"id":172,"name":"公会活跃任务","desc":"完成活跃任务获贡献奖励","evt_type":146,"sort":172,"icon":10},
	"180":{"id":180,"name":"成就","desc":"可获神器进阶石和技能石","evt_type":130,"sort":180,"icon":72002},
	"181":{"id":181,"name":"英雄远征","desc":"可在远征商店中兑换材料","evt_type":151,"sort":181,"icon":72001}
},
"data_recommand_length" : 8,
"data_recommand" : {
	"1":{"id":1,"name":"新手推荐","hero_list":[[30402,30506,30501,20506,10506]],"sort":100,"limit":0,"desc":"<color=#d95014>核心英雄：</color><color=#249003>雅典娜、亡灵收割者</color>\n<color=#d95014>推荐阵法：</color><color=#249003>锋矢阵。</color>奥丁负责嘲讽敌方前排英雄，派西斯可以提高我方雅典娜的生存能力；最后在雅典娜制造了大量AOE输出后，由我方战士进行收割。"},
	"2":{"id":2,"name":"初级推荐1","hero_list":[[20506,10509,40501,50501,30402]],"sort":101,"limit":0,"desc":"<color=#d95014>核心英雄：</color><color=#249003>亡灵收割者、吸血伯爵</color>\n<color=#d95014>推荐阵法：</color><color=#249003>锋矢阵。</color>亡灵收割者和吸血伯爵轮流给敌方附加[流血]状态，蛇女墨莎配合[石化]有[流血]的单位。亡灵收割者斩杀英雄可获攻击力属性加成，从而提高队伍整体输出。"},
	"3":{"id":3,"name":"初级推荐2","hero_list":[[20507,10501,30506,40505,50502]],"sort":102,"limit":0,"desc":"<color=#d95014>核心英雄：</color><color=#249003>雅典娜、普罗米修斯</color>\n<color=#d95014>推荐阵法：</color><color=#249003>地绝阵。</color>雅典娜和普罗米修斯对敌方造成大量AOE伤害，同时普罗米修斯的[圣炎盾]能为我方全体英雄提供保护；再配合娜迦公主和盖亚，整体提高我方队伍的持续输出能力"},
	"4":{"id":4,"name":"水系最强","hero_list":[[10504,10505,10501,10503,10502]],"sort":103,"limit":0,"desc":"<color=#d95014>核心英雄：</color><color=#249003>冰霜巨龙、冰雪女王</color>\n<color=#d95014>推荐阵法：</color><color=#249003>锋矢阵。</color>通过我方泰坦、娜迦公主的反击、援护能力进行防守反击；再配合冰雪女王和冰霜巨龙的群攻、控制能力对敌方后排造成持续性的输出"},
	"5":{"id":5,"name":"火系最强","hero_list":[[20508,20501,20507,20502,20504]],"sort":104,"limit":0,"desc":"<color=#d95014>核心英雄：</color><color=#249003>普罗米修斯、瓦尔基里</color>\n<color=#d95014>推荐阵法：</color><color=#249003>锋矢阵。</color>我方火系英雄在第一回合对敌方附加大量[灼烧]状态，瓦尔基里和炽天使能利用[灼烧]状态提升自己的爆发能力，进而秒杀敌方英雄；要注意敌方是否有能[驱散]的英雄，推荐使用带控制的神器"},
	"6":{"id":6,"name":"风系最强","hero_list":[[30508,30502,30507,30506,30504]],"sort":105,"limit":0,"desc":"<color=#d95014>核心英雄：</color><color=#249003>斯芬克斯、影刹</color>\n<color=#d95014>推荐阵法：</color><color=#249003>锋矢阵。</color>影刹具保护我方输出英雄的能力和较高的生存能力，避免我方输出英雄被秒杀；斯芬克斯在[风王领域]的被动下在前期有极高的输出和爆发能力，可配合我方魅魔女王和雅典娜来秒杀对面输出英雄"},
	"7":{"id":7,"name":"暗系最强","hero_list":[[50505,50507,50504,50503,50502]],"sort":106,"limit":0,"desc":"<color=#d95014>核心英雄：</color><color=#249003>潘多拉、黑暗之主</color>\n<color=#d95014>推荐阵法：</color><color=#249003>锋矢阵。</color>潘多拉的技能可以为敌方附加各种负面状态，同时为我方英雄提供续航能力；配合阿努比斯、亚巴顿的诅咒效果对敌方造成持续性高伤害，最后由黑暗之主高爆发斩杀低血量的英雄"},
	"8":{"id":8,"name":"光系最强","hero_list":[[40507,40502,40503,40504,40506]],"sort":107,"limit":0,"desc":"<color=#d95014>核心英雄：</color><color=#249003>神灵大祭司、宙斯</color>\n<color=#d95014>推荐阵法：</color><color=#249003>圣灵阵。</color>神灵大祭司和艾蕾莉亚两个辅助能提高我方英雄的生存能力，配合宙斯对敌方附加[感电]状态持续提高我方整体输出能力，最终以消耗的方式战胜对手"}
},
"data_problem_length" : 6,
"data_problem" : {
	"1":{"id":1,"name":"怎样选择上阵英雄？","desc":"<color=#249003>  →注意职业搭配：</color>\n一个完整的阵容一般可由<color=#249003>坦克英雄</color>（负责保护控制）；<color=#249003>战士、法师英雄</color>（负责制造伤害）；<color=#249003>辅助英雄</color>（负责治疗增益）这三部分组成\n<color=#249003>  →注意种族克制：</color>\n阵营克制效果会在战斗中带来客观的伤害加成，根据敌方种族合理选择其克制种族也是胜利的关键\n<color=#249003>  →注意阵型搭配：</color>\n上阵指定种族的英雄也可在战斗中获得属性加成，根据自己已有的英雄合理搭配阵型也能大幅提高胜率呢；具体搭配可在[英雄出战]面板中点击阵营图标查看\n<color=#249003>  →注意技能组合：</color>\n大部分英雄的技能是可以相互配合的。例如炎魔之王的[炎魔之怒]给敌方附加<color=#249003>灼烧</color>状态，而瓦尔基里的[英灵斩]则必定<color=#249003>对灼烧单位造成暴击伤害</color>。还有更多厉害的组合等你去发掘~","sort":1},
	"2":{"id":2,"name":"如何选择阵法？","desc":"<color=#249003>  →根据我方英雄职业：</color>\n可根据实际上阵的英雄职业决定。例如上阵了<color=#249003>2个肉盾型英雄</color>，推荐使用<color=#249003>圣灵阵</color>，从而加强对我方其他英雄的保护\n<color=#249003>  →根据对手的阵容：</color>\n还可根据对手上阵的英雄来决定。对于某些特定的AOE伤害（如奥丁的舞动之刃：攻击敌方前两排所有英雄），通过<color=#249003>调整站位</color>来规避此类控制技能\n<color=#249003>  →更换阵法：</color>\n若遇到打不过的战斗，调整阵法再战可能会有奇效哦","sort":2},
	"3":{"id":3,"name":"如何给英雄升星？","desc":"<color=#249003>→升星的好处：</color>\n  升星能大幅提升英雄的属性；同时升星也是提升英雄技能等级的唯一途径\n<color=#249003>→如何升星：</color>\n  前往主城界面中的[融合神殿]，选择你想升星的英雄，根据提示放入其他指定英雄就可以升星啦；6星英雄可在英雄培养界面中直接进行升星操作哦~\n<color=#249003>→友情提示：</color>\n  因为一股神秘的力量，导致不是所有英雄都能升到最高星级呢，培养英雄的时候可要注意啦","sort":3},
	"4":{"id":4,"name":"如何让我的小伙伴快速成长？","desc":"<color=#249003>  →</color>每日免费的<color=#249003>召唤、点金和快速作战</color>千万别错过啦\n<color=#249003>  →</color>每日可在<color=#249003>历练</color>中挑战日常副本、参与各种玩法可获得各种收益\n<color=#249003>  →</color>每日在竞技场给排行榜中的玩家点赞也可获得金币哦\n<color=#249003>  →</color>加入联盟，消耗贡献学习联盟技能也能让英雄获得极大的提升\n<color=#249003>  →</color>最重要的[挂机收益]可别忘记每天上线领取哦~","sort":4},
	"5":{"id":5,"name":"英雄的各种技能效果有什么作用？","desc":"1.灼烧、流血、诅咒、中毒\n   每回合受到固定伤害（可叠加）叠加的层数越多，伤害越高\n2.眩晕、石化、冰冻、睡眠、麻痹\n   英雄无法行动\n3.封印\n   携带该状态的单位无法产生暴击，被动技能无法触发\n4.虚弱\n   携带该状态的单位停止行动1回合，该状态不可叠加\n5.沉默\n   携带该状态的单位无法使用技能\n6.嘲讽\n   携带该状态的单位将强制只用普攻攻击嘲讽着\n7.技能效果的命中率\n   技能效果的实际命中率=效果命中属性-效果抵抗属性","sort":5},
	"6":{"id":6,"name":"战斗中英雄的出手顺序是怎样的？","desc":"<color=#249003>→出手顺序</color>——每回合战斗中<color=#249003>速度属性</color>高的英雄优先出手","sort":6}
}
}