{"data_limit_gift_length" : 3,
"data_limit_gift" : {
	"1":{"id":1,"name":"触发礼包30元","codition":["vip_exp",60],"reward":[[3,300],[10403,5],[10001,500],[37001,5],[10002,2],[10103,2],[1,200000],[22,300000]],"package_id":1305,"time":7200,"limit_num":1,"ico":1,"res_1":"1","res_2":"1","desc":"928"},
	"2":{"id":2,"name":"触发礼包128元","codition":["vip_exp",1000],"reward":[[3,1280],[14001,3],[10403,5],[39007,1],[72001,50],[10001,200],[10450,200],[22,1200000]],"package_id":1306,"time":7200,"limit_num":1,"ico":2,"res_1":"2","res_2":"2","desc":"988"},
	"3":{"id":3,"name":"触发礼包198元","codition":["welfare",1],"reward":[[3,1980],[29305,50],[38051,1],[10403,10],[39007,1],[10001,1000],[1,3000000],[22,3000000]],"package_id":1307,"time":7200,"limit_num":1,"ico":3,"res_1":"3","res_2":"3","desc":"988"}
}
}