{"data_const_length" : 1,
"data_const" : {
	"game_rule":{"code":"game_rule","val":1,"desc":"1.冒险者所在区服世界等级达到108级时开启跨服时空\n2.跨服时空开启后，相关玩法同一区服组内的区服共同参与\n3.跨服组根据区服世界等级分组，每2周的周一0:00进行跨服重组\n4.在跨服重组后达到世界等级要求的区服，需要等待下次跨服重组，方可开启跨服时空玩法匹配"}
},
"data_base_length" : 1,
"data_base" : {
	"1":{"id":1,"name":"天梯争霸","open_limit":[["lev",55]],"icon":"1","source_id":103}
}
}