{"data_rank_data_const_length" : 32,
"data_rank_data_const" : {
	"end_time":{"key":"end_time","val":["open_day",12,86399],"desc":"X天结束"},
	"open_time":{"key":"open_time","val":[[2018,2,2],[0,0,0]],"desc":"开启功能时间"},
	"close_shop_time":{"key":"close_shop_time","val":["open_day",7],"desc":"关闭图标时间"},
	"rank_title1":{"key":"rank_title1","val":90006,"desc":"剧情推图称号ID"},
	"rank_title2":{"key":"rank_title2","val":90702,"desc":"圣器比拼称号ID"},
	"rank_title3":{"key":"rank_title3","val":90011,"desc":"最强英雄称号ID"},
	"rank_title4":{"key":"rank_title4","val":90010,"desc":"星命之耀称号ID"},
	"rank_title5":{"key":"rank_title5","val":90012,"desc":"神界冒险称号ID"},
	"rank_title6":{"key":"rank_title6","val":90701,"desc":"炫彩宝石称号ID"},
	"rank_title7":{"key":"rank_title7","val":90707,"desc":"消费排行称号ID"},
	"dugeon_limit":{"key":"dugeon_limit","val":10420,"desc":"推图至哪个关卡才能获得第一名奖励"},
	"tower_limit":{"key":"tower_limit","val":20,"desc":"星命塔需挑战至第X层才能获得第一名奖励"},
	"arena_limit":{"key":"arena_limit","val":900,"desc":"竞技场积分需达到X值以上才能获得第一名奖励"},
	"team_limit":{"key":"team_limit","val":30000,"desc":"阵容总战力达到X值以上才能获得第一名奖励"},
	"star_limit":{"key":"star_limit","val":5000,"desc":"星命总评分达到X值以上才能获得第一名奖励"},
	"partner_limit":{"key":"partner_limit","val":10000,"desc":"英雄单个战力打达到X值以上才能获得第一名奖励"},
	"advanture_limit":{"key":"advanture_limit","val":1000,"desc":"神界探索度达到X值以上才能获得第一名奖励"},
	"reward_limit":{"key":"reward_limit","val":20,"desc":"奖励人数"},
	"rank_title8":{"key":"rank_title8","val":90701,"desc":"炫彩宝石称号ID"},
	"rank_title9":{"key":"rank_title9","val":90702,"desc":"圣器比拼称号ID"},
	"rank_title10":{"key":"rank_title10","val":90703,"desc":"观星大师称号ID"},
	"rank_title11":{"key":"rank_title11","val":90704,"desc":"无尽试炼称号ID"},
	"rank_title12":{"key":"rank_title12","val":90705,"desc":"英雄召唤称号ID"},
	"rank_title13":{"key":"rank_title13","val":90706,"desc":"最强阵容称号ID"},
	"rank_title14":{"key":"rank_title14","val":90707,"desc":"消费排行称号ID"},
	"rank_title15":{"key":"rank_title15","val":90706,"desc":"最强阵容称号ID"},
	"rank_title16":{"key":"rank_title16","val":90008,"desc":"竞技天王称号ID"},
	"rank_title17":{"key":"rank_title17","val":90007,"desc":"爬塔达人称号ID"},
	"rank_title18":{"key":"rank_title18","val":90013,"desc":"寻宝专家称号ID"},
	"rank_title19":{"key":"rank_title19","val":90704,"desc":"无尽试炼称号ID"},
	"cluster_end_time":{"key":"cluster_end_time","val":["cluster_day",7,86399],"desc":"跨服榜X天结束"},
	"cluster_open_time":{"key":"cluster_open_time","val":[[2018,10,26],[0,0,0]],"desc":"跨服开启功能时间"}
},
"data_rank_data_length" : 19,
"data_rank_data" : {"1":[{"id":1,"high":1,"low":1,"rewards":[[50101,1],[34001,3],[10152,2],[10008,100],[2,300000]],"effect_list":[50101,34001,10152]},{"id":1,"high":2,"low":2,"rewards":[[34001,2],[10152,2],[10008,80],[2,200000]],"effect_list":[50101,34001,10152]},{"id":1,"high":3,"low":3,"rewards":[[34001,1],[10152,1],[10008,60],[2,100000]],"effect_list":[34001,10152]},{"id":1,"high":5,"low":4,"rewards":[[10152,1],[10008,30],[2,80000]],"effect_list":[10152]},{"id":1,"high":10,"low":6,"rewards":[[10151,2],[10008,20],[2,50000]],"effect_list":[10151]},{"id":1,"high":20,"low":11,"rewards":[[10151,1],[10008,10],[2,20000]],"effect_list":[10151]}],
"2":[{"id":2,"high":1,"low":1,"rewards":[[50112,1],[72003,3],[72002,4],[72001,30],[2,300000]],"effect_list":[50112,34005,10996]},{"id":2,"high":2,"low":2,"rewards":[[72003,2],[72002,3],[72001,20],[2,200000]],"effect_list":[34005,10996]},{"id":2,"high":3,"low":3,"rewards":[[72003,1],[72002,3],[72001,10],[2,100000]],"effect_list":[34005,10996]},{"id":2,"high":5,"low":4,"rewards":[[72002,2],[72001,5],[2,80000]],"effect_list":[10996]},{"id":2,"high":10,"low":6,"rewards":[[72002,1],[72001,5],[2,50000]],"effect_list":[10995]},{"id":2,"high":20,"low":11,"rewards":[[72002,1],[72001,3],[2,20000]],"effect_list":[10995]}],
"3":[{"id":3,"high":1,"low":1,"rewards":[[50106,1],[30030,1],[10412,3],[11,1200],[2,300000]],"effect_list":[50106,30030,10412]},{"id":3,"high":2,"low":2,"rewards":[[30024,2],[10412,3],[11,1000],[2,200000]],"effect_list":[30024,10412]},{"id":3,"high":3,"low":3,"rewards":[[30024,1],[10412,2],[11,800],[2,100000]],"effect_list":[30024,10412]},{"id":3,"high":5,"low":4,"rewards":[[10412,2],[11,640],[2,80000]],"effect_list":[10412]},{"id":3,"high":10,"low":6,"rewards":[[10412,1],[11,480],[2,50000]],"effect_list":[10412]},{"id":3,"high":20,"low":11,"rewards":[[10412,1],[11,320],[2,20000]],"effect_list":[10412]}],
"4":[{"id":4,"high":1,"low":1,"rewards":[[50105,1],[30030,1],[10102,1200],[10301,600],[2,300000]],"effect_list":[50105,30030]},{"id":4,"high":2,"low":2,"rewards":[[30024,2],[10102,1000],[10301,500],[2,200000]],"effect_list":[30024]},{"id":4,"high":3,"low":3,"rewards":[[30024,1],[10102,800],[10301,400],[2,100000]],"effect_list":[30024]},{"id":4,"high":5,"low":4,"rewards":[[10102,640],[10301,320],[2,80000]],"effect_list":[]},{"id":4,"high":10,"low":6,"rewards":[[10102,480],[10301,240],[2,50000]],"effect_list":[]},{"id":4,"high":20,"low":11,"rewards":[[10102,320],[10301,160],[2,20000]],"effect_list":[]}],
"5":[{"id":5,"high":1,"low":1,"rewards":[[50107,1],[10421,1],[10996,3],[7,1200],[2,300000]],"effect_list":[50107,10421,10996]},{"id":5,"high":2,"low":2,"rewards":[[10420,2],[10996,2],[7,1000],[2,200000]],"effect_list":[10420,10996]},{"id":5,"high":3,"low":3,"rewards":[[10420,1],[10996,2],[7,800],[2,100000]],"effect_list":[10420,10996]},{"id":5,"high":5,"low":4,"rewards":[[10996,1],[7,640],[2,80000]],"effect_list":[10996]},{"id":5,"high":10,"low":6,"rewards":[[10995,2],[7,480],[2,50000]],"effect_list":[10995]},{"id":5,"high":20,"low":11,"rewards":[[10995,1],[7,320],[2,20000]],"effect_list":[10995]}],
"6":[{"id":6,"high":1,"low":1,"rewards":[[50111,1],[35113,3],[10030,10],[10008,100],[2,300000]],"effect_list":[50111,30029,10152]},{"id":6,"high":2,"low":2,"rewards":[[35113,2],[10030,8],[10008,80],[2,200000]],"effect_list":[30029,10152]},{"id":6,"high":3,"low":3,"rewards":[[35113,1],[10030,6],[10008,60],[2,100000]],"effect_list":[30029,10152]},{"id":6,"high":5,"low":4,"rewards":[[10030,4],[10008,30],[2,80000]],"effect_list":[10152]},{"id":6,"high":10,"low":6,"rewards":[[10030,3],[10008,20],[2,50000]],"effect_list":[10151]},{"id":6,"high":20,"low":11,"rewards":[[10030,2],[10008,10],[2,20000]],"effect_list":[10151]}],
"7":[{"id":7,"high":1,"low":1,"rewards":[[50117,1],[4,888],[11,1200],[10102,600],[2,300000]],"effect_list":[50117,4]},{"id":7,"high":2,"low":2,"rewards":[[4,666],[11,1000],[10102,500],[2,200000]],"effect_list":[4]},{"id":7,"high":3,"low":3,"rewards":[[4,555],[11,800],[10102,400],[2,100000]],"effect_list":[4]},{"id":7,"high":5,"low":4,"rewards":[[11,640],[10102,320],[2,80000]],"effect_list":[]},{"id":7,"high":10,"low":6,"rewards":[[11,480],[10102,240],[2,50000]],"effect_list":[]},{"id":7,"high":20,"low":11,"rewards":[[11,320],[10102,160],[2,20000]],"effect_list":[]}],
"15":[{"id":15,"high":1,"low":1,"rewards":[[50104,1],[4,888],[11,1200],[10102,1200],[2,300000]],"effect_list":[50104,4]},{"id":15,"high":2,"low":2,"rewards":[[4,666],[11,1000],[10102,1000],[2,200000]],"effect_list":[4]},{"id":15,"high":3,"low":3,"rewards":[[4,555],[11,800],[10102,800],[2,100000]],"effect_list":[4]},{"id":15,"high":5,"low":4,"rewards":[[11,640],[10102,640],[2,80000]],"effect_list":[]},{"id":15,"high":10,"low":6,"rewards":[[11,480],[10102,480],[2,50000]],"effect_list":[]},{"id":15,"high":20,"low":11,"rewards":[[11,320],[10102,320],[2,20000]],"effect_list":[]}],
"16":[{"id":16,"high":1,"low":1,"rewards":[[50103,1],[10421,1],[10030,10],[8,1200],[2,300000]],"effect_list":[50103,10421,10030]},{"id":16,"high":2,"low":2,"rewards":[[10420,2],[10030,8],[8,1000],[2,200000]],"effect_list":[10420,10030]},{"id":16,"high":3,"low":3,"rewards":[[10420,1],[10030,6],[8,800],[2,100000]],"effect_list":[10420,10030]},{"id":16,"high":5,"low":4,"rewards":[[10030,4],[8,640],[2,80000]],"effect_list":[10030]},{"id":16,"high":10,"low":6,"rewards":[[10030,3],[8,480],[2,50000]],"effect_list":[10030]},{"id":16,"high":20,"low":11,"rewards":[[10030,2],[8,320],[2,20000]],"effect_list":[10030]}],
"17":[{"id":17,"high":1,"low":1,"rewards":[[50102,1],[10405,3],[13,50],[7,1200],[2,300000]],"effect_list":[50102,10405,13]},{"id":17,"high":2,"low":2,"rewards":[[10405,2],[13,40],[7,1000],[2,200000]],"effect_list":[10405,13]},{"id":17,"high":3,"low":3,"rewards":[[10405,1],[13,30],[7,800],[2,100000]],"effect_list":[10405,13]},{"id":17,"high":5,"low":4,"rewards":[[13,20],[7,640],[2,80000]],"effect_list":[13]},{"id":17,"high":10,"low":6,"rewards":[[13,10],[7,480],[2,50000]],"effect_list":[13]},{"id":17,"high":20,"low":11,"rewards":[[13,5],[7,320],[2,20000]],"effect_list":[13]}],
"18":[{"id":18,"high":1,"low":1,"rewards":[[50108,1],[72003,3],[13,50],[11,1200],[2,300000]],"effect_list":[50115,72003,13]},{"id":18,"high":2,"low":2,"rewards":[[72003,2],[13,40],[11,1000],[2,200000]],"effect_list":[72003,13]},{"id":18,"high":3,"low":3,"rewards":[[72003,1],[13,30],[11,800],[2,100000]],"effect_list":[72003,13]},{"id":18,"high":5,"low":4,"rewards":[[13,20],[11,640],[2,80000]],"effect_list":[13]},{"id":18,"high":10,"low":6,"rewards":[[13,10],[11,480],[2,50000]],"effect_list":[13]},{"id":18,"high":20,"low":11,"rewards":[[13,5],[11,320],[2,20000]],"effect_list":[13]}],
"19":[{"id":19,"high":1,"low":1,"rewards":[[50114,1],[10421,1],[10030,10],[10102,600],[2,300000]],"effect_list":[50114,10421,10030]},{"id":19,"high":2,"low":2,"rewards":[[10420,2],[10030,8],[10102,500],[2,200000]],"effect_list":[10420,10030]},{"id":19,"high":3,"low":3,"rewards":[[10420,1],[10030,6],[10102,400],[2,100000]],"effect_list":[10420,10030]},{"id":19,"high":5,"low":4,"rewards":[[10030,4],[10102,320],[2,80000]],"effect_list":[10030]},{"id":19,"high":10,"low":6,"rewards":[[10030,3],[10102,240],[2,50000]],"effect_list":[10030]},{"id":19,"high":20,"low":11,"rewards":[[10030,2],[10102,160],[2,20000]],"effect_list":[10030]}],
"8":[{"id":8,"high":1,"low":1,"rewards":[[50111,1],[35113,3],[10030,10],[10008,100],[2,300000]],"effect_list":[50111,30029,10152]},{"id":8,"high":2,"low":2,"rewards":[[35113,2],[10030,8],[10008,80],[2,200000]],"effect_list":[30029,10152]},{"id":8,"high":3,"low":3,"rewards":[[35113,1],[10030,6],[10008,60],[2,100000]],"effect_list":[30029,10152]},{"id":8,"high":5,"low":4,"rewards":[[10030,4],[10008,30],[2,80000]],"effect_list":[10152]},{"id":8,"high":10,"low":6,"rewards":[[10030,3],[10008,20],[2,50000]],"effect_list":[10151]},{"id":8,"high":20,"low":11,"rewards":[[10030,2],[10008,10],[2,20000]],"effect_list":[10151]}],
"9":[{"id":9,"high":1,"low":1,"rewards":[[50112,1],[72003,3],[72002,4],[72001,30],[2,300000]],"effect_list":[50112,34005,10996]},{"id":9,"high":2,"low":2,"rewards":[[72003,2],[72002,3],[72001,20],[2,200000]],"effect_list":[34005,10996]},{"id":9,"high":3,"low":3,"rewards":[[72003,1],[72002,3],[72001,10],[2,100000]],"effect_list":[34005,10996]},{"id":9,"high":5,"low":4,"rewards":[[72002,2],[72001,5],[2,80000]],"effect_list":[10996]},{"id":9,"high":10,"low":6,"rewards":[[72002,1],[72001,5],[2,50000]],"effect_list":[10995]},{"id":9,"high":20,"low":11,"rewards":[[72002,1],[72001,3],[2,20000]],"effect_list":[10995]}],
"10":[{"id":10,"high":1,"low":1,"rewards":[[50113,1],[30030,1],[10412,3],[10301,600],[2,300000]],"effect_list":[50113,30030,10412]},{"id":10,"high":2,"low":2,"rewards":[[30024,2],[10412,3],[10301,500],[2,200000]],"effect_list":[30024,10412]},{"id":10,"high":3,"low":3,"rewards":[[30024,1],[10412,2],[10301,400],[2,100000]],"effect_list":[30024,10412]},{"id":10,"high":5,"low":4,"rewards":[[10412,2],[10301,320],[2,80000]],"effect_list":[10412]},{"id":10,"high":10,"low":6,"rewards":[[10412,1],[10301,240],[2,50000]],"effect_list":[10412]},{"id":10,"high":20,"low":11,"rewards":[[10412,1],[10301,160],[2,20000]],"effect_list":[10412]}],
"11":[{"id":11,"high":1,"low":1,"rewards":[[50114,1],[10421,1],[10030,10],[10102,600],[2,300000]],"effect_list":[50114,10421,10030]},{"id":11,"high":2,"low":2,"rewards":[[10420,2],[10030,8],[10102,500],[2,200000]],"effect_list":[10420,10030]},{"id":11,"high":3,"low":3,"rewards":[[10420,1],[10030,6],[10102,400],[2,100000]],"effect_list":[10420,10030]},{"id":11,"high":5,"low":4,"rewards":[[10030,4],[10102,320],[2,80000]],"effect_list":[10030]},{"id":11,"high":10,"low":6,"rewards":[[10030,3],[10102,240],[2,50000]],"effect_list":[10030]},{"id":11,"high":20,"low":11,"rewards":[[10030,2],[10102,160],[2,20000]],"effect_list":[10030]}],
"12":[{"id":12,"high":1,"low":1,"rewards":[[50115,1],[35113,3],[13,50],[11,1200],[2,300000]],"effect_list":[50115,34005,13]},{"id":12,"high":2,"low":2,"rewards":[[35113,2],[13,40],[11,1000],[2,200000]],"effect_list":[34005,13]},{"id":12,"high":3,"low":3,"rewards":[[35113,1],[13,30],[11,800],[2,100000]],"effect_list":[34005,13]},{"id":12,"high":5,"low":4,"rewards":[[13,20],[11,640],[2,80000]],"effect_list":[13]},{"id":12,"high":10,"low":6,"rewards":[[13,10],[11,480],[2,50000]],"effect_list":[13]},{"id":12,"high":20,"low":11,"rewards":[[13,5],[11,320],[2,20000]],"effect_list":[13]}],
"13":[{"id":13,"high":1,"low":1,"rewards":[[50116,1],[30030,1],[10102,1200],[10301,600],[2,300000]],"effect_list":[50116,30030]},{"id":13,"high":2,"low":2,"rewards":[[30024,2],[10102,1000],[10301,500],[2,200000]],"effect_list":[30024]},{"id":13,"high":3,"low":3,"rewards":[[30024,1],[10102,800],[10301,400],[2,100000]],"effect_list":[30024]},{"id":13,"high":5,"low":4,"rewards":[[10102,640],[10301,320],[2,80000]],"effect_list":[]},{"id":13,"high":10,"low":6,"rewards":[[10102,480],[10301,240],[2,50000]],"effect_list":[]},{"id":13,"high":20,"low":11,"rewards":[[10102,320],[10301,160],[2,20000]],"effect_list":[]}],
"14":[{"id":14,"high":1,"low":1,"rewards":[[50117,1],[4,888],[11,1200],[10102,600],[2,300000]],"effect_list":[50117,4]},{"id":14,"high":2,"low":2,"rewards":[[4,666],[11,1000],[10102,500],[2,200000]],"effect_list":[4]},{"id":14,"high":3,"low":3,"rewards":[[4,555],[11,800],[10102,400],[2,100000]],"effect_list":[4]},{"id":14,"high":5,"low":4,"rewards":[[11,640],[10102,320],[2,80000]],"effect_list":[]},{"id":14,"high":10,"low":6,"rewards":[[11,480],[10102,240],[2,50000]],"effect_list":[]},{"id":14,"high":20,"low":11,"rewards":[[11,320],[10102,160],[2,20000]],"effect_list":[]}]
},
"data_rank_list_length" : 19,
"data_rank_list" : {"14":[{"id":14,"name":"消费排行榜","rank_type":1023,"tips_rule":"活动期间，根据冒险家<color=#3dbf5f>蓝钻消耗总数</color>排名，消耗数量越多，排名越高","jump":23,"ico":23,"tips_str":"1、根据冒险家消耗蓝钻数量进行排名，数量越多，排名越高\n2、若消耗数相同的情况下，先到达该数量的冒险家排名较高","evt_type":"","extend":[]}],
"13":[{"id":13,"name":"最强阵容","rank_type":25,"tips_rule":"活动期间，根据冒险家<color=#3dbf5f>历史上阵最高战力</color>排名，战力越高，排名越高","jump":25,"ico":25,"tips_str":"1、根据冒险家历史上阵最高战力排名，战力越高，排名越高\n2、若上阵总战力相同的情况下，先到达该战力的冒险家排名较高\n3、通过各种玩法获取资源提升阵上英雄战力","evt_type":"","extend":[]}],
"12":[{"id":12,"name":"召唤排行榜","rank_type":1022,"tips_rule":"活动期间，根据冒险家<color=#3dbf5f>英雄召唤</color>次数进行排名，召唤次数越多，排名越高","jump":22,"ico":22,"tips_str":"1、根据冒险家参与召唤的次数进行排名，召唤次数越高，排名越高\n2、若次数相同的情况下，先达到该次数的冒险家排名较高","evt_type":"","extend":[]}],
"11":[{"id":11,"name":"无尽试炼","rank_type":1018,"tips_rule":"活动期间，根据冒险家<color=#3dbf5f>无尽试炼</color>排名决定，排名越高奖励越丰富","jump":18,"ico":18,"tips_str":"1、根据冒险家在武进试炼中排名，排名越高，奖励越丰富\n2、合理搭配阵容能通关更多无尽试炼关卡","evt_type":"","extend":[]}],
"10":[{"id":10,"name":"观星大师","rank_type":1024,"tips_rule":"活动期间，根据冒险家<color=#3dbf5f>观星次数</color>进行排名，次数越多，排名越高","jump":24,"ico":24,"tips_str":"1、根据冒险家观星次数进行排名，观星次数越高，排名越高\n2、若次数相同的情况下，先到达该次数的冒险者排名较高","evt_type":"","extend":[]}],
"9":[{"id":9,"name":"圣器比拼","rank_type":26,"tips_rule":"活动期间，根据冒险家<color=#3dbf5f>圣器战力</color>进行排名，战力越高，排名越高","jump":26,"ico":26,"tips_str":"1、根据冒险家圣器战力进行排名，圣器战力越高，排名越高\n2、若圣器战力相同的情况下，先达到该战力的玩家排名较高\n3、通过圣器副本和推图可提高圣器战力","evt_type":"","extend":[]}],
"8":[{"id":8,"name":"炫彩宝石","rank_type":1021,"tips_rule":"活动期间，根据冒险家<color=#3dbf5f>宝石总等级</color>进行排名，宝石总等级越高，排名越高","jump":21,"ico":21,"tips_str":"1、根据冒险家上阵英雄宝石总等级进行排名，宝石等级越高，排名越高\n2、若宝石总等级相同的情况下，先达到总等级的玩家排名较高","evt_type":"","extend":[]}],
"19":[{"id":19,"name":"无尽试炼","rank_type":29,"tips_rule":"活动期间，根据冒险家<color=#3dbf5f>无尽试炼</color>排名决定，排名越高奖励越丰富","jump":29,"ico":18,"tips_str":"1、根据冒险家在武进试炼中排名，排名越高，奖励越丰富\n2、合理搭配阵容能通关更多无尽试炼关卡","evt_type":"evt_endless","extend":[]}],
"18":[{"id":18,"name":"寻宝专家","rank_type":28,"tips_rule":"活动期间，根据冒险家<color=#3dbf5f>寻宝</color>次数进行排名，寻宝次数越多，排名越高","jump":28,"ico":22,"tips_str":"1、根据冒险家参与寻宝的次数进行排名，寻宝次数越多，排名越高\n2、若次数相同的情况下，先达到该次数的冒险家排名较高","evt_type":"evt_lucky_treasure","extend":[]}],
"17":[{"id":17,"name":"爬塔达人","rank_type":10,"tips_rule":"活动期间，根据冒险家<color=#3dbf5f>星命塔</color>通关层数进行排名，通关层数越高，排名越高","jump":10,"ico":10,"tips_str":"1、根据冒险家通关星命塔层数排名，通关层数越高，排名越高\n2、若通关层数相同的情况下，先通关该层的冒险家排名较高\n3、通过提升阵容战力、针对当前星命塔战斗作出上阵安排或者阵法调整可以更容易通关更高层数","evt_type":"evt_tower","extend":[]}],
"16":[{"id":16,"name":"武道宗师","rank_type":11,"tips_rule":"活动期间，根据冒险家<color=#3dbf5f>竞技场</color>排名，排名越高奖励越丰富","jump":11,"ico":11,"tips_str":"1、根据冒险家在竞技场中排名，排名越高，奖励越丰富\n2、通过购买次数挑战能够获得更高竞技积分","evt_type":"evt_arena","extend":[]}],
"15":[{"id":15,"name":"超神阵容","rank_type":12,"tips_rule":"活动期间，根据冒险家<color=#3dbf5f>历史上阵最高战力</color>排名，战力越高，排名越高","jump":12,"ico":12,"tips_str":"1、根据冒险家历史上阵最高战力排名，战力越高，排名越高\n2、若上阵总战力相同的情况下，先到达该战力的冒险家排名较高\n3、通过各种玩法获取资源提升阵上英雄战力","evt_type":"evt_partner","extend":[]}],
"7":[{"id":7,"name":"消费排行榜","rank_type":23,"tips_rule":"活动期间，根据冒险家<color=#3dbf5f>蓝钻消耗总数</color>排名，消耗数量越多，排名越高","jump":23,"ico":12,"tips_str":"1、根据冒险家消耗蓝钻数量进行排名，数量越多，排名越高\n2、若消耗数相同的情况下，先到达该数量的冒险家排名较高","evt_type":"evt_mall_buy","extend":[1]}],
"6":[{"id":6,"name":"炫彩宝石","rank_type":31,"tips_rule":"活动期间，根据冒险家<color=#3dbf5f>宝石总等级</color>进行排名，宝石总等级越高，排名越高","jump":31,"ico":31,"tips_str":"1、根据冒险家上阵英雄宝石总等级进行排名，宝石等级越高，排名越高\n2、若宝石总等级相同的情况下，先达到总等级的玩家排名较高","evt_type":"evt_partner_gemstone","extend":[]}],
"5":[{"id":5,"name":"神界冒险","rank_type":15,"tips_rule":"活动期间，根据冒险家<color=#3dbf5f>神界冒险中探索度</color>排名，探索度越高，排名越高","jump":15,"ico":15,"tips_str":"1、根据冒险家神界冒险中探索度排名，探索度越高，排名越高\n2、若探索度相同的情况下，先达到该探索度的玩家排名较高\n3、通过挂机或者快速作战可以获取冒险情报来进行冒险","evt_type":"evt_god_world","extend":[]}],
"4":[{"id":4,"name":"星命之耀","rank_type":19,"tips_rule":"活动期间，根据冒险家<color=#3dbf5f>星命总战力</color>排名，战力越高，排名越高","jump":19,"ico":13,"tips_str":"1、根据冒险家星命总战力排名，星命总战力越高，排名越高\n2、若星命总战力相同的情况下，先到达该战力的冒险家排名较高\n3、通过提升命格品质，升级星命来提升星命战力","evt_type":"evt_xingming","extend":[]}],
"3":[{"id":3,"name":"最强英雄","rank_type":14,"tips_rule":"活动期间，根据冒险家<color=#3dbf5f>最高战力英雄</color>排名，战力越高，排名越高","jump":14,"ico":14,"tips_str":"1、根据冒险家最高战力英雄排名，英雄战力越高，排名越高\n2、若战力相同的情况下，先到达该战力的英雄排名较高\n3、通过升级突破提升英雄等级、提升装备品质和装备精炼等能够提升英雄战力","evt_type":"evt_partner","extend":[]}],
"2":[{"id":2,"name":"圣器比拼","rank_type":27,"tips_rule":"活动期间，根据冒险家<color=#3dbf5f>圣器战力</color>进行排名，战力越高，排名越高","jump":27,"ico":32,"tips_str":"1、根据冒险家圣器战力进行排名，圣器战力越高，排名越高\n2、若圣器战力相同的情况下，先达到该战力的玩家排名较高\n3、通过圣器副本和推图可提高圣器战力","evt_type":"evt_shengqi","extend":[]}],
"1":[{"id":1,"name":"剧情推图","rank_type":9,"tips_rule":"活动期间，根据冒险家<color=#3dbf5f>剧情副本</color>通关进度进行排名，通关数量越多，排名越高","jump":9,"ico":9,"tips_str":"1、根据冒险家剧情副本通关进度进行排名，通关数量越多，排名越高\n2、若通关进度相同的情况下，先达到关卡的玩家排名较高\n3、快速提升队伍战力，可以通关更多关卡","evt_type":"evt_dun_chapter","extend":[]}]
},
"data_rank_quest_length" : 12,
"data_rank_quest" : {"1":[{"id":1001,"desc":"通关第30关","rewards":[[10008,2],[10102,30],[2,20000]],"effect_list":[],"target_desc":"达成:%s/1"},{"id":1002,"desc":"通关第60关","rewards":[[10008,4],[10102,60],[2,40000]],"effect_list":[],"target_desc":"达成:%s/1"}],
"2":[{"id":2001,"desc":"消耗30圣器精华","rewards":[[72001,5],[11,100],[2,20000]],"effect_list":[],"target_desc":"达成:%s/30"},{"id":2002,"desc":"消耗60圣器精华","rewards":[[72001,10],[11,200],[2,40000]],"effect_list":[],"target_desc":"达成:%s/60"}],
"3":[{"id":3001,"desc":"1个英雄+4","rewards":[[11,500],[10102,30],[2,20000]],"effect_list":[],"target_desc":"达成:%s/1个"},{"id":3002,"desc":"5个英雄+4","rewards":[[11,1000],[10102,60],[2,40000]],"effect_list":[],"target_desc":"达成:%s/5个"}],
"4":[{"id":4001,"desc":"星命达到5级","rewards":[[10102,250],[10301,100],[2,20000]],"effect_list":[],"target_desc":"达成:%s/1"},{"id":4002,"desc":"星命达到10级","rewards":[[10102,500],[10301,200],[2,40000]],"effect_list":[],"target_desc":"达成:%s/1"}],
"5":[{"id":5001,"desc":"探索10个格子","rewards":[[7,300],[10102,30],[1,4000]],"effect_list":[],"target_desc":"达成:%s/10个"},{"id":5002,"desc":"探索20个格子","rewards":[[7,600],[10102,60],[1,8000]],"effect_list":[],"target_desc":"达成:%s/20个"}],
"6":[{"id":6001,"desc":"宝石总等级达到30","rewards":[[70003,10],[10102,30],[1,4000]],"effect_list":[],"target_desc":"达成:%s/30"},{"id":6002,"desc":"宝石总等级达到40","rewards":[[70003,15],[10102,60],[1,8000]],"effect_list":[],"target_desc":"达成:%s/40"}],
"7":[{"id":7001,"desc":"消费100蓝钻","rewards":[[7,300],[10102,30],[1,4000]],"effect_list":[],"target_desc":"达成:%s/100"},{"id":7002,"desc":"消费300蓝钻","rewards":[[7,600],[10102,60],[1,8000]],"effect_list":[],"target_desc":"达成:%s/300"}],
"15":[{"id":8001,"desc":"总战力20W","rewards":[[11,500],[10102,30],[2,20000]],"effect_list":[],"target_desc":"达成:%s/1"},{"id":8002,"desc":"总战力25W","rewards":[[11,1000],[10102,60],[2,40000]],"effect_list":[],"target_desc":"达成:%s/1"}],
"16":[{"id":9001,"desc":"竞技挑战10次","rewards":[[8,100],[10102,30],[2,20000]],"effect_list":[],"target_desc":"达成:%s/10次"},{"id":9002,"desc":"竞技挑战15次","rewards":[[8,200],[10102,60],[2,40000]],"effect_list":[],"target_desc":"达成:%s/15次"}],
"17":[{"id":10001,"desc":"星命塔15层","rewards":[[10102,100],[10301,100],[2,20000]],"effect_list":[],"target_desc":"达成:%s/15层"},{"id":10002,"desc":"星命塔20层","rewards":[[10102,200],[10301,200],[2,40000]],"effect_list":[],"target_desc":"达成:%s/20层"}],
"18":[{"id":11001,"desc":"寻宝5次","rewards":[[7,300],[10102,30],[1,4000]],"effect_list":[],"target_desc":"达成:%s/5次"},{"id":11002,"desc":"寻宝10次","rewards":[[7,600],[10102,60],[1,8000]],"effect_list":[],"target_desc":"达成:%s/10次"}],
"19":[{"id":12001,"desc":"无尽试炼通过55关","rewards":[[11,500],[10102,30],[2,20000]],"effect_list":[],"target_desc":"达成:%s/1"},{"id":12002,"desc":"无尽试炼通过65关","rewards":[[11,1000],[10102,60],[2,40000]],"effect_list":[],"target_desc":"达成:%s/1"}]
},
"data_rank_quest_id_length" : 24,
"data_rank_quest_id" : {
	"1001":{"id":1001,"desc":"通关第30关","progress":[{"cli_label":"evt_dungeon_pass","target":10300,"target_val":1,"param":["chapter"]}],"rewards":[[10008,2],[10102,30],[2,20000]],"effect_list":[],"target_desc":"达成:%s/1"},
	"1002":{"id":1002,"desc":"通关第60关","progress":[{"cli_label":"evt_dungeon_pass","target":20180,"target_val":1,"param":["chapter"]}],"rewards":[[10008,4],[10102,60],[2,40000]],"effect_list":[],"target_desc":"达成:%s/1"},
	"2001":{"id":2001,"desc":"消耗30圣器精华","progress":[{"cli_label":"evt_loss_hallows_essence","target":0,"target_val":30,"param":[]}],"rewards":[[72001,5],[11,100],[2,20000]],"effect_list":[],"target_desc":"达成:%s/30"},
	"2002":{"id":2002,"desc":"消耗60圣器精华","progress":[{"cli_label":"evt_loss_hallows_essence","target":0,"target_val":60,"param":[]}],"rewards":[[72001,10],[11,200],[2,40000]],"effect_list":[],"target_desc":"达成:%s/60"},
	"3001":{"id":3001,"desc":"1个英雄+4","progress":[{"cli_label":"evt_partner","target":0,"target_val":1,"param":[["break_lev",4]]}],"rewards":[[11,500],[10102,30],[2,20000]],"effect_list":[],"target_desc":"达成:%s/1个"},
	"3002":{"id":3002,"desc":"5个英雄+4","progress":[{"cli_label":"evt_partner","target":0,"target_val":5,"param":[["break_lev",4]]}],"rewards":[[11,1000],[10102,60],[2,40000]],"effect_list":[],"target_desc":"达成:%s/5个"},
	"4001":{"id":4001,"desc":"星命达到5级","progress":[{"cli_label":"evt_star_natal_level_up","target":0,"target_val":1,"param":[["lev",5]]}],"rewards":[[10102,250],[10301,100],[2,20000]],"effect_list":[],"target_desc":"达成:%s/1"},
	"4002":{"id":4002,"desc":"星命达到10级","progress":[{"cli_label":"evt_star_natal_level_up","target":0,"target_val":1,"param":[["lev",10]]}],"rewards":[[10102,500],[10301,200],[2,40000]],"effect_list":[],"target_desc":"达成:%s/1"},
	"5001":{"id":5001,"desc":"探索10个格子","progress":[{"cli_label":"evt_adventure_explore","target":0,"target_val":10,"param":[]}],"rewards":[[7,300],[10102,30],[1,4000]],"effect_list":[],"target_desc":"达成:%s/10个"},
	"5002":{"id":5002,"desc":"探索20个格子","progress":[{"cli_label":"evt_adventure_explore","target":0,"target_val":20,"param":[]}],"rewards":[[7,600],[10102,60],[1,8000]],"effect_list":[],"target_desc":"达成:%s/20个"},
	"6001":{"id":6001,"desc":"宝石总等级达到30","progress":[{"cli_label":"evt_stone_all_lv","target":0,"target_val":30,"param":[]}],"rewards":[[70003,10],[10102,30],[1,4000]],"effect_list":[],"target_desc":"达成:%s/30"},
	"6002":{"id":6002,"desc":"宝石总等级达到40","progress":[{"cli_label":"evt_stone_all_lv","target":0,"target_val":40,"param":[]}],"rewards":[[70003,15],[10102,60],[1,8000]],"effect_list":[],"target_desc":"达成:%s/40"},
	"7001":{"id":7001,"desc":"消费100蓝钻","progress":[{"cli_label":"evt_loss_gold","target":0,"target_val":100,"param":[]}],"rewards":[[7,300],[10102,30],[1,4000]],"effect_list":[],"target_desc":"达成:%s/100"},
	"7002":{"id":7002,"desc":"消费300蓝钻","progress":[{"cli_label":"evt_loss_gold","target":0,"target_val":300,"param":[]}],"rewards":[[7,600],[10102,60],[1,8000]],"effect_list":[],"target_desc":"达成:%s/300"},
	"8001":{"id":8001,"desc":"总战力20W","progress":[{"cli_label":"evt_power","target":200000,"target_val":1,"param":["no_show"]}],"rewards":[[11,500],[10102,30],[2,20000]],"effect_list":[],"target_desc":"达成:%s/1"},
	"8002":{"id":8002,"desc":"总战力25W","progress":[{"cli_label":"evt_power","target":250000,"target_val":1,"param":["no_show"]}],"rewards":[[11,1000],[10102,60],[2,40000]],"effect_list":[],"target_desc":"达成:%s/1"},
	"9001":{"id":9001,"desc":"竞技挑战10次","progress":[{"cli_label":"evt_arena_fight","target":0,"target_val":10,"param":[]}],"rewards":[[8,100],[10102,30],[2,20000]],"effect_list":[],"target_desc":"达成:%s/10次"},
	"9002":{"id":9002,"desc":"竞技挑战15次","progress":[{"cli_label":"evt_arena_fight","target":0,"target_val":15,"param":[]}],"rewards":[[8,200],[10102,60],[2,40000]],"effect_list":[],"target_desc":"达成:%s/15次"},
	"10001":{"id":10001,"desc":"星命塔15层","progress":[{"cli_label":"evt_star_tower_floor_pass","target":0,"target_val":15,"param":[]}],"rewards":[[10102,100],[10301,100],[2,20000]],"effect_list":[],"target_desc":"达成:%s/15层"},
	"10002":{"id":10002,"desc":"星命塔20层","progress":[{"cli_label":"evt_star_tower_floor_pass","target":0,"target_val":20,"param":[]}],"rewards":[[10102,200],[10301,200],[2,40000]],"effect_list":[],"target_desc":"达成:%s/20层"},
	"11001":{"id":11001,"desc":"寻宝5次","progress":[{"cli_label":"evt_dial","target":0,"target_val":5,"param":[]}],"rewards":[[7,300],[10102,30],[1,4000]],"effect_list":[],"target_desc":"达成:%s/5次"},
	"11002":{"id":11002,"desc":"寻宝10次","progress":[{"cli_label":"evt_dial","target":0,"target_val":10,"param":[]}],"rewards":[[7,600],[10102,60],[1,8000]],"effect_list":[],"target_desc":"达成:%s/10次"},
	"12001":{"id":12001,"desc":"无尽试炼通过55关","progress":[{"cli_label":"evt_endless_pass","target":55,"target_val":1,"param":[]}],"rewards":[[11,500],[10102,30],[2,20000]],"effect_list":[],"target_desc":"达成:%s/1"},
	"12002":{"id":12002,"desc":"无尽试炼通过65关","progress":[{"cli_label":"evt_endless_pass","target":65,"target_val":1,"param":[]}],"rewards":[[11,1000],[10102,60],[2,40000]],"effect_list":[],"target_desc":"达成:%s/1"}
}
}