{"data_get_length" : 66,
"data_get" : {
	"10010":{"bid":10010,"name":"开场对话","is_skip":0,"is_switch":0,"act":[["unit_dialog",0,5,1,235,1,"小助手","传说中能集齐神器的<color=#d95014>勇者</color>，你终于来了！先告诉我你的名字吧~","d_1001"]],"desc":""},
	"10011":{"bid":10011,"name":"月骑召唤引导","is_skip":0,"is_switch":0,"act":[["play_guide",10010]],"desc":""},
	"10012":{"bid":10012,"name":"推图第一关对话","is_skip":0,"is_switch":0,"act":[["unit_dialog",0,5,1,235,1,"小助手","现在就先来试试你的实力如何吧！"]],"desc":""},
	"10030":{"bid":10030,"name":"推图第一关引导","is_skip":0,"is_switch":0,"act":[["play_guide",10030]],"desc":""},
	"10040":{"bid":10040,"name":"高级召唤对话","is_skip":0,"is_switch":0,"act":[["unit_dialog",0,5,1,235,1,"小助手","不愧是传说中的勇者！但是以后还有更多的艰难险阻，跟随神器的指引去寻找新的伙伴吧！"]],"desc":""},
	"10041":{"bid":10041,"name":"高级召唤引导","is_skip":0,"is_switch":0,"act":[["play_guide",10040]],"desc":""},
	"10050":{"bid":10050,"name":"碎片合成对话","is_skip":0,"is_switch":0,"act":[["unit_dialog",0,5,1,235,1,"小助手","刚才的战斗中获得了英雄碎片，现在可以合成英雄啦~","d_1007"]],"desc":""},
	"10051":{"bid":10051,"name":"碎片合成引导","is_skip":0,"is_switch":0,"act":[["play_guide",10050]],"desc":""},
	"10060":{"bid":10060,"name":"英雄升级对话","is_skip":0,"is_switch":0,"act":[["unit_dialog",0,5,1,235,1,"小助手","英雄经验可以大幅提升英雄的战斗能力！","d_1009"]],"desc":""},
	"10061":{"bid":10061,"name":"英雄升级引导","is_skip":0,"is_switch":0,"act":[["play_guide",10060]],"desc":""},
	"10071":{"bid":10071,"name":"装备穿戴引导","is_skip":0,"is_switch":0,"act":[["play_guide",10070]],"desc":""},
	"10080":{"bid":10080,"name":"推图第二关对话","is_skip":0,"is_switch":0,"act":[["unit_dialog",0,5,1,235,1,"小助手","实力大增，让我们继续前进吧！"]],"desc":""},
	"10081":{"bid":10081,"name":"推图第二关引导","is_skip":0,"is_switch":0,"act":[["play_guide",10080]],"desc":""},
	"10090":{"bid":10090,"name":"召唤券购买对话","is_skip":0,"is_switch":0,"act":[["unit_dialog",0,5,1,235,1,"小助手","主城的精灵商店中经常会有打折的物品出售！"],["unit_dialog",0,5,1,235,1,"小助手","一起去看看吧~"]],"desc":""},
	"10091":{"bid":10091,"name":"召唤券购买引导","is_skip":0,"is_switch":0,"act":[["play_guide",10090]],"desc":""},
	"10100":{"bid":10100,"name":"第二次召唤对话","is_skip":0,"is_switch":0,"act":[["unit_dialog",0,5,1,235,1,"小助手","这次我们可以使用高级召唤，每天都有一次免费召唤机会噢！","d_1018"]],"desc":""},
	"10101":{"bid":10101,"name":"第二次召唤引导","is_skip":0,"is_switch":0,"act":[["play_guide",10100]],"desc":""},
	"10120":{"bid":10120,"name":"快速作战对话","is_skip":0,"is_switch":0,"act":[["unit_dialog",0,5,1,235,1,"小助手","觉得升级速度太慢？每天都有一次免费的快速作战！"]],"desc":""},
	"10121":{"bid":10121,"name":"快速作战引导","is_skip":0,"is_switch":0,"act":[["play_guide",10120]],"desc":""},
	"10130":{"bid":10130,"name":"推图第三关对话","is_skip":0,"is_switch":0,"act":[["unit_dialog",0,5,1,235,1,"小助手","准备好就一起继续前进吧！","d_1014"]],"desc":""},
	"10131":{"bid":10131,"name":"推图第三关引导","is_skip":0,"is_switch":0,"act":[["play_guide",10130]],"desc":""},
	"10140":{"bid":10140,"name":"神器任务对话","is_skip":0,"is_switch":0,"act":[["unit_dialog",0,5,1,235,1,"小助手","神器开启了！但是，解锁神器需要先达成目标，一起去看看吧~"]],"desc":""},
	"10141":{"bid":10141,"name":"神器界面引导","is_skip":0,"is_switch":0,"act":[["play_guide",10140]],"desc":""},
	"10142":{"bid":10142,"name":"神器任务引导","is_skip":0,"is_switch":0,"act":[["play_guide",10141]],"desc":""},
	"10151":{"bid":10151,"name":"任务奖励引导","is_skip":0,"is_switch":0,"act":[["play_guide",10150]],"desc":""},
	"10152":{"bid":10152,"name":"任务跳转引导（5级以下）","is_skip":0,"is_switch":0,"act":[["play_guide",10151]],"desc":""},
	"10153":{"bid":10153,"name":"任务跳转引导（5级以上）","is_skip":0,"is_switch":0,"act":[["play_guide",10152]],"desc":""},
	"10159":{"bid":10159,"name":"推图第四关对话","is_skip":0,"is_switch":0,"act":[["unit_dialog",0,5,1,235,1,"小助手","战斗的磨练会使你变得更加强大！"]],"desc":""},
	"10160":{"bid":10160,"name":"推图第四关引导","is_skip":0,"is_switch":0,"act":[["play_guide",10160]],"desc":""},
	"10161":{"bid":10161,"name":"推图第四关引导（5级以上）","is_skip":0,"is_switch":0,"act":[["play_guide",10161]],"desc":""},
	"10165":{"bid":10165,"name":"领取挂机收益对话","is_skip":0,"is_switch":0,"act":[["unit_dialog",0,5,1,235,1,"小助手","每隔一段时间就会积累一定的挂机收益，记得及时领取哟~","d_1013"]],"desc":""},
	"10166":{"bid":10166,"name":"领取挂机收益引导","is_skip":0,"is_switch":0,"act":[["play_guide",10165]],"desc":""},
	"10170":{"bid":10170,"name":"推图第五关对话","is_skip":0,"is_switch":0,"act":[["unit_dialog",0,5,1,235,1,"小助手","趁胜追击，事半功倍！"]],"desc":""},
	"10171":{"bid":10171,"name":"推图第五关引导","is_skip":0,"is_switch":0,"act":[["play_guide",10170]],"desc":""},
	"10172":{"bid":10172,"name":"变强升级对话","is_skip":0,"is_switch":0,"act":[["unit_dialog",0,5,1,235,1,"小助手","如果对英雄还不熟悉的话，可以通过英雄变强去了解噢~"]],"desc":""},
	"10173":{"bid":10173,"name":"变强升级引导","is_skip":0,"is_switch":0,"act":[["play_guide",10172]],"desc":""},
	"10174":{"bid":10174,"name":"变强升级提示","is_skip":0,"is_switch":0,"act":[["unit_dialog",0,5,1,235,1,"小助手","升级和进阶是提升英雄最快的途径，长按<color=#d95014>升级按钮</color>还可以进行连续升级哦~"]],"desc":""},
	"10175":{"bid":10175,"name":"七天登录奖励对话","is_skip":0,"is_switch":0,"act":[["unit_dialog",0,5,1,235,1,"小助手","本小助手给你准备了冒险大礼包哟~每天登录即可领取！"]],"desc":""},
	"10176":{"bid":10176,"name":"七天登录奖励引导","is_skip":0,"is_switch":0,"act":[["play_guide",10175]],"desc":""},
	"10177":{"bid":10177,"name":"每日签到对话","is_skip":0,"is_switch":0,"act":[["unit_dialog",0,5,1,235,1,"小助手","每日签到轻轻一点也可以领取到丰厚奖励，千万不要错过啦！"]],"desc":""},
	"10178":{"bid":10178,"name":"每日签到引导","is_skip":0,"is_switch":0,"act":[["play_guide",10177]],"desc":""},
	"10179":{"bid":10179,"name":"推图第六关引导","is_skip":0,"is_switch":0,"act":[["play_guide",10179]],"desc":""},
	"10180":{"bid":10180,"name":"竞技场对话","is_skip":0,"is_switch":0,"act":[["unit_dialog",0,5,1,235,1,"小助手","竞技场的荣耀之门已经开启！每次战斗均可获得相应奖励噢~"]],"desc":""},
	"10181":{"bid":10181,"name":"竞技场引导","is_skip":0,"is_switch":0,"act":[["play_guide",10180]],"desc":""},
	"10182":{"bid":10182,"name":"探宝对话","is_skip":0,"is_switch":0,"act":[["unit_dialog",0,5,1,235,1,"小助手","探宝开启，刚才获得的探宝券可以派上用场了！"]],"desc":""},
	"10183":{"bid":10183,"name":"探宝引导","is_skip":0,"is_switch":0,"act":[["play_guide",10182]],"desc":""},
	"10194":{"bid":10194,"name":"新版2四倍首充对话","is_skip":0,"is_switch":0,"act":[["unit_dialog",0,5,1,235,1,"小助手","首次充值可选择任意一档获得4倍钻石，同还可以和五星暴力法师雅典娜并肩作战，领取强力橙装！"],["unit_dialog",0,5,1,235,1,"小助手","获得五星英雄之后，也别忘了接下来两天前往领取装备噢~"]],"desc":""},
	"10195":{"bid":10195,"name":"新版2四倍首充引导","is_skip":0,"is_switch":0,"act":[["play_guide",10194]],"desc":""},
	"10192":{"bid":10192,"name":"新版首充对话","is_skip":0,"is_switch":0,"act":[["unit_dialog",0,5,1,235,1,"小助手","满足首次充值的条件后，即可选择一位强力五星英雄与你并肩作战，并领取强力橙装！"],["unit_dialog",0,5,1,235,1,"小助手","获得五星英雄之后，也别忘了接下来两天前往领取装备噢~"]],"desc":""},
	"10193":{"bid":10193,"name":"新版首充引导","is_skip":0,"is_switch":0,"act":[["play_guide",10192]],"desc":""},
	"10187":{"bid":10187,"name":"旧版首充对话","is_skip":0,"is_switch":0,"act":[["unit_dialog",0,5,1,235,1,"小助手","满足首次充值的条件后，即可与强力五星英雄雅典娜并肩作战，并领取强力橙装！"],["unit_dialog",0,5,1,235,1,"小助手","获得雅典娜之后，也别忘了接下来两天前往领取装备噢~"]],"desc":""},
	"10188":{"bid":10188,"name":"旧版首充引导","is_skip":0,"is_switch":0,"act":[["play_guide",10187]],"desc":""},
	"10185":{"bid":10185,"name":"远航对话","is_skip":0,"is_switch":0,"act":[["unit_dialog",0,5,1,235,1,"小助手","远航开启，派遣英雄接取任务，等待一段时间即可领取丰厚奖励噢！"]],"desc":""},
	"10186":{"bid":10186,"name":"远航引导","is_skip":0,"is_switch":0,"act":[["play_guide",10185]],"desc":""},
	"10190":{"bid":10190,"name":"金币副本对话","is_skip":0,"is_switch":0,"act":[["unit_dialog",0,5,1,235,1,"小助手","日常副本开启了，赶紧去看看！"]],"desc":""},
	"10191":{"bid":10191,"name":"金币副本引导","is_skip":0,"is_switch":0,"act":[["play_guide",10190]],"desc":""},
	"10200":{"bid":10200,"name":"试练塔对话","is_skip":0,"is_switch":0,"act":[["unit_dialog",0,5,1,235,1,"小助手","英雄进阶可以解锁技能、提高属性成长，是提升的重要方式之一！"],["unit_dialog",0,5,1,235,1,"小助手","而试炼塔则是神秘的进阶最重要的获取途径！"]],"desc":""},
	"10201":{"bid":10201,"name":"试练塔引导","is_skip":0,"is_switch":0,"act":[["play_guide",10200]],"desc":""},
	"10210":{"bid":10210,"name":"公会对话","is_skip":0,"is_switch":0,"act":[["unit_dialog",0,5,1,235,1,"小助手","是时候加入<color=#d95014>公会</color>了！在这里可以和其他人打Boss，抢红包~"],["unit_dialog",0,5,1,235,1,"小助手","同时<color=#d95014>公会技能</color>能够大幅度提升英雄的属性！"]],"desc":""},
	"10211":{"bid":10211,"name":"公会引导","is_skip":0,"is_switch":0,"act":[["play_guide",10210]],"desc":""},
	"10212":{"bid":10212,"name":"加入公会对话","is_skip":0,"is_switch":0,"act":[["unit_dialog",0,5,1,235,1,"小助手","千万别忘了加入<color=#d95014>公会</color>哦~"]],"desc":""},
	"10220":{"bid":10220,"name":"先知圣殿对话","is_skip":0,"is_switch":0,"act":[["unit_dialog",0,5,1,235,1,"小助手","冒险大陆上的先知圣殿，是比召唤更为强大的神秘存在。"],["unit_dialog",0,5,1,235,1,"小助手","在这里可以指定召唤出各系的四星、五星英雄。"]],"desc":""},
	"10221":{"bid":10221,"name":"先知圣殿引导","is_skip":0,"is_switch":0,"act":[["play_guide",10220]],"desc":""},
	"10222":{"bid":10222,"name":"圣殿道具对话","is_skip":0,"is_switch":0,"act":[["unit_dialog",0,5,1,235,1,"小助手","选择相应系别的卡牌即可召唤，当然啦，开启先知召唤所需的先知水晶也更为珍贵！"],["unit_dialog",0,5,1,235,1,"小助手","竞技场宝箱等可以获得先知水晶，可别忘了及时召唤噢~"]],"desc":""},
	"10250":{"bid":10250,"name":"神器穿戴对话","is_skip":0,"is_switch":0,"act":[["unit_dialog",0,5,1,235,1,"小助手","神器激活后就可以携带进入战斗啦！"]],"desc":""},
	"10251":{"bid":10251,"name":"神器穿戴引导","is_skip":0,"is_switch":0,"act":[["play_guide",10250]],"desc":""}
},
"data_guide_length" : 35,
"data_guide" : {
	"10010":{"id":10010,"skip":1,"desc":"召唤英雄引导","over_step":5,"special_step":[],"act":[["conditonstatus","checkmainui",0.10,[[["name",0.30,"mainui_tab_1",0,0,0,0,1,0,0,"现在先回到主城~",-20,0,0,100],["checkstatus","centercity",5,0.30],["name",0.30,"guidesign_build_5",1,0,0,0,1,0,0,"点击【召唤】开启神秘的招募仪式~",-210,0,1,100,"d_1002"],["summon",0.30],["name",3,"guildsign_summon_1_1",0,1,0,0,1,0,0,"",0,0,0,0],["summonresult",0.30],["name",0.30,"guildsign_summon_comfirm_btn",0,0,1,0,1,0,0,"",0,0,0,0,"d_1003"]],[["emptystep"],["checkstatus","centercity",5,0.30],["name",0.30,"guidesign_build_5",1,0,0,0,1,0,0,"点击【召唤】开启神秘的招募仪式~",-210,0,1,100,"d_1002"],["summon",0.30],["name",3,"guildsign_summon_1_1",0,1,0,0,1,0,0,"",0,0,0,0],["summonresult",0.30],["name",0.30,"guildsign_summon_comfirm_btn",0,0,1,0,1,0,0,"",0,0,0,0,"d_1003"]]]]],"is_close":0},
	"10030":{"id":10030,"skip":1,"desc":"推图第一关引导","over_step":0,"special_step":[],"act":[["conditonstatus","battlesceneview",0.10,[[["emptystep"],["emptystep"],["battletopscene",0.10],["name",0.10,"guildsign_battle_boss_btn",0,0,0,0,1,0,0,"",0,0,0,0,"d_1010"]],[["mainui",0.10],["name",0.10,"mainui_tab_4",0,0,0,0,1,0,0,"",0,0,0,0],["battletopscene",0.10],["name",0.30,"guildsign_battle_boss_btn",0,0,0,0,1,0,0,"",0,0,0,0,"d_1010"]]]]],"is_close":0},
	"10040":{"id":10040,"skip":1,"desc":"高级召唤引导","over_step":5,"special_step":[],"act":[["conditonstatus","checkmainui",0.10,[[["name",0.30,"mainui_tab_1",0,0,0,0,1,0,0,"现在先回到主城~",-20,0,0,100],["checkstatus","centercity",5,0.30],["name",0.30,"guidesign_build_5",1,0,0,0,1,0,0,"点击【召唤】开启神秘的招募仪式~",-210,0,1,100],["summon",0.30],["name",3,"guildsign_summon_3_1",0,1,0,0,1,0,0,"进行高级召唤",0,0,0,100],["summonshow",0.30],["name",0.30,"confirm_btn",0,0,0,0,1,0,0,"",0,0,0,0],["summonresult",0.30],["name",0.30,"guildsign_summon_comfirm_btn",0,0,1,0,1,0,0,"",0,0,0,0]],[["emptystep"],["checkstatus","centercity",5,0.30],["name",0.30,"guidesign_build_5",1,0,0,0,1,0,0,"点击【召唤】开启神秘的招募仪式~",-210,0,1,100],["summon",0.30],["name",3,"guildsign_summon_3_1",0,1,0,0,1,0,0,"进行高级召唤",0,0,0,100],["summonshow",0.30],["name",0.30,"confirm_btn",0,0,0,0,1,0,0,"",0,0,0,0],["summonresult",0.30],["name",0.30,"guildsign_summon_comfirm_btn",0,0,1,0,1,0,0,"",0,0,0,0]]]]],"is_close":0},
	"10050":{"id":10050,"skip":1,"desc":"英雄合成引导","over_step":7,"special_step":[],"act":[["mainui",0.10],["name",0.10,"mainui_tab_3",0,0,0,0,1,0,0,"",0,0,0,0],["backpack",0.20],["name",0.10,"tab_btn_3",0,0,0,0,1,0,0,"打开【碎片背包】",0,0,0,100],["name",0.30,"item_24802",0,0,0,0,1,0,0,"",-70,0,1,100],["comptipsview",0.20],["name",0.30,"com_btn",0,0,0,0,1,0,0,"",0,0,0,0],["getitemview",0.20],["name",0.30,"confirm_btn",0,0,0,0,1,0,0,"",0,0,0,0,"d_1008"]],"is_close":0},
	"10060":{"id":10060,"skip":1,"desc":"英雄升级引导","over_step":0,"special_step":[],"act":[["conditonstatus","partner",0.10,[[["emptystep"],["emptystep"],["emptystep"],["name",0.10,"hero_10404",1,0,0,0,1,0,0,"",0,0,0,0],["partnereinfoview",0.30],["name",0.30,"level_up_btn",0,1,0,0,1,0,0,"",0,0,0,0]],[["mainui",0.10],["name",0.10,"mainui_tab_2",0,0,0,0,1,0,0,"",0,0,0,0],["partner",0.30],["name",0.10,"hero_10404",1,0,0,0,1,0,0,"",0,0,0,0],["partnereinfoview",0.30],["name",0.30,"level_up_btn",0,1,0,0,1,0,0,"",0,0,0,0]]]]],"is_close":0},
	"10070":{"id":10070,"skip":1,"desc":"装备穿戴引导","over_step":0,"special_step":[],"act":[["conditonstatus","partnereinfoview",0.10,[[["emptystep"],["emptystep"],["emptystep"],["emptystep"],["emptystep"],["name",0.30,"key_up_btn",0,0,0,0,1,0,0,"",0,0,0,0,"d_1011"]],[["mainui",0.10],["name",0.10,"mainui_tab_2",0,0,0,0,1,0,0,"",0,0,0,0],["partner",0.30],["name",0.10,"hero_10404",1,0,0,0,1,0,0,"",0,0,0,0],["partnereinfoview",0.30],["name",0.30,"key_up_btn",0,0,0,0,1,0,0,"",0,0,0,0,"d_1011"]]]]],"is_close":0},
	"10080":{"id":10080,"skip":1,"desc":"推图第二关引导","over_step":0,"special_step":[],"act":[["conditonstatus","battlesceneview",0.10,[[["emptystep"],["emptystep"],["battletopscene",0.10],["name",0.10,"guildsign_battle_boss_btn",0,0,0,0,1,0,0,"",0,0,0,0,"d_1010"]],[["mainui",0.10],["name",0.10,"mainui_tab_4",0,0,0,0,1,0,0,"",0,0,0,0],["battletopscene",0.10],["name",0.30,"guildsign_battle_boss_btn",0,0,0,0,1,0,0,"",0,0,0,0,"d_1010"]]]]],"is_close":0},
	"10090":{"id":10090,"skip":1,"desc":"召唤券购买引导","over_step":0,"special_step":[],"act":[["conditonstatus","checkmainui",0.10,[[["name",0.30,"mainui_tab_1",0,0,0,0,1,0,0,"回到主城~",-20,0,0,100],["checkstatus","centercity",10,0.30],["name",0.30,"guidesign_build_10",1,0,0,0,1,0,0,"",-210,0,1,100],["varietystoreview",0.30],["name",0.30,"buy_btn_4",0,1,0,0,1,0,-80,"发现超低价格的召唤券",0,-160,0,100]],[["emptystep"],["checkstatus","centercity",10,0.30],["name",0.30,"guidesign_build_10",1,0,0,0,1,0,0,"",-210,0,1,100],["varietystoreview",0.30],["name",0.30,"buy_btn_4",0,1,0,0,1,0,-80,"发现超低价格的召唤券",0,-160,0,100]]]]],"is_close":0},
	"10100":{"id":10100,"skip":1,"desc":"第二次召唤引导","over_step":5,"special_step":[],"act":[["conditonstatus","checkmainui",0.10,[[["name",0.30,"mainui_tab_1",0,0,0,0,1,0,0,"现在先回到主城~",-20,0,0,100],["checkstatus","centercity",5,0.30],["name",0.30,"guidesign_build_5",1,0,0,0,1,0,0,"",-210,0,1,100],["summon",0.30],["name",3,"guildsign_summon_3_1",0,1,0,0,1,0,0,"进行高级召唤",0,0,0,100],["summonshow",0.30],["name",0.30,"confirm_btn",0,0,0,0,1,0,0,"",0,0,0,0],["summonresult",0.30],["name",0.30,"guildsign_summon_comfirm_btn",0,0,1,0,1,0,0,"",0,0,0,0]],[["emptystep"],["checkstatus","centercity",5,0.30],["name",0.30,"guidesign_build_5",1,0,0,0,1,0,0,"",-210,0,1,100],["summon",0.30],["name",3,"guildsign_summon_3_1",0,1,0,0,1,0,0,"进行高级召唤",0,0,0,100],["summonshow",0.30],["name",0.30,"confirm_btn",0,0,0,0,1,0,0,"",0,0,0,0],["summonresult",0.30],["name",0.30,"guildsign_summon_comfirm_btn",0,0,1,0,1,0,0,"",0,0,0,0]]]]],"is_close":0},
	"10120":{"id":10120,"skip":1,"desc":"快速作战引导","over_step":6,"special_step":[],"act":[["conditonstatus","battlesceneview",0.10,[[["emptystep"],["emptystep"],["battletopscene",0.20],["name",0.30,"guidesign_battle_quick_btn",0,0,0,0,1,0,0,"点击【快速作战】获得大量经验装备",0,0,0,100],["battlequickview",0.60],["name",0.10,"guidesign_quick_btn",0,0,0,0,1,0,0,"",0,0,0,0,"d_1023"],["battletophookrewards",0.30],["name",0.30,"guidesign_rewards_quick_btn",0,0,0,0,1,0,0,"",0,0,0,0],["battlequickview",0.10],["name",0.10,"close_btn",0,0,0,0,1,0,0,"",0,0,0,0]],[["mainui",0.10],["name",0.10,"mainui_tab_4",0,0,0,0,1,0,0,"",0,0,0,0],["battletopscene",0.20],["name",0.30,"guidesign_battle_quick_btn",0,0,0,0,1,0,0,"点击【快速作战】获得大量经验装备",0,0,0,100],["battlequickview",0.60],["name",0.10,"guidesign_quick_btn",0,0,0,0,1,0,0,"",0,0,0,0,"d_1023"],["battletophookrewards",0.30],["name",0.30,"guidesign_rewards_quick_btn",0,0,0,0,1,0,0,"",0,0,0,0],["battlequickview",0.10],["name",0.10,"close_btn",0,0,0,0,1,0,0,"",0,0,0,0]]]]],"is_close":0},
	"10130":{"id":10130,"skip":1,"desc":"推图第三关引导","over_step":0,"special_step":[],"act":[["conditonstatus","battlesceneview",0.10,[[["emptystep"],["emptystep"],["battletopscene",0.10],["name",0.10,"guildsign_battle_boss_btn",0,0,0,0,1,0,0,"",0,0,0,0]],[["mainui",0.10],["name",0.10,"mainui_tab_4",0,0,0,0,1,0,0,"",0,0,0,0],["battletopscene",0.10],["name",0.30,"guildsign_battle_boss_btn",0,0,0,0,1,0,0,"",0,0,0,0]]]]],"is_close":0},
	"10140":{"id":10140,"skip":1,"desc":"神器界面引导","over_step":0,"special_step":[],"act":[["conditonstatus","battlesceneview",0.10,[[["emptystep"],["emptystep"],["battletopscene",0.20],["name",0.30,"hallows_stage",0,0,0,0,1,0,0,"",0,0,1,100]],[["mainui",0.10],["name",0.10,"mainui_tab_4",0,0,0,0,1,0,0,"",0,0,0,0],["battletopscene",0.20],["name",0.30,"hallows_stage",0,0,0,0,1,0,0,"",0,0,1,100]]]]],"is_close":0},
	"10141":{"id":10141,"skip":1,"desc":"神器任务引导","over_step":0,"special_step":[],"act":[["conditonstatus","hallowspreview",0.10,[[["emptystep"],["emptystep"],["emptystep"],["emptystep"],["emptystep"],["name",0.30,"hallows_1",0,0,0,0,1,0,0,"",0,0,1,100,"d_1020"]],[["mainui",0.10],["name",0.10,"mainui_tab_4",0,0,0,0,1,0,0,"",0,0,0,0],["battletopscene",0.10],["name",0.30,"hallows_stage",0,0,0,0,1,0,0,"",0,0,1,100],["hallowspreview",0.20],["name",0.30,"hallows_1",0,0,0,0,1,0,0,"",0,0,1,100,"d_1020"]]]]],"is_close":0},
	"10150":{"id":10150,"skip":1,"desc":"任务奖励引导","over_step":0,"special_step":[],"act":[["conditonstatus","hallowswindow",0.10,[[["emptystep"],["emptystep"],["emptystep"],["name",0.30,"get_btn_101",0,0,0,0,1,0,0,"",0,0,1,100,"d_1021"]],[["mainui",0.10],["name",0.10,"mainui_tab_7",0,0,0,0,1,0,0,"",0,0,0,0],["hallowswindow",0.20],["name",0.30,"get_btn_101",0,0,0,0,1,0,0,"",0,0,1,100,"d_1021"]]]]],"is_close":0},
	"10151":{"id":10151,"skip":1,"desc":"任务跳转引导（5级以下）","over_step":0,"special_step":[],"act":[["conditonstatus","hallowswindow",0.10,[[["emptystep"],["emptystep"],["emptystep"],["name",0.30,"goto_btn_102",0,0,0,0,1,0,0,"继续下一个指引",0,0,1,100,"d_1022"]],[["mainui",0.10],["name",0.10,"mainui_tab_4",0,0,0,0,1,0,0,"",0,0,0,0],["battletopscene",0.20],["name",0.30,"hallows_stage",0,0,0,0,1,0,0,"",0,0,1,100],["hallowswindow",0.20],["name",0.30,"goto_btn_102",0,0,0,0,1,0,0,"继续下一个指引",0,0,1,100,"d_1022"]]]]],"is_close":0},
	"10152":{"id":10152,"skip":1,"desc":"任务跳转引导（5级以上）","over_step":6,"special_step":[],"act":[["conditonstatus","hallowswindow",0.10,[[["emptystep"],["emptystep"],["emptystep"],["emptystep"],["emptystep"],["name",0.30,"get_btn_102",0,0,0,0,1,0,0,"继续领取奖励吧",0,0,1,100],["getitemview",0.20],["name",0.30,"confirm_btn",0,0,0,0,1,0,0,"",0,0,0,0],["mainui",0.10],["name",0.30,"mainui_tab_4",0,0,0,0,1,0,0,"",-20,0,0,100]],[["mainui",0.10],["name",0.10,"mainui_tab_4",0,0,0,0,1,0,0,"",0,0,0,0],["battletopscene",0.20],["name",0.30,"hallows_stage",0,0,0,0,1,0,0,"",0,0,1,100],["hallowswindow",0.20],["name",0.30,"get_btn_102",0,0,0,0,1,0,0,"继续领取奖励吧",0,0,1,100],["getitemview",0.20],["name",0.30,"confirm_btn",0,0,0,0,1,0,0,"",0,0,0,0],["mainui",0.10],["name",0.30,"mainui_tab_4",0,0,0,0,1,0,0,"",-20,0,0,100]]]]],"is_close":0},
	"10160":{"id":10160,"skip":1,"desc":"推图第四关引导（5级以下）","over_step":0,"special_step":[],"act":[["conditonstatus","battlesceneview",0.10,[[["emptystep"],["emptystep"],["battletopscene",0.10],["name",0.10,"guildsign_battle_boss_btn",0,0,0,0,1,0,0,"关卡越高，升级越快噢",0,0,0,100]],[["mainui",0.10],["name",0.10,"mainui_tab_4",0,0,0,0,1,0,0,"",0,0,0,0],["battletopscene",0.10],["name",0.30,"guildsign_battle_boss_btn",0,0,0,0,1,0,0,"关卡越高，升级越快噢",0,0,0,100]]]]],"is_close":0},
	"10161":{"id":10161,"skip":1,"desc":"推图第四关引导（5级以上）","over_step":0,"special_step":[],"act":[["conditonstatus","battlesceneview",0.10,[[["emptystep"],["emptystep"],["battletopscene",0.10],["name",0.10,"guildsign_battle_boss_btn",0,0,0,0,1,0,0,"关卡越高，升级越快噢",0,0,0,100]],[["mainui",0.10],["name",0.10,"mainui_tab_4",0,0,0,0,1,0,0,"",0,0,0,0],["battletopscene",0.10],["name",0.30,"guildsign_battle_boss_btn",0,0,0,0,1,0,0,"关卡越高，升级越快噢",0,0,0,100]]]]],"is_close":0},
	"10165":{"id":10165,"skip":1,"desc":"领取挂机收益引导","over_step":0,"special_step":[],"act":[["conditonstatus","battlesceneview",0.10,[[["emptystep"],["emptystep"],["battletopscene",0.20],["name",2.30,"resources_model",0,0,0,0,1,-150,0,"点击领取收益",-150,-20,0,100]],[["mainui",0.10],["name",0.10,"mainui_tab_4",0,0,0,0,1,0,0,"",0,0,0,0],["battletopscene",0.20],["name",2.30,"resources_model",0,0,0,0,1,-150,0,"点击领取收益",-150,-20,0,100]]]]],"is_close":0},
	"10170":{"id":10170,"skip":1,"desc":"推图第五关引导","over_step":0,"special_step":[],"act":[["conditonstatus","battlesceneview",0.10,[[["emptystep"],["emptystep"],["battletopscene",0.10],["name",0.10,"guildsign_battle_boss_btn",0,0,0,0,1,0,0,"",0,0,0,100]],[["mainui",0.10],["name",0.10,"mainui_tab_4",0,0,0,0,1,0,0,"",0,0,0,0],["battletopscene",0.10],["name",0.30,"guildsign_battle_boss_btn",0,0,0,0,1,0,0,"",0,0,0,100]]]]],"is_close":0},
	"10172":{"id":10172,"skip":1,"desc":"变强升级引导","over_step":0,"special_step":[],"act":[["conditonstatus","battlesceneview",0.10,[[["emptystep"],["emptystep"],["battletopscene",0.20],["name",0.30,"hero_btn",0,0,0,0,1,0,0,"",0,0,0,100],["strongerview",0.60],["name",0.10,"go_btn_1",0,0,0,0,1,0,0,"",0,0,0,0],["partnereinfoview",0.30],["name",0.30,"level_up_btn",0,1,0,0,1,0,0,"",0,0,0,0]],[["mainui",0.10],["name",0.10,"mainui_tab_4",0,0,0,0,1,0,0,"",0,0,0,0],["battletopscene",0.20],["name",0.30,"hero_btn",0,0,0,0,1,0,0,"",0,0,0,100],["strongerview",0.60],["name",0.10,"go_btn_1",0,0,0,0,1,0,0,"",0,0,0,0],["partnereinfoview",0.30],["name",0.30,"level_up_btn",0,1,0,0,1,0,0,"",0,0,0,0]]]]],"is_close":0},
	"10175":{"id":10175,"skip":1,"desc":"七天登录奖励引导","over_step":0,"special_step":[],"act":[["conditonstatus","checkmainui",0.10,[[["name",0.30,"mainui_tab_1",0,0,0,0,1,0,0,"",-20,0,0,0],["name",0.10,"icon_login_day",0,0,0,0,1,0,0,"",0,0,0,0],["sevenloginview",0.50],["name",2.10,"get_btn",0,0,0,0,1,0,0,"",0,0,0,0]],[["mainui",0.10],["name",0.10,"icon_login_day",0,0,0,0,1,0,0,"",0,0,0,0],["sevenloginview",0.50],["name",2.10,"get_btn",0,0,0,0,1,0,0,"",0,0,0,0]]]]],"is_close":0},
	"10177":{"id":10177,"skip":1,"desc":"每日签到引导","over_step":0,"special_step":[],"act":[["conditonstatus","checkmainui",0.10,[[["name",0.30,"mainui_tab_1",0,0,0,0,1,0,0,"",-20,0,0,0],["name",0.10,"icon_welfare",0,0,0,0,1,0,0,"",0,0,0,0],["welfareview",0.50],["name",0.50,"sign_btn_1",0,0,0,0,1,0,0,"",0,0,0,0],["getitemview",0.20],["name",0.30,"confirm_btn",0,0,0,0,1,0,0,"",0,0,0,0]],[["mainui",0.10],["name",0.10,"icon_welfare",0,0,0,0,1,0,0,"",0,0,0,0],["welfareview",0.50],["name",0.50,"sign_btn_1",0,0,0,0,1,0,0,"",0,0,0,0],["getitemview",0.20],["name",0.30,"confirm_btn",0,0,0,0,1,0,0,"",0,0,0,0]]]]],"is_close":0},
	"10179":{"id":10179,"skip":1,"desc":"推图第六关引导","over_step":0,"special_step":[],"act":[["conditonstatus","battlesceneview",0.10,[[["emptystep"],["emptystep"],["battletopscene",0.10],["name",0.10,"guildsign_battle_boss_btn",0,0,0,0,1,0,0,"继续挑战吧~",0,0,0,100]],[["mainui",0.10],["name",0.10,"mainui_tab_4",0,0,0,0,1,0,0,"",0,0,0,0],["battletopscene",0.10],["name",0.30,"guildsign_battle_boss_btn",0,0,0,0,1,0,0,"继续挑战吧~",0,0,0,100]]]]],"is_close":0},
	"10180":{"id":10180,"skip":1,"desc":"竞技场引导","over_step":0,"special_step":[],"act":[["conditonstatus","checkmainui",0.10,[[["name",0.30,"mainui_tab_1",0,0,0,0,1,0,0,"",-20,0,0,0],["checkstatus","centercity",3,0.30],["name",0.30,"guidesign_build_3",1,0,0,0,1,0,0,"",0,0,1,0],["arenaloopview",0.30],["tag",0.10,1001]],[["emptystep"],["checkstatus","centercity",3,0.30],["name",0.30,"guidesign_build_3",1,0,0,0,1,0,0,"",-140,0,1,0],["arenaloopview",0.30],["tag",0.10,1001]]]]],"is_close":0},
	"10182":{"id":10182,"skip":1,"desc":"探宝引导","over_step":0,"special_step":[],"act":[["conditonstatus","checkmainui",0.10,[[["name",0.30,"mainui_tab_1",0,0,0,0,1,0,0,"",-20,0,0,0],["name",0.10,"icon_dial",0,0,0,0,1,0,0,"",0,0,0,0],["treasureview",0.10],["name",0.10,"btn_treasure_1",0,0,0,0,1,0,0,"",0,0,0,0]],[["mainui",0.10],["name",0.10,"icon_dial",0,0,0,0,1,0,0,"",0,0,0,0],["treasureview",0.10],["name",0.10,"btn_treasure_1",0,0,0,0,1,0,0,"",0,0,0,0]]]]],"is_close":0},
	"10194":{"id":10194,"skip":0,"desc":"新版2四倍首充引导","over_step":0,"special_step":[],"act":[["openview","firstrecharge1",0.30]],"is_close":0},
	"10192":{"id":10192,"skip":1,"desc":"新版首充引导","over_step":0,"special_step":[],"act":[["openview","newfirstrecharge",0.30]],"is_close":0},
	"10187":{"id":10187,"skip":1,"desc":"旧版首充引导","over_step":0,"special_step":[],"act":[["openview","firstrecharge",0.30]],"is_close":0},
	"10185":{"id":10185,"skip":1,"desc":"远航引导","over_step":0,"special_step":[],"act":[["conditonstatus","battlesceneview",0.10,[[["emptystep"],["emptystep"],["battletopscene",0.10],["name",0.10,"guidesign_tipsqingbao",0,0,0,0,1,0,0,"",0,0,0,0],["voyageview",0.30],["name",0.30,"get_btn_1",1,0,0,0,1,0,0,"",0,0,0,100],["voyagedispatchview",0.30],["name",0.30,"quick_btn",0,0,0,0,1,0,0,"",0,0,0,100],["name",0.30,"dispatch_btn",0,0,0,0,1,0,0,"",0,0,0,100]],[["mainui",0.10],["name",0.10,"mainui_tab_4",0,0,0,0,1,0,0,"",0,0,0,0],["battletopscene",0.10],["name",0.10,"guidesign_tipsqingbao",0,0,0,0,1,0,0,"",0,0,0,0],["voyageview",0.30],["name",0.30,"get_btn_1",1,0,0,0,1,0,0,"",0,0,0,100],["voyagedispatchview",0.30],["name",0.30,"quick_btn",0,0,0,0,1,0,0,"",0,0,0,100],["name",0.30,"dispatch_btn",0,0,0,0,1,0,0,"",0,0,0,100]]]]],"is_close":0},
	"10190":{"id":10190,"skip":1,"desc":"金币副本引导","over_step":0,"special_step":[],"act":[["mainui",0.10],["name",0.10,"mainui_tab_5",0,0,0,0,1,0,0,"",0,0,0,0],["esecsiceview",0.20],["name",0.10,"guide_activity_item_1",0,0,0,0,1,0,0,"",0,0,0,100],["stonedunview",0.20],["name",0.30,"stone_change_btn_101",0,0,0,0,1,0,0,"",0,0,0,0]],"is_close":0},
	"10200":{"id":10200,"skip":1,"desc":"试练塔引导","over_step":0,"special_step":[],"act":[["conditonstatus","checkmainui",0.10,[[["name",0.30,"mainui_tab_1",0,0,0,0,1,0,0,"",-20,0,0,0],["checkstatus","centercity",4,0.30],["name",0.30,"guidesign_build_4",1,0,0,0,1,0,0,"",0,0,1,0],["startowerview",0.20],["name",0.10,"guildsign_startower_1",1,0,0,0,1,0,0,"挑战走起~",0,0,0,100],["startowerchallengeview",0.20],["name",0.10,"btn1",0,0,0,0,1,0,0,"",0,0,0,0]],[["emptystep"],["checkstatus","centercity",4,0.30],["name",0.30,"guidesign_build_4",1,0,0,0,1,0,0,"",0,0,1,0],["startowerview",0.20],["name",0.10,"guildsign_startower_1",1,0,0,0,1,0,0,"挑战走起~",0,0,0,100],["startowerchallengeview",0.20],["name",0.10,"btn1",0,0,0,0,1,0,0,"",0,0,0,0]]]]],"is_close":0},
	"10210":{"id":10210,"skip":1,"desc":"公会引导","over_step":0,"special_step":[],"act":[["mainui",0.10],["name",0.80,"mainui_tab_6",0,0,0,0,1,0,0,"",0,0,0,0]],"is_close":0},
	"10220":{"id":10220,"skip":1,"desc":"先知圣殿引导","over_step":0,"special_step":[],"act":[["conditonstatus","checkmainui",0.10,[[["name",0.30,"mainui_tab_1",0,0,0,0,1,0,0,"",-20,0,0,0],["checkstatus","centercity",8,0.30],["name",0.30,"guidesign_build_8",1,0,0,0,1,0,0,"",0,0,1,0],["seerpalaceview",0.20],["name",0.50,"guide_card_1",0,0,0,0,1,0,0,"",0,0,0,100]],[["emptystep"],["checkstatus","centercity",8,0.30],["name",0.80,"guidesign_build_8",1,0,0,0,1,0,0,"",-140,0,1,0],["seerpalaceview",0.20],["name",0.50,"guide_card_1",0,0,0,0,1,0,0,"",0,0,0,100]]]]],"is_close":0},
	"10250":{"id":10250,"skip":1,"desc":"神器穿戴引导","over_step":0,"special_step":[],"act":[["mainui",0.10],["name",0.10,"mainui_tab_2",0,0,0,0,1,0,0,"",0,0,0,0],["partner",0.30],["name",0.30,"embattle_btn",0,0,0,0,1,0,0,"",0,0,0,100]],"is_close":0}
},
"data_lev_guide_length" : 0,
"data_lev_guide" : {

}
}