{"data_get_length" : 155,
"data_get" : {
	"10010":{"id":10010,"name":"角色等级","lev":1,"desc":"冒险者等级达到10级","progress":[{"cli_label":"evt_levup","target":0,"target_val":10,"param":[]}],"extra":[],"commit_rewards":[[3,500]],"res":"quest_item_eqm","hide":0},
	"10020":{"id":10020,"name":"角色等级","lev":6,"desc":"冒险者等级达到15级","progress":[{"cli_label":"evt_levup","target":0,"target_val":15,"param":[]}],"extra":[],"commit_rewards":[[3,500]],"res":"quest_item_eqm","hide":0},
	"10030":{"id":10030,"name":"角色等级","lev":6,"desc":"冒险者等级达到20级","progress":[{"cli_label":"evt_levup","target":0,"target_val":20,"param":[]}],"extra":[],"commit_rewards":[[3,500]],"res":"quest_item_eqm","hide":0},
	"10040":{"id":10040,"name":"角色等级","lev":6,"desc":"冒险者等级达到25级","progress":[{"cli_label":"evt_levup","target":0,"target_val":25,"param":[]}],"extra":[],"commit_rewards":[[3,500]],"res":"quest_item_eqm","hide":0},
	"10050":{"id":10050,"name":"角色等级","lev":6,"desc":"冒险者等级达到30级","progress":[{"cli_label":"evt_levup","target":0,"target_val":30,"param":[]}],"extra":[],"commit_rewards":[[3,500]],"res":"quest_item_eqm","hide":0},
	"10060":{"id":10060,"name":"角色等级","lev":6,"desc":"冒险者等级达到35级","progress":[{"cli_label":"evt_levup","target":0,"target_val":35,"param":[]}],"extra":[],"commit_rewards":[[3,500]],"res":"quest_item_eqm","hide":0},
	"10070":{"id":10070,"name":"角色等级","lev":6,"desc":"冒险者等级达到40级","progress":[{"cli_label":"evt_levup","target":0,"target_val":40,"param":[]}],"extra":[],"commit_rewards":[[3,500]],"res":"quest_item_eqm","hide":0},
	"10080":{"id":10080,"name":"角色等级","lev":6,"desc":"冒险者等级达到45级","progress":[{"cli_label":"evt_levup","target":0,"target_val":45,"param":[]}],"extra":[],"commit_rewards":[[3,500]],"res":"quest_item_eqm","hide":0},
	"10090":{"id":10090,"name":"角色等级","lev":6,"desc":"冒险者等级达到50级","progress":[{"cli_label":"evt_levup","target":0,"target_val":50,"param":[]}],"extra":[],"commit_rewards":[[3,500]],"res":"quest_item_eqm","hide":0},
	"10100":{"id":10100,"name":"角色等级","lev":6,"desc":"冒险者等级达到55级","progress":[{"cli_label":"evt_levup","target":0,"target_val":55,"param":[]}],"extra":[],"commit_rewards":[[3,500]],"res":"quest_item_eqm","hide":0},
	"10110":{"id":10110,"name":"角色等级","lev":6,"desc":"冒险者等级达到60级","progress":[{"cli_label":"evt_levup","target":0,"target_val":60,"param":[]}],"extra":[],"commit_rewards":[[3,500]],"res":"quest_item_eqm","hide":0},
	"10120":{"id":10120,"name":"角色等级","lev":6,"desc":"冒险者等级达到65级","progress":[{"cli_label":"evt_levup","target":0,"target_val":65,"param":[]}],"extra":[],"commit_rewards":[[3,500]],"res":"quest_item_eqm","hide":0},
	"10130":{"id":10130,"name":"角色等级","lev":6,"desc":"冒险者等级达到70级","progress":[{"cli_label":"evt_levup","target":0,"target_val":70,"param":[]}],"extra":[],"commit_rewards":[[3,500]],"res":"quest_item_eqm","hide":0},
	"10140":{"id":10140,"name":"角色等级","lev":6,"desc":"冒险者等级达到75级","progress":[{"cli_label":"evt_levup","target":0,"target_val":75,"param":[]}],"extra":[],"commit_rewards":[[3,500]],"res":"quest_item_eqm","hide":0},
	"10150":{"id":10150,"name":"角色等级","lev":6,"desc":"冒险者等级达到80级","progress":[{"cli_label":"evt_levup","target":0,"target_val":80,"param":[]}],"extra":[],"commit_rewards":[[3,500]],"res":"quest_item_eqm","hide":0},
	"10160":{"id":10160,"name":"角色等级","lev":6,"desc":"冒险者等级达到85级","progress":[{"cli_label":"evt_levup","target":0,"target_val":85,"param":[]}],"extra":[],"commit_rewards":[[3,500]],"res":"quest_item_eqm","hide":0},
	"10170":{"id":10170,"name":"角色等级","lev":6,"desc":"冒险者等级达到90级","progress":[{"cli_label":"evt_levup","target":0,"target_val":90,"param":[]}],"extra":[],"commit_rewards":[[3,500]],"res":"quest_item_eqm","hide":0},
	"10180":{"id":10180,"name":"角色等级","lev":6,"desc":"冒险者等级达到95级","progress":[{"cli_label":"evt_levup","target":0,"target_val":95,"param":[]}],"extra":[],"commit_rewards":[[3,500]],"res":"quest_item_eqm","hide":0},
	"10190":{"id":10190,"name":"角色等级","lev":6,"desc":"冒险者等级达到100级","progress":[{"cli_label":"evt_levup","target":0,"target_val":100,"param":[]}],"extra":[],"commit_rewards":[[3,500]],"res":"quest_item_eqm","hide":0},
	"11010":{"id":11010,"name":"英雄培养","lev":6,"desc":"1个英雄到达30级","progress":[{"cli_label":"evt_partner","target":0,"target_val":1,"param":[["lev",30]]}],"extra":["lev",30],"commit_rewards":[[72001,2],[1,50000]],"res":"quest_item_eqm","hide":0},
	"11020":{"id":11020,"name":"英雄培养","lev":6,"desc":"3个英雄到达30级","progress":[{"cli_label":"evt_partner","target":0,"target_val":3,"param":[["lev",30]]}],"extra":["lev",30],"commit_rewards":[[72001,2],[1,50000]],"res":"quest_item_eqm","hide":0},
	"11030":{"id":11030,"name":"英雄培养","lev":6,"desc":"5个英雄到达30级","progress":[{"cli_label":"evt_partner","target":0,"target_val":5,"param":[["lev",30]]}],"extra":["lev",30],"commit_rewards":[[72001,2],[1,50000]],"res":"quest_item_eqm","hide":0},
	"11040":{"id":11040,"name":"英雄培养","lev":6,"desc":"1个英雄到达60级","progress":[{"cli_label":"evt_partner","target":0,"target_val":1,"param":[["lev",60]]}],"extra":["lev",60],"commit_rewards":[[72001,3],[1,80000]],"res":"quest_item_eqm","hide":0},
	"11050":{"id":11050,"name":"英雄培养","lev":6,"desc":"3个英雄到达60级","progress":[{"cli_label":"evt_partner","target":0,"target_val":3,"param":[["lev",60]]}],"extra":["lev",60],"commit_rewards":[[72001,3],[1,80000]],"res":"quest_item_eqm","hide":0},
	"11060":{"id":11060,"name":"英雄培养","lev":6,"desc":"5个英雄到达60级","progress":[{"cli_label":"evt_partner","target":0,"target_val":5,"param":[["lev",60]]}],"extra":["lev",60],"commit_rewards":[[72001,3],[1,80000]],"res":"quest_item_eqm","hide":0},
	"11070":{"id":11070,"name":"英雄培养","lev":6,"desc":"1个英雄到达100级","progress":[{"cli_label":"evt_partner","target":0,"target_val":1,"param":[["lev",100]]}],"extra":["lev",100],"commit_rewards":[[72001,5],[1,100000]],"res":"quest_item_eqm","hide":0},
	"11080":{"id":11080,"name":"英雄培养","lev":6,"desc":"3个英雄到达100级","progress":[{"cli_label":"evt_partner","target":0,"target_val":3,"param":[["lev",100]]}],"extra":["lev",100],"commit_rewards":[[72001,5],[1,100000]],"res":"quest_item_eqm","hide":0},
	"11090":{"id":11090,"name":"英雄培养","lev":6,"desc":"5个英雄到达100级","progress":[{"cli_label":"evt_partner","target":0,"target_val":5,"param":[["lev",100]]}],"extra":["lev",100],"commit_rewards":[[72001,5],[1,100000]],"res":"quest_item_eqm","hide":0},
	"11100":{"id":11100,"name":"英雄培养","lev":6,"desc":"1个英雄到达145级","progress":[{"cli_label":"evt_partner","target":0,"target_val":1,"param":[["lev",145]]}],"extra":["lev",145],"commit_rewards":[[72001,10],[1,100000]],"res":"quest_item_eqm","hide":0},
	"11110":{"id":11110,"name":"英雄培养","lev":6,"desc":"3个英雄到达145级","progress":[{"cli_label":"evt_partner","target":0,"target_val":3,"param":[["lev",145]]}],"extra":["lev",145],"commit_rewards":[[72001,10],[1,100000]],"res":"quest_item_eqm","hide":0},
	"11120":{"id":11120,"name":"英雄培养","lev":6,"desc":"5个英雄到达145级","progress":[{"cli_label":"evt_partner","target":0,"target_val":5,"param":[["lev",145]]}],"extra":["lev",145],"commit_rewards":[[72001,10],[1,100000]],"res":"quest_item_eqm","hide":0},
	"12010":{"id":12010,"name":"不亦乐乎","lev":6,"desc":"拥有第1个好友","progress":[{"cli_label":"evt_friend","target":0,"target_val":1,"param":["num"]}],"extra":[],"commit_rewards":[[1,50000]],"res":"quest_item_haoyou","hide":0},
	"12020":{"id":12020,"name":"不亦乐乎","lev":6,"desc":"拥有5个好友","progress":[{"cli_label":"evt_friend","target":0,"target_val":5,"param":["num"]}],"extra":[],"commit_rewards":[[1,100000]],"res":"quest_item_haoyou","hide":0},
	"12030":{"id":12030,"name":"胜友如云 ","lev":6,"desc":"赠送10次友情点","progress":[{"cli_label":"evt_friend_present","target":0,"target_val":10,"param":[]}],"extra":[],"commit_rewards":[[1,50000]],"res":"quest_item_haoyou","hide":0},
	"12040":{"id":12040,"name":"胜友如云 ","lev":6,"desc":"赠送50次友情点","progress":[{"cli_label":"evt_friend_present","target":0,"target_val":50,"param":[]}],"extra":[],"commit_rewards":[[1,100000]],"res":"quest_item_haoyou","hide":0},
	"12050":{"id":12050,"name":"胜友如云 ","lev":6,"desc":"赠送100次友情点","progress":[{"cli_label":"evt_friend_present","target":0,"target_val":100,"param":[]}],"extra":[],"commit_rewards":[[1,200000]],"res":"quest_item_haoyou","hide":0},
	"12060":{"id":12060,"name":"胜友如云 ","lev":6,"desc":"赠送200次友情点","progress":[{"cli_label":"evt_friend_present","target":0,"target_val":200,"param":[]}],"extra":[],"commit_rewards":[[1,300000]],"res":"quest_item_haoyou","hide":0},
	"12070":{"id":12070,"name":"胜友如云 ","lev":6,"desc":"赠送500次友情点","progress":[{"cli_label":"evt_friend_present","target":0,"target_val":500,"param":[]}],"extra":[],"commit_rewards":[[1,500000]],"res":"quest_item_haoyou","hide":0},
	"12080":{"id":12080,"name":"胜友如云 ","lev":6,"desc":"赠送1000次友情点","progress":[{"cli_label":"evt_friend_present","target":0,"target_val":1000,"param":[]}],"extra":[],"commit_rewards":[[1,500000]],"res":"quest_item_haoyou","hide":0},
	"13010":{"id":13010,"name":"加入帮会","lev":6,"desc":"冒险者集合！","progress":[{"cli_label":"evt_guild_join","target":0,"target_val":1,"param":[]}],"extra":[],"commit_rewards":[[72001,2],[1,50000]],"res":"quest_item_guild","hide":0},
	"14010":{"id":14010,"name":"英雄远征","lev":6,"desc":"英雄远征通关第6关","progress":[{"cli_label":"evt_expedition_fight","target":6,"target_val":1,"param":["pass"]}],"extra":[],"commit_rewards":[[72001,10],[1,100000]],"res":"quest_item_zhaohuan","hide":0},
	"14020":{"id":14020,"name":"英雄远征","lev":6,"desc":"英雄远征通关第9关","progress":[{"cli_label":"evt_expedition_fight","target":9,"target_val":1,"param":["pass"]}],"extra":[],"commit_rewards":[[72001,10],[1,100000]],"res":"quest_item_zhaohuan","hide":0},
	"14030":{"id":14030,"name":"英雄远征","lev":6,"desc":"英雄远征通关第12关","progress":[{"cli_label":"evt_expedition_fight","target":12,"target_val":1,"param":["pass"]}],"extra":[],"commit_rewards":[[72001,10],[1,100000]],"res":"quest_item_zhaohuan","hide":0},
	"14040":{"id":14040,"name":"英雄远征","lev":6,"desc":"英雄远征通关第15关","progress":[{"cli_label":"evt_expedition_fight","target":15,"target_val":1,"param":["pass"]}],"extra":[],"commit_rewards":[[72002,10],[1,100000]],"res":"quest_item_zhaohuan","hide":0},
	"15010":{"id":15010,"name":"装备收集","lev":6,"desc":"获得5件紫色装备","progress":[{"cli_label":"evt_get_item","target":0,"target_val":5,"param":[["eqm_quality",3]]}],"extra":["eqm_quality",3],"commit_rewards":[[72001,2],[1,100000]],"res":"quest_item_eqm","hide":0},
	"15020":{"id":15020,"name":"装备收集","lev":6,"desc":"获得10件紫色装备","progress":[{"cli_label":"evt_get_item","target":0,"target_val":10,"param":[["eqm_quality",3]]}],"extra":["eqm_quality",3],"commit_rewards":[[72001,4],[1,100000]],"res":"quest_item_eqm","hide":0},
	"15030":{"id":15030,"name":"装备收集","lev":6,"desc":"获得25件紫色装备","progress":[{"cli_label":"evt_get_item","target":0,"target_val":25,"param":[["eqm_quality",3]]}],"extra":["eqm_quality",3],"commit_rewards":[[72001,6],[1,100000]],"res":"quest_item_eqm","hide":0},
	"15040":{"id":15040,"name":"装备收集","lev":6,"desc":"获得50件紫色装备","progress":[{"cli_label":"evt_get_item","target":0,"target_val":50,"param":[["eqm_quality",3]]}],"extra":["eqm_quality",3],"commit_rewards":[[72001,8],[1,100000]],"res":"quest_item_eqm","hide":0},
	"15050":{"id":15050,"name":"装备收集","lev":6,"desc":"获得100件紫色装备","progress":[{"cli_label":"evt_get_item","target":0,"target_val":100,"param":[["eqm_quality",3]]}],"extra":["eqm_quality",3],"commit_rewards":[[72001,10],[1,100000]],"res":"quest_item_eqm","hide":0},
	"15060":{"id":15060,"name":"装备收集","lev":6,"desc":"获得200件紫色装备","progress":[{"cli_label":"evt_get_item","target":0,"target_val":200,"param":[["eqm_quality",3]]}],"extra":["eqm_quality",3],"commit_rewards":[[72001,15],[1,100000]],"res":"quest_item_eqm","hide":0},
	"15070":{"id":15070,"name":"装备收集","lev":6,"desc":"获得500件紫色装备","progress":[{"cli_label":"evt_get_item","target":0,"target_val":500,"param":[["eqm_quality",3]]}],"extra":["eqm_quality",3],"commit_rewards":[[72001,20],[1,100000]],"res":"quest_item_eqm","hide":0},
	"16010":{"id":16010,"name":"装备收集","lev":6,"desc":"获得5件橙色装备","progress":[{"cli_label":"evt_get_item","target":0,"target_val":5,"param":[["eqm_quality",4]]}],"extra":["eqm_quality",4],"commit_rewards":[[72001,4],[1,100000]],"res":"quest_item_eqm","hide":0},
	"16020":{"id":16020,"name":"装备收集","lev":6,"desc":"获得10件橙色装备","progress":[{"cli_label":"evt_get_item","target":0,"target_val":10,"param":[["eqm_quality",4]]}],"extra":["eqm_quality",4],"commit_rewards":[[72001,6],[1,100000]],"res":"quest_item_eqm","hide":0},
	"16030":{"id":16030,"name":"装备收集","lev":6,"desc":"获得25件橙色装备","progress":[{"cli_label":"evt_get_item","target":0,"target_val":25,"param":[["eqm_quality",4]]}],"extra":["eqm_quality",4],"commit_rewards":[[72001,8],[1,100000]],"res":"quest_item_eqm","hide":0},
	"16040":{"id":16040,"name":"装备收集","lev":6,"desc":"获得50件橙色装备","progress":[{"cli_label":"evt_get_item","target":0,"target_val":50,"param":[["eqm_quality",4]]}],"extra":["eqm_quality",4],"commit_rewards":[[72001,10],[1,100000]],"res":"quest_item_eqm","hide":0},
	"16050":{"id":16050,"name":"装备收集","lev":6,"desc":"获得100件橙色装备","progress":[{"cli_label":"evt_get_item","target":0,"target_val":100,"param":[["eqm_quality",4]]}],"extra":["eqm_quality",4],"commit_rewards":[[72001,15],[1,100000]],"res":"quest_item_eqm","hide":0},
	"16060":{"id":16060,"name":"装备收集","lev":6,"desc":"获得200件橙色装备","progress":[{"cli_label":"evt_get_item","target":0,"target_val":200,"param":[["eqm_quality",4]]}],"extra":["eqm_quality",4],"commit_rewards":[[72001,20],[1,100000]],"res":"quest_item_eqm","hide":0},
	"16070":{"id":16070,"name":"装备收集","lev":6,"desc":"获得500件橙色装备","progress":[{"cli_label":"evt_get_item","target":0,"target_val":500,"param":[["eqm_quality",4]]}],"extra":["eqm_quality",4],"commit_rewards":[[72001,30],[1,100000]],"res":"quest_item_eqm","hide":0},
	"17010":{"id":17010,"name":"伙伴召集","lev":6,"desc":"获得10个4星英雄","progress":[{"cli_label":"evt_partner","target":0,"target_val":10,"param":[["bind_star",4]]}],"extra":["bind_star",4],"commit_rewards":[[72001,5],[1,100000]],"res":"quest_item_yingxiong","hide":0},
	"17020":{"id":17020,"name":"伙伴召集","lev":6,"desc":"获得20个4星英雄","progress":[{"cli_label":"evt_partner","target":0,"target_val":20,"param":[["bind_star",4]]}],"extra":["bind_star",4],"commit_rewards":[[72001,5],[1,100000]],"res":"quest_item_yingxiong","hide":0},
	"17030":{"id":17030,"name":"伙伴召集","lev":6,"desc":"获得40个4星英雄","progress":[{"cli_label":"evt_partner","target":0,"target_val":40,"param":[["bind_star",4]]}],"extra":["bind_star",4],"commit_rewards":[[72001,8],[1,100000]],"res":"quest_item_yingxiong","hide":0},
	"17040":{"id":17040,"name":"伙伴召集","lev":6,"desc":"获得70个4星英雄","progress":[{"cli_label":"evt_partner","target":0,"target_val":70,"param":[["bind_star",4]]}],"extra":["bind_star",4],"commit_rewards":[[72001,8],[1,100000]],"res":"quest_item_yingxiong","hide":0},
	"17050":{"id":17050,"name":"伙伴召集","lev":6,"desc":"获得100个4星英雄","progress":[{"cli_label":"evt_partner","target":0,"target_val":100,"param":[["bind_star",4]]}],"extra":["bind_star",4],"commit_rewards":[[72001,8],[1,100000]],"res":"quest_item_yingxiong","hide":0},
	"17060":{"id":17060,"name":"伙伴召集","lev":6,"desc":"获得150个4星英雄","progress":[{"cli_label":"evt_partner","target":0,"target_val":150,"param":[["bind_star",4]]}],"extra":["bind_star",4],"commit_rewards":[[72001,10],[1,100000]],"res":"quest_item_yingxiong","hide":0},
	"17070":{"id":17070,"name":"伙伴召集","lev":6,"desc":"获得200个4星英雄","progress":[{"cli_label":"evt_partner","target":0,"target_val":200,"param":[["bind_star",4]]}],"extra":["bind_star",4],"commit_rewards":[[72001,15],[1,100000]],"res":"quest_item_yingxiong","hide":0},
	"17080":{"id":17080,"name":"伙伴召集","lev":6,"desc":"获得300个4星英雄","progress":[{"cli_label":"evt_partner","target":0,"target_val":300,"param":[["bind_star",4]]}],"extra":["bind_star",4],"commit_rewards":[[72001,20],[1,100000]],"res":"quest_item_yingxiong","hide":0},
	"17090":{"id":17090,"name":"伙伴召集","lev":6,"desc":"获得500个4星英雄","progress":[{"cli_label":"evt_partner","target":0,"target_val":500,"param":[["bind_star",4]]}],"extra":["bind_star",4],"commit_rewards":[[72001,30],[1,100000]],"res":"quest_item_yingxiong","hide":0},
	"18010":{"id":18010,"name":"伙伴召集","lev":6,"desc":"获得5个5星英雄","progress":[{"cli_label":"evt_partner","target":0,"target_val":5,"param":[["bind_star",5]]}],"extra":["bind_star",5],"commit_rewards":[[72001,10],[1,100000]],"res":"quest_item_yingxiong","hide":0},
	"18020":{"id":18020,"name":"伙伴召集","lev":6,"desc":"获得10个5星英雄","progress":[{"cli_label":"evt_partner","target":0,"target_val":10,"param":[["bind_star",5]]}],"extra":["bind_star",5],"commit_rewards":[[72001,10],[1,100000]],"res":"quest_item_yingxiong","hide":0},
	"18030":{"id":18030,"name":"伙伴召集","lev":6,"desc":"获得20个5星英雄","progress":[{"cli_label":"evt_partner","target":0,"target_val":20,"param":[["bind_star",5]]}],"extra":["bind_star",5],"commit_rewards":[[72001,12],[1,100000]],"res":"quest_item_yingxiong","hide":0},
	"18040":{"id":18040,"name":"伙伴召集","lev":6,"desc":"获得35个5星英雄","progress":[{"cli_label":"evt_partner","target":0,"target_val":35,"param":[["bind_star",5]]}],"extra":["bind_star",5],"commit_rewards":[[72001,12],[1,100000]],"res":"quest_item_yingxiong","hide":0},
	"18050":{"id":18050,"name":"伙伴召集","lev":6,"desc":"获得55个5星英雄","progress":[{"cli_label":"evt_partner","target":0,"target_val":55,"param":[["bind_star",5]]}],"extra":["bind_star",5],"commit_rewards":[[72001,12],[1,100000]],"res":"quest_item_yingxiong","hide":0},
	"18060":{"id":18060,"name":"伙伴召集","lev":6,"desc":"获得80个5星英雄","progress":[{"cli_label":"evt_partner","target":0,"target_val":80,"param":[["bind_star",5]]}],"extra":["bind_star",5],"commit_rewards":[[72001,12],[1,100000]],"res":"quest_item_yingxiong","hide":0},
	"18070":{"id":18070,"name":"伙伴召集","lev":6,"desc":"获得110个5星英雄","progress":[{"cli_label":"evt_partner","target":0,"target_val":110,"param":[["bind_star",5]]}],"extra":["bind_star",5],"commit_rewards":[[72001,15],[1,100000]],"res":"quest_item_yingxiong","hide":0},
	"18080":{"id":18080,"name":"伙伴召集","lev":6,"desc":"获得150个5星英雄","progress":[{"cli_label":"evt_partner","target":0,"target_val":150,"param":[["bind_star",5]]}],"extra":["bind_star",5],"commit_rewards":[[72001,20],[1,100000]],"res":"quest_item_yingxiong","hide":0},
	"18090":{"id":18090,"name":"伙伴召集","lev":6,"desc":"获得200个5星英雄","progress":[{"cli_label":"evt_partner","target":0,"target_val":200,"param":[["bind_star",5]]}],"extra":["bind_star",5],"commit_rewards":[[72001,30],[1,100000]],"res":"quest_item_yingxiong","hide":0},
	"18100":{"id":18100,"name":"伙伴召集","lev":6,"desc":"获得500个5星英雄","progress":[{"cli_label":"evt_partner","target":0,"target_val":500,"param":[["bind_star",5]]}],"extra":["bind_star",5],"commit_rewards":[[72001,50],[1,100000]],"res":"quest_item_yingxiong","hide":0},
	"19010":{"id":19010,"name":"伙伴召集","lev":6,"desc":"获得1个6星英雄","progress":[{"cli_label":"evt_partner","target":0,"target_val":1,"param":[["bind_star",6]]}],"extra":["bind_star",6],"commit_rewards":[[72001,10],[1,100000]],"res":"quest_item_yingxiong","hide":0},
	"19020":{"id":19020,"name":"伙伴召集","lev":6,"desc":"获得5个6星英雄","progress":[{"cli_label":"evt_partner","target":0,"target_val":5,"param":[["bind_star",6]]}],"extra":["bind_star",6],"commit_rewards":[[72001,12],[1,100000]],"res":"quest_item_yingxiong","hide":0},
	"19030":{"id":19030,"name":"伙伴召集","lev":6,"desc":"获得10个6星英雄","progress":[{"cli_label":"evt_partner","target":0,"target_val":10,"param":[["bind_star",6]]}],"extra":["bind_star",6],"commit_rewards":[[72001,20],[1,100000]],"res":"quest_item_yingxiong","hide":0},
	"19040":{"id":19040,"name":"伙伴召集","lev":6,"desc":"获得20个6星英雄","progress":[{"cli_label":"evt_partner","target":0,"target_val":20,"param":[["bind_star",6]]}],"extra":["bind_star",6],"commit_rewards":[[72001,30],[1,100000]],"res":"quest_item_yingxiong","hide":0},
	"19050":{"id":19050,"name":"伙伴召集","lev":6,"desc":"获得50个6星英雄","progress":[{"cli_label":"evt_partner","target":0,"target_val":50,"param":[["bind_star",6]]}],"extra":["bind_star",6],"commit_rewards":[[72001,40],[1,100000]],"res":"quest_item_yingxiong","hide":0},
	"19060":{"id":19060,"name":"伙伴召集","lev":6,"desc":"获得100个6星英雄","progress":[{"cli_label":"evt_partner","target":0,"target_val":100,"param":[["bind_star",6]]}],"extra":["bind_star",6],"commit_rewards":[[72001,50],[1,100000]],"res":"quest_item_yingxiong","hide":0},
	"20010":{"id":20010,"name":"竞技选手","lev":6,"desc":"竞技场达到1500分","progress":[{"cli_label":"evt_arena_score","target":1500,"target_val":1,"param":[]}],"extra":[],"commit_rewards":[[72002,5],[1,100000]],"res":"quest_item_jianzhu","hide":0},
	"20020":{"id":20020,"name":"竞技选手","lev":6,"desc":"竞技场达到2000分","progress":[{"cli_label":"evt_arena_score","target":2000,"target_val":1,"param":[]}],"extra":[],"commit_rewards":[[72002,5],[1,200000]],"res":"quest_item_jianzhu","hide":0},
	"20030":{"id":20030,"name":"竞技选手","lev":6,"desc":"竞技场达到2500分","progress":[{"cli_label":"evt_arena_score","target":2500,"target_val":1,"param":[]}],"extra":[],"commit_rewards":[[72002,8],[1,300000]],"res":"quest_item_jianzhu","hide":0},
	"20040":{"id":20040,"name":"竞技选手","lev":6,"desc":"竞技场达到3000分","progress":[{"cli_label":"evt_arena_score","target":3000,"target_val":1,"param":[]}],"extra":[],"commit_rewards":[[72002,8],[1,500000]],"res":"quest_item_jianzhu","hide":0},
	"21010":{"id":21010,"name":"符文进阶","lev":6,"desc":"参与1次符文合成","progress":[{"cli_label":"evt_artifact_compose","target":0,"target_val":1,"param":[]}],"extra":[],"commit_rewards":[[72001,2],[1,50000]],"res":"quest_item_eqm","hide":0},
	"21020":{"id":21020,"name":"符文进阶","lev":6,"desc":"参与10次符文合成","progress":[{"cli_label":"evt_artifact_compose","target":0,"target_val":10,"param":[]}],"extra":[],"commit_rewards":[[72001,5],[1,80000]],"res":"quest_item_eqm","hide":0},
	"21030":{"id":21030,"name":"符文进阶","lev":6,"desc":"参与25次符文合成","progress":[{"cli_label":"evt_artifact_compose","target":0,"target_val":25,"param":[]}],"extra":[],"commit_rewards":[[72001,8],[1,100000]],"res":"quest_item_eqm","hide":0},
	"21040":{"id":21040,"name":"符文进阶","lev":6,"desc":"参与50次符文合成","progress":[{"cli_label":"evt_artifact_compose","target":0,"target_val":50,"param":[]}],"extra":[],"commit_rewards":[[72001,10],[1,100000]],"res":"quest_item_eqm","hide":0},
	"21050":{"id":21050,"name":"符文进阶","lev":6,"desc":"参与100次符文合成","progress":[{"cli_label":"evt_artifact_compose","target":0,"target_val":100,"param":[]}],"extra":[],"commit_rewards":[[72001,12],[1,100000]],"res":"quest_item_eqm","hide":0},
	"21060":{"id":21060,"name":"符文进阶","lev":6,"desc":"参与200次符文合成","progress":[{"cli_label":"evt_artifact_compose","target":0,"target_val":200,"param":[]}],"extra":[],"commit_rewards":[[72001,20],[1,100000]],"res":"quest_item_eqm","hide":0},
	"21070":{"id":21070,"name":"符文进阶","lev":6,"desc":"参与500次符文合成","progress":[{"cli_label":"evt_artifact_compose","target":0,"target_val":500,"param":[]}],"extra":[],"commit_rewards":[[72001,30],[1,100000]],"res":"quest_item_eqm","hide":0},
	"22010":{"id":22010,"name":"历练达人","lev":6,"desc":"完成20次日常副本","progress":[{"cli_label":"evt_dungeon_stone_fight","target":0,"target_val":20,"param":[]}],"extra":[],"commit_rewards":[[72001,5],[1,50000]],"res":"quest_item_heian","hide":0},
	"22020":{"id":22020,"name":"历练达人","lev":6,"desc":"完成50次日常副本","progress":[{"cli_label":"evt_dungeon_stone_fight","target":0,"target_val":50,"param":[]}],"extra":[],"commit_rewards":[[72001,8],[1,80000]],"res":"quest_item_heian","hide":0},
	"22030":{"id":22030,"name":"历练达人","lev":6,"desc":"完成100次日常副本","progress":[{"cli_label":"evt_dungeon_stone_fight","target":0,"target_val":100,"param":[]}],"extra":[],"commit_rewards":[[72001,10],[1,100000]],"res":"quest_item_heian","hide":0},
	"22040":{"id":22040,"name":"历练达人","lev":6,"desc":"完成200次日常副本","progress":[{"cli_label":"evt_dungeon_stone_fight","target":0,"target_val":200,"param":[]}],"extra":[],"commit_rewards":[[72001,15],[1,150000]],"res":"quest_item_heian","hide":0},
	"22050":{"id":22050,"name":"历练达人","lev":6,"desc":"完成500次日常副本","progress":[{"cli_label":"evt_dungeon_stone_fight","target":0,"target_val":500,"param":[]}],"extra":[],"commit_rewards":[[72001,20],[1,200000]],"res":"quest_item_heian","hide":0},
	"23010":{"id":23010,"name":"先知呼唤","lev":6,"desc":"先知圣殿召唤5次","progress":[{"cli_label":"evt_recruit_high","target":0,"target_val":5,"param":[]}],"extra":[],"commit_rewards":[[72001,10],[1,100000]],"res":"quest_item_zhaohuan","hide":0},
	"23020":{"id":23020,"name":"先知呼唤","lev":6,"desc":"先知圣殿召唤10次","progress":[{"cli_label":"evt_recruit_high","target":0,"target_val":10,"param":[]}],"extra":[],"commit_rewards":[[72001,10],[1,100000]],"res":"quest_item_zhaohuan","hide":0},
	"23030":{"id":23030,"name":"先知呼唤","lev":6,"desc":"先知圣殿召唤20次","progress":[{"cli_label":"evt_recruit_high","target":0,"target_val":20,"param":[]}],"extra":[],"commit_rewards":[[72001,10],[1,100000]],"res":"quest_item_zhaohuan","hide":0},
	"23040":{"id":23040,"name":"先知呼唤","lev":6,"desc":"先知圣殿召唤50次","progress":[{"cli_label":"evt_recruit_high","target":0,"target_val":50,"param":[]}],"extra":[],"commit_rewards":[[72001,15],[1,150000]],"res":"quest_item_zhaohuan","hide":0},
	"23050":{"id":23050,"name":"先知呼唤","lev":6,"desc":"先知圣殿召唤100次","progress":[{"cli_label":"evt_recruit_high","target":0,"target_val":100,"param":[]}],"extra":[],"commit_rewards":[[72001,20],[1,200000]],"res":"quest_item_zhaohuan","hide":0},
	"23060":{"id":23060,"name":"先知呼唤","lev":6,"desc":"先知圣殿召唤200次","progress":[{"cli_label":"evt_recruit_high","target":0,"target_val":200,"param":[]}],"extra":[],"commit_rewards":[[72001,30],[1,300000]],"res":"quest_item_zhaohuan","hide":0},
	"24010":{"id":24010,"name":"远航订单","lev":6,"desc":"接取1次橙色远航订单","progress":[{"cli_label":"evt_shipping","target":0,"target_val":1,"param":[4]}],"extra":[],"commit_rewards":[[72001,5],[1,50000]],"res":"quest_item_zhaohuan","hide":0},
	"24020":{"id":24020,"name":"远航订单","lev":6,"desc":"接取10次橙色远航订单","progress":[{"cli_label":"evt_shipping","target":0,"target_val":10,"param":[4]}],"extra":[],"commit_rewards":[[72001,8],[1,100000]],"res":"quest_item_zhaohuan","hide":0},
	"24030":{"id":24030,"name":"远航订单","lev":6,"desc":"接取50次橙色远航订单","progress":[{"cli_label":"evt_shipping","target":0,"target_val":50,"param":[4]}],"extra":[],"commit_rewards":[[72001,10],[1,200000]],"res":"quest_item_zhaohuan","hide":0},
	"24040":{"id":24040,"name":"远航订单","lev":6,"desc":"接取100次橙色远航订单","progress":[{"cli_label":"evt_shipping","target":0,"target_val":100,"param":[4]}],"extra":[],"commit_rewards":[[72001,12],[1,300000]],"res":"quest_item_zhaohuan","hide":0},
	"24050":{"id":24050,"name":"远航订单","lev":6,"desc":"接取200次橙色远航订单","progress":[{"cli_label":"evt_shipping","target":0,"target_val":200,"param":[4]}],"extra":[],"commit_rewards":[[72001,15],[1,500000]],"res":"quest_item_zhaohuan","hide":0},
	"24060":{"id":24060,"name":"远航订单","lev":6,"desc":"接取500次橙色远航订单","progress":[{"cli_label":"evt_shipping","target":0,"target_val":500,"param":[4]}],"extra":[],"commit_rewards":[[72001,30],[1,1000000]],"res":"quest_item_zhaohuan","hide":0},
	"25010":{"id":25010,"name":"远航订单","lev":6,"desc":"接取1次红色远航订单","progress":[{"cli_label":"evt_shipping","target":0,"target_val":1,"param":[5]}],"extra":[],"commit_rewards":[[72002,5],[1,100000]],"res":"quest_item_zhaohuan","hide":0},
	"25020":{"id":25020,"name":"远航订单","lev":6,"desc":"接取10次红色远航订单","progress":[{"cli_label":"evt_shipping","target":0,"target_val":10,"param":[5]}],"extra":[],"commit_rewards":[[72002,5],[1,200000]],"res":"quest_item_zhaohuan","hide":0},
	"25030":{"id":25030,"name":"远航订单","lev":6,"desc":"接取50次红色远航订单","progress":[{"cli_label":"evt_shipping","target":0,"target_val":50,"param":[5]}],"extra":[],"commit_rewards":[[72002,8],[1,300000]],"res":"quest_item_zhaohuan","hide":0},
	"25040":{"id":25040,"name":"远航订单","lev":6,"desc":"接取100次红色远航订单","progress":[{"cli_label":"evt_shipping","target":0,"target_val":100,"param":[5]}],"extra":[],"commit_rewards":[[72002,8],[1,500000]],"res":"quest_item_zhaohuan","hide":0},
	"25050":{"id":25050,"name":"远航订单","lev":6,"desc":"接取200次红色远航订单","progress":[{"cli_label":"evt_shipping","target":0,"target_val":200,"param":[5]}],"extra":[],"commit_rewards":[[72002,12],[1,500000]],"res":"quest_item_zhaohuan","hide":0},
	"25060":{"id":25060,"name":"远航订单","lev":6,"desc":"接取500次红色远航订单","progress":[{"cli_label":"evt_shipping","target":0,"target_val":500,"param":[5]}],"extra":[],"commit_rewards":[[72002,12],[1,500000]],"res":"quest_item_zhaohuan","hide":0},
	"26010":{"id":26010,"name":"祭祀小屋","lev":6,"desc":"献祭10个英雄","progress":[{"cli_label":"evt_partner_decompose","target":0,"target_val":10,"param":[]}],"extra":[],"commit_rewards":[[72001,5],[1,50000]],"res":"quest_item_yingxiong","hide":0},
	"26020":{"id":26020,"name":"祭祀小屋","lev":6,"desc":"献祭50个英雄","progress":[{"cli_label":"evt_partner_decompose","target":0,"target_val":50,"param":[]}],"extra":[],"commit_rewards":[[72001,10],[1,100000]],"res":"quest_item_yingxiong","hide":0},
	"26030":{"id":26030,"name":"祭祀小屋","lev":6,"desc":"献祭100个英雄","progress":[{"cli_label":"evt_partner_decompose","target":0,"target_val":100,"param":[]}],"extra":[],"commit_rewards":[[72001,10],[1,100000]],"res":"quest_item_yingxiong","hide":0},
	"26040":{"id":26040,"name":"祭祀小屋","lev":6,"desc":"献祭200个英雄","progress":[{"cli_label":"evt_partner_decompose","target":0,"target_val":200,"param":[]}],"extra":[],"commit_rewards":[[72001,10],[1,100000]],"res":"quest_item_yingxiong","hide":0},
	"26050":{"id":26050,"name":"祭祀小屋","lev":6,"desc":"献祭500个英雄","progress":[{"cli_label":"evt_partner_decompose","target":0,"target_val":500,"param":[]}],"extra":[],"commit_rewards":[[72001,10],[1,100000]],"res":"quest_item_yingxiong","hide":0},
	"26060":{"id":26060,"name":"祭祀小屋","lev":6,"desc":"献祭1000个英雄","progress":[{"cli_label":"evt_partner_decompose","target":0,"target_val":1000,"param":[]}],"extra":[],"commit_rewards":[[72001,10],[1,100000]],"res":"quest_item_yingxiong","hide":0},
	"27010":{"id":27010,"name":"为了公会","lev":6,"desc":"挑战5次公会Boss","progress":[{"cli_label":"evt_guild_dun_fight","target":0,"target_val":5,"param":[]}],"extra":[],"commit_rewards":[[10,100],[1,100000]],"res":"quest_item_guild","hide":0},
	"27020":{"id":27020,"name":"为了公会","lev":6,"desc":"挑战10次公会Boss","progress":[{"cli_label":"evt_guild_dun_fight","target":0,"target_val":10,"param":[]}],"extra":[],"commit_rewards":[[10,100],[1,100000]],"res":"quest_item_guild","hide":0},
	"27030":{"id":27030,"name":"为了公会","lev":6,"desc":"挑战20次公会Boss","progress":[{"cli_label":"evt_guild_dun_fight","target":0,"target_val":20,"param":[]}],"extra":[],"commit_rewards":[[10,100],[1,100000]],"res":"quest_item_guild","hide":0},
	"27040":{"id":27040,"name":"为了公会","lev":6,"desc":"挑战40次公会Boss","progress":[{"cli_label":"evt_guild_dun_fight","target":0,"target_val":40,"param":[]}],"extra":[],"commit_rewards":[[10,100],[1,100000]],"res":"quest_item_guild","hide":0},
	"27050":{"id":27050,"name":"为了公会","lev":6,"desc":"挑战70次公会Boss","progress":[{"cli_label":"evt_guild_dun_fight","target":0,"target_val":70,"param":[]}],"extra":[],"commit_rewards":[[10,100],[1,100000]],"res":"quest_item_guild","hide":0},
	"27060":{"id":27060,"name":"为了公会","lev":6,"desc":"挑战100次公会Boss","progress":[{"cli_label":"evt_guild_dun_fight","target":0,"target_val":100,"param":[]}],"extra":[],"commit_rewards":[[10,100],[1,100000]],"res":"quest_item_guild","hide":0},
	"27070":{"id":27070,"name":"为了公会","lev":6,"desc":"挑战150次公会Boss","progress":[{"cli_label":"evt_guild_dun_fight","target":0,"target_val":150,"param":[]}],"extra":[],"commit_rewards":[[10,100],[1,100000]],"res":"quest_item_guild","hide":0},
	"28010":{"id":28010,"name":"致命一击","lev":6,"desc":"成功击杀1次公会Boss","progress":[{"cli_label":"evt_guild_dun_fight_ko","target":0,"target_val":1,"param":[]}],"extra":[],"commit_rewards":[[10,100],[1,100000]],"res":"quest_item_guild","hide":1},
	"28020":{"id":28020,"name":"致命一击","lev":6,"desc":"成功击杀10次公会Boss","progress":[{"cli_label":"evt_guild_dun_fight_ko","target":0,"target_val":10,"param":[]}],"extra":[],"commit_rewards":[[10,100],[1,100000]],"res":"quest_item_guild","hide":1},
	"28030":{"id":28030,"name":"致命一击","lev":6,"desc":"成功击杀20次公会Boss","progress":[{"cli_label":"evt_guild_dun_fight_ko","target":0,"target_val":20,"param":[]}],"extra":[],"commit_rewards":[[10,100],[1,100000]],"res":"quest_item_guild","hide":1},
	"29010":{"id":29010,"name":"星河神殿","lev":6,"desc":"参与一次星河神殿","progress":[{"cli_label":"evt_primus_fight","target":0,"target_val":1,"param":[]}],"extra":[],"commit_rewards":[[10,100],[1,100000]],"res":"quest_item_guild","hide":0},
	"30010":{"id":30010,"name":"装备收集","lev":6,"desc":"获得5件红色装备","progress":[{"cli_label":"evt_get_item","target":0,"target_val":5,"param":[["eqm_quality",5]]}],"extra":["eqm_quality",5],"commit_rewards":[[72002,5],[1,300000]],"res":"quest_item_eqm","hide":0},
	"30020":{"id":30020,"name":"装备收集","lev":6,"desc":"获得10件红色装备","progress":[{"cli_label":"evt_get_item","target":0,"target_val":10,"param":[["eqm_quality",5]]}],"extra":["eqm_quality",5],"commit_rewards":[[72002,8],[1,300000]],"res":"quest_item_eqm","hide":0},
	"30030":{"id":30030,"name":"装备收集","lev":6,"desc":"获得25件红色装备","progress":[{"cli_label":"evt_get_item","target":0,"target_val":25,"param":[["eqm_quality",5]]}],"extra":["eqm_quality",5],"commit_rewards":[[72002,8],[1,300000]],"res":"quest_item_eqm","hide":0},
	"30040":{"id":30040,"name":"装备收集","lev":6,"desc":"获得50件红色装备","progress":[{"cli_label":"evt_get_item","target":0,"target_val":50,"param":[["eqm_quality",5]]}],"extra":["eqm_quality",5],"commit_rewards":[[72002,12],[1,300000]],"res":"quest_item_eqm","hide":0},
	"30050":{"id":30050,"name":"装备收集","lev":6,"desc":"获得100件红色装备","progress":[{"cli_label":"evt_get_item","target":0,"target_val":100,"param":[["eqm_quality",5]]}],"extra":["eqm_quality",5],"commit_rewards":[[72002,15],[1,300000]],"res":"quest_item_eqm","hide":0},
	"31010":{"id":31010,"name":"战力小成","lev":6,"desc":"总战力达到5万","progress":[{"cli_label":"evt_power","target":0,"target_val":50000,"param":[]}],"extra":[],"commit_rewards":[[72001,5],[1,100000]],"res":"quest_item_yingxiong","hide":0},
	"31020":{"id":31020,"name":"战力小成","lev":6,"desc":"总战力达到10万","progress":[{"cli_label":"evt_power","target":0,"target_val":100000,"param":[]}],"extra":[],"commit_rewards":[[72001,10],[1,100000]],"res":"quest_item_yingxiong","hide":0},
	"31030":{"id":31030,"name":"战力小成","lev":6,"desc":"总战力达到15万","progress":[{"cli_label":"evt_power","target":0,"target_val":150000,"param":[]}],"extra":[],"commit_rewards":[[72001,10],[1,100000]],"res":"quest_item_yingxiong","hide":0},
	"31040":{"id":31040,"name":"战力大成","lev":6,"desc":"总战力达到20万","progress":[{"cli_label":"evt_power","target":0,"target_val":200000,"param":[]}],"extra":[],"commit_rewards":[[72001,10],[1,100000]],"res":"quest_item_yingxiong","hide":0},
	"31050":{"id":31050,"name":"战力大成","lev":6,"desc":"总战力达到25万","progress":[{"cli_label":"evt_power","target":0,"target_val":250000,"param":[]}],"extra":[],"commit_rewards":[[72001,10],[1,100000]],"res":"quest_item_yingxiong","hide":0},
	"31060":{"id":31060,"name":"战力大成","lev":6,"desc":"总战力达到30万","progress":[{"cli_label":"evt_power","target":0,"target_val":300000,"param":[]}],"extra":[],"commit_rewards":[[72001,10],[1,100000]],"res":"quest_item_yingxiong","hide":0},
	"31070":{"id":31070,"name":"战力大成","lev":6,"desc":"总战力达到35万","progress":[{"cli_label":"evt_power","target":0,"target_val":350000,"param":[]}],"extra":[],"commit_rewards":[[72001,10],[1,100000]],"res":"quest_item_yingxiong","hide":0},
	"31080":{"id":31080,"name":"战力大成","lev":6,"desc":"总战力达到40万","progress":[{"cli_label":"evt_power","target":0,"target_val":400000,"param":[]}],"extra":[],"commit_rewards":[[72001,10],[1,100000]],"res":"quest_item_yingxiong","hide":0},
	"31090":{"id":31090,"name":"战力大成","lev":6,"desc":"总战力达到45万","progress":[{"cli_label":"evt_power","target":0,"target_val":450000,"param":[]}],"extra":[],"commit_rewards":[[72001,10],[1,100000]],"res":"quest_item_yingxiong","hide":0},
	"31100":{"id":31100,"name":"战力大成","lev":6,"desc":"总战力达到50万","progress":[{"cli_label":"evt_power","target":0,"target_val":500000,"param":[]}],"extra":[],"commit_rewards":[[72001,10],[1,100000]],"res":"quest_item_yingxiong","hide":0},
	"32010":{"id":32010,"name":"伙伴召集","lev":6,"desc":"获得1个9星英雄","progress":[{"cli_label":"evt_partner","target":0,"target_val":1,"param":[["bind_star",9]]}],"extra":["bind_star",6],"commit_rewards":[[40416,1],[40316,1]],"res":"quest_item_yingxiong","hide":0},
	"32020":{"id":32020,"name":"伙伴召集","lev":6,"desc":"获得1个10星英雄","progress":[{"cli_label":"evt_partner","target":0,"target_val":1,"param":[["bind_star",10]]}],"extra":["bind_star",6],"commit_rewards":[[40216,1],[40116,1]],"res":"quest_item_yingxiong","hide":0},
	"33010":{"id":33010,"name":"竞技高手","lev":6,"desc":"竞技场排行达到前10名","progress":[{"cli_label":"evt_arena_rank","target":10,"target_val":1,"param":[]}],"extra":[],"commit_rewards":[[72001,10],[1,100000]],"res":"quest_item_jianzhu","hide":0},
	"33020":{"id":33020,"name":"竞技宗师","lev":6,"desc":"竞技场排行达到前3名","progress":[{"cli_label":"evt_arena_rank","target":3,"target_val":1,"param":[]}],"extra":[],"commit_rewards":[[72002,5],[1,100000]],"res":"quest_item_jianzhu","hide":0},
	"33030":{"id":33030,"name":"竞技宗师","lev":6,"desc":"竞技场排行达到第2名","progress":[{"cli_label":"evt_arena_rank","target":2,"target_val":1,"param":[]}],"extra":[],"commit_rewards":[[72002,5],[1,100000]],"res":"quest_item_jianzhu","hide":0},
	"33040":{"id":33040,"name":"竞技天王","lev":6,"desc":"竞技场排行达到第1名","progress":[{"cli_label":"evt_arena_rank","target":1,"target_val":1,"param":[]}],"extra":[],"commit_rewards":[[72002,5],[1,100000]],"res":"quest_item_jianzhu","hide":0}
}
}