{"data_info_length" : 53,
"data_info" : {
	"1":{"id":1,"name":"icon_friend","icon_name":"好友","icon_res":"icon_1","type":3,"index":3,"activate":[["lev",5]],"open_type":1,"res_type":1,"icon_effect":"","is_verifyios":1,"desc":"5级开放","is_show":1,"is_limit_action":0,"other_icon_res":""},
	"2":{"id":2,"name":"icon_mail","icon_name":"邮件","icon_res":"icon_2","type":3,"index":2,"activate":[["lev",5]],"open_type":1,"res_type":1,"icon_effect":"","is_verifyios":1,"desc":"5级开放","is_show":1,"is_limit_action":0,"other_icon_res":""},
	"5":{"id":5,"name":"icon__rank","icon_name":"排行榜","icon_res":"icon_5","type":3,"index":1,"activate":[["dun",10100]],"open_type":1,"res_type":1,"icon_effect":"","is_verifyios":0,"desc":"通关卡达尔草原10开放排行榜","is_show":1,"is_limit_action":0,"other_icon_res":""},
	"6":{"id":6,"name":"icon_video","icon_name":"录像馆","icon_res":"icon_4","type":3,"index":4,"activate":[["lev",20]],"open_type":1,"res_type":1,"icon_effect":"","is_verifyios":1,"desc":"20级开放","is_show":1,"is_limit_action":0,"other_icon_res":""},
	"3":{"id":3,"name":"icon_richang","icon_name":"日常","icon_res":"icon_3","type":4,"index":1,"activate":[["lev",6]],"open_type":1,"res_type":1,"icon_effect":"","is_verifyios":1,"desc":"6级开放","is_show":1,"is_limit_action":0,"other_icon_res":""},
	"10":{"id":10,"name":"icon_recharge","icon_name":"充值","icon_res":"icon_55","type":1,"index":1,"activate":[["lev",1]],"open_type":1,"res_type":1,"icon_effect":"","is_verifyios":0,"desc":"1级开放","is_show":1,"is_limit_action":0,"other_icon_res":""},
	"12":{"id":12,"name":"icon_welfare","icon_name":"福利","icon_res":"icon_48","type":1,"index":2,"activate":[["lev",6]],"open_type":1,"res_type":1,"icon_effect":"","is_verifyios":0,"desc":"7级开放","is_show":1,"is_limit_action":0,"other_icon_res":""},
	"13":{"id":13,"name":"icon_activities","icon_name":"限时活动","icon_res":"icon_49","type":1,"index":4,"activate":[["lev",10]],"open_type":1,"res_type":1,"icon_effect":"","is_verifyios":0,"desc":"10级开放","is_show":1,"is_limit_action":0,"other_icon_res":""},
	"14":{"id":14,"name":"icon_champion","icon_name":"冠军赛","icon_res":"icon_16","type":1,"index":23,"activate":[["lev",8]],"open_type":2,"res_type":1,"icon_effect":"","is_verifyios":0,"desc":"8级开放","is_show":1,"is_limit_action":1,"other_icon_res":""},
	"15":{"id":15,"name":"icon_holiday_activities","icon_name":"节日活动","icon_res":"icon_75","type":1,"index":5,"activate":[["lev",10]],"open_type":1,"res_type":1,"icon_effect":"","is_verifyios":0,"desc":"10级开放","is_show":1,"is_limit_action":0,"other_icon_res":""},
	"21":{"id":21,"name":"icon_merge","icon_name":"合服活动","icon_res":"icon_12","type":1,"index":4,"activate":[["lev",990]],"open_type":2,"res_type":1,"icon_effect":"","is_verifyios":0,"desc":"敬请期待","is_show":1,"is_limit_action":0,"other_icon_res":""},
	"22":{"id":22,"name":"icon_guildwar","icon_name":"公会战","icon_res":"icon_12","type":1,"index":5,"activate":[["lev",18]],"open_type":2,"res_type":1,"icon_effect":"","is_verifyios":0,"desc":"18级开放","is_show":1,"is_limit_action":1,"other_icon_res":""},
	"24":{"id":24,"name":"icon_skypvp","icon_name":"天梯争霸","icon_res":"icon_12","type":1,"index":7,"activate":[["lev",990]],"open_type":2,"res_type":1,"icon_effect":"","is_verifyios":0,"desc":"敬请期待","is_show":1,"is_limit_action":0,"other_icon_res":""},
	"501":{"id":501,"name":"icon_day_charge","icon_name":"每日首充","icon_res":"icon_56","type":2,"index":2,"activate":[["lev",10]],"open_type":2,"res_type":1,"icon_effect":"","is_verifyios":0,"desc":"10级开放","is_show":1,"is_limit_action":0,"other_icon_res":""},
	"502":{"id":502,"name":"icon_first_charge","icon_name":"超值首充","icon_res":"icon_10","type":2,"index":3,"activate":[["lev",6]],"open_type":2,"res_type":2,"icon_effect":"E31316","is_verifyios":0,"desc":"6级开放","is_show":1,"is_limit_action":0,"other_icon_res":""},
	"512":{"id":512,"name":"icon_first_charge2","icon_name":"超值首充","icon_res":"icon_10","type":2,"index":3,"activate":[["lev",1]],"open_type":2,"res_type":2,"icon_effect":"E31316","is_verifyios":0,"desc":"1级开放","is_show":1,"is_limit_action":0,"other_icon_res":""},
	"513":{"id":513,"name":"icon_open_server","icon_name":"新服限购","icon_res":"icon_69","type":2,"index":3,"activate":[["lev",10]],"open_type":2,"res_type":1,"icon_effect":"","is_verifyios":0,"desc":"10级开放","is_show":1,"is_limit_action":0,"other_icon_res":""},
	"522":{"id":522,"name":"icon_first_charge3","icon_name":"超值首充","icon_res":"icon_301","type":2,"index":3,"activate":[["lev",1]],"open_type":2,"res_type":2,"icon_effect":"E31327","is_verifyios":0,"desc":"1级开放","is_show":1,"is_limit_action":0,"other_icon_res":""},
	"525":{"id":525,"name":"icon_give_vip","icon_name":"vip免费送","icon_res":"icon_302","type":2,"index":4,"activate":[["lev",1]],"open_type":2,"res_type":2,"icon_effect":"E31328","is_verifyios":0,"desc":"敬请期待","is_show":1,"is_limit_action":0,"other_icon_res":""},
	"526":{"id":526,"name":"icon_super_value","icon_name":"超值礼包","icon_res":"icon_303","type":1,"index":26,"activate":[["lev",1]],"open_type":2,"res_type":1,"icon_effect":"","is_verifyios":0,"desc":"敬请期待","is_show":1,"is_limit_action":0,"other_icon_res":""},
	"527":{"id":527,"name":"icon_privilege_shop","icon_name":"特权商城","icon_res":"icon_304","type":1,"index":25,"activate":[["lev",1]],"open_type":2,"res_type":1,"icon_effect":"","is_verifyios":0,"desc":"敬请期待","is_show":1,"is_limit_action":0,"other_icon_res":""},
	"528":{"id":528,"name":"icon_one_gift","icon_name":"1元礼包","icon_res":"icon_305","type":1,"index":3,"activate":[["lev",7]],"open_type":1,"res_type":1,"icon_effect":"","is_verifyios":0,"desc":"7级开放","is_show":1,"is_limit_action":0,"other_icon_res":""},
	"529":{"id":529,"name":"icon_skin_purchase","icon_name":"水色悠梦","icon_res":"icon_85","type":1,"index":8,"activate":[["lev",35]],"open_type":2,"res_type":1,"icon_effect":"","is_verifyios":0,"desc":"35级开放","is_show":1,"is_limit_action":0,"other_icon_res":""},
	"504":{"id":504,"name":"icon_recruit","icon_name":"风王降临","icon_res":"icon_68","type":1,"index":6,"activate":[["lev",15]],"open_type":2,"res_type":1,"icon_effect":"","is_verifyios":0,"desc":"15级开放","is_show":1,"is_limit_action":0,"other_icon_res":""},
	"100":{"id":100,"name":"icon_download","icon_name":"下载有礼","icon_res":"icon_15","type":1,"index":9,"activate":[["lev",1]],"open_type":2,"res_type":1,"icon_effect":"","is_verifyios":0,"desc":"1级开放","is_show":1,"is_limit_action":0,"other_icon_res":""},
	"110":{"id":110,"name":"icon_authenticate","icon_name":"实名认证","icon_res":"icon_12","type":1,"index":10,"activate":[["lev",990]],"open_type":2,"res_type":1,"icon_effect":"","is_verifyios":0,"desc":"1级开放","is_show":1,"is_limit_action":0,"other_icon_res":""},
	"111":{"id":111,"name":"icon_oppo","icon_name":"游戏中心","icon_res":"icon_81","type":2,"index":12,"activate":[["lev",999]],"open_type":1,"res_type":1,"icon_effect":"","is_verifyios":0,"desc":"1级开放","is_show":1,"is_limit_action":0,"other_icon_res":""},
	"503":{"id":503,"name":"icon_day_goals","icon_name":"七日目标","icon_res":"icon_50","type":1,"index":11,"activate":[["lev",10]],"open_type":2,"res_type":1,"icon_effect":"","is_verifyios":0,"desc":"10级开放","is_show":1,"is_limit_action":0,"other_icon_res":""},
	"505":{"id":505,"name":"icon_login_day","icon_name":"七天登陆","icon_res":"icon_51","type":1,"index":12,"activate":[["lev",5]],"open_type":2,"res_type":1,"icon_effect":"","is_verifyios":0,"desc":"5级开放","is_show":1,"is_limit_action":0,"other_icon_res":""},
	"506":{"id":506,"name":"icon_limit_gift","icon_name":"限时礼包","icon_res":"icon_53","type":1,"index":24,"activate":[["lev",5]],"open_type":2,"res_type":1,"icon_effect":"","is_verifyios":0,"desc":"5级开放","is_show":1,"is_limit_action":1,"other_icon_res":""},
	"507":{"id":507,"name":"icon_fund","icon_name":"超值基金","icon_res":"icon_54","type":1,"index":22,"activate":[["lev",10]],"open_type":2,"res_type":1,"icon_effect":"","is_verifyios":0,"desc":"10级开放","is_show":1,"is_limit_action":0,"other_icon_res":""},
	"905":{"id":905,"name":"icon_charge1","icon_name":"强力橙武","icon_res":"icon_12","type":1,"index":13,"activate":[["lev",990]],"open_type":2,"res_type":1,"icon_effect":"","is_verifyios":0,"desc":"充值10元","is_show":1,"is_limit_action":0,"other_icon_res":""},
	"906":{"id":906,"name":"icon_charge2","icon_name":"全套神装","icon_res":"icon_12","type":1,"index":14,"activate":[["lev",990]],"open_type":2,"res_type":1,"icon_effect":"","is_verifyios":0,"desc":"充值88元","is_show":1,"is_limit_action":0,"other_icon_res":""},
	"907":{"id":907,"name":"icon_days_charge","icon_name":"今日首充","icon_res":"icon_12","type":1,"index":15,"activate":[["lev",990]],"open_type":2,"res_type":1,"icon_effect":"","is_verifyios":0,"desc":"10级开放","is_show":0,"is_limit_action":0,"other_icon_res":""},
	"908":{"id":908,"name":"icon_holiday_sign","icon_name":"元宵登录","icon_res":"icon_62","type":1,"index":16,"activate":[["lev",990]],"open_type":2,"res_type":1,"icon_effect":"","is_verifyios":0,"desc":"5级开放","is_show":1,"is_limit_action":0,"other_icon_res":""},
	"909":{"id":909,"name":"icon_merge_loin","icon_name":"合服登录","icon_res":"icon_12","type":1,"index":17,"activate":[["lev",990]],"open_type":2,"res_type":1,"icon_effect":"","is_verifyios":0,"desc":"10级开放","is_show":1,"is_limit_action":0,"other_icon_res":""},
	"1001":{"id":1001,"name":"icon_18charge","icon_name":"超值直购","icon_res":"icon_12","type":1,"index":18,"activate":[["lev",990]],"open_type":2,"res_type":1,"icon_effect":"","is_verifyios":0,"desc":"10级开放","is_show":0,"is_limit_action":0,"other_icon_res":""},
	"1002":{"id":1002,"name":"icon_dial","icon_name":"幸运探宝","icon_res":"icon_52","type":2,"index":1,"activate":[["lev",10]],"open_type":2,"res_type":1,"icon_effect":"","is_verifyios":0,"desc":"10级开放","is_show":1,"is_limit_action":0,"other_icon_res":""},
	"1003":{"id":1003,"name":"icon_3xinghero1","icon_name":"三星直购","icon_res":"icon_12","type":1,"index":20,"activate":[["lev",990]],"open_type":2,"res_type":1,"icon_effect":"","is_verifyios":0,"desc":"10级开放","is_show":0,"is_limit_action":0,"other_icon_res":""},
	"1004":{"id":1004,"name":"icon_yueyao5lian","icon_name":"月曜5连","icon_res":"","type":1,"index":21,"activate":[["lev",990]],"open_type":2,"res_type":1,"icon_effect":"","is_verifyios":0,"desc":"10级开放","is_show":0,"is_limit_action":0,"other_icon_res":""},
	"1101":{"id":1101,"name":"icon_spring_sign","icon_name":"春节登录","icon_res":"icon_57","type":1,"index":17,"activate":[["lev",990]],"open_type":2,"res_type":1,"icon_effect":"","is_verifyios":0,"desc":"5级开放","is_show":1,"is_limit_action":0,"other_icon_res":""},
	"1102":{"id":1102,"name":"icon_lover_sign","icon_name":"女神节登录","icon_res":"icon_64","type":1,"index":18,"activate":[["lev",990]],"open_type":2,"res_type":1,"icon_effect":"","is_verifyios":0,"desc":"5级开放","is_show":1,"is_limit_action":0,"other_icon_res":""},
	"606":{"id":606,"name":"icon_war_order","icon_name":"勇者征召","icon_res":"icon_71","type":1,"index":12,"activate":[["lev",10]],"open_type":2,"res_type":1,"icon_effect":"","is_verifyios":0,"desc":"10级开放","is_show":1,"is_limit_action":0,"other_icon_res":""},
	"607":{"id":607,"name":"icon_snatch","icon_name":"勇者夺宝","icon_res":"icon_74","type":1,"index":23,"activate":[["lev",10]],"open_type":2,"res_type":1,"icon_effect":"","is_verifyios":0,"desc":"10级开放","is_show":1,"is_limit_action":1,"other_icon_res":""},
	"608":{"id":608,"name":"icon_war_order1","icon_name":"冒险战纪","icon_res":"icon_77","type":1,"index":12,"activate":[["lev",10]],"open_type":2,"res_type":1,"icon_effect":"","is_verifyios":0,"desc":"10级开放","is_show":1,"is_limit_action":0,"other_icon_res":""},
	"609":{"id":609,"name":"icon_war_order2","icon_name":"缤纷盛夏","icon_res":"icon_80","type":1,"index":12,"activate":[["lev",10]],"open_type":2,"res_type":1,"icon_effect":"","is_verifyios":0,"desc":"10级开放","is_show":1,"is_limit_action":0,"other_icon_res":""},
	"801":{"id":801,"name":"icon_return","icon_name":"荣耀回归","icon_res":"icon_82","type":1,"index":11,"activate":[["lev",10]],"open_type":2,"res_type":1,"icon_effect":"","is_verifyios":0,"desc":"10级开放","is_show":1,"is_limit_action":0,"other_icon_res":""},
	"9987":{"id":9987,"name":"icon_gamecollect1","icon_name":"游戏收藏","icon_res":"icon_9997","type":1,"index":9987,"activate":[["shwx_lev",10]],"open_type":1,"res_type":1,"icon_effect":"","is_verifyios":0,"desc":"10级开放","is_show":1,"is_limit_action":0,"other_icon_res":""},
	"9988":{"id":9988,"name":"icon_gamesharing1","icon_name":"游戏分享","icon_res":"icon_9997","type":1,"index":9988,"activate":[["shwx_lev",10]],"open_type":1,"res_type":1,"icon_effect":"","is_verifyios":0,"desc":"10级开放","is_show":1,"is_limit_action":0,"other_icon_res":""},
	"9989":{"id":9989,"name":"icon_wechatgift1","icon_name":"关注有礼","icon_res":"icon_9998","type":1,"index":9989,"activate":[["shwx_lev",10]],"open_type":1,"res_type":1,"icon_effect":"","is_verifyios":0,"desc":"10级开放","is_show":1,"is_limit_action":0,"other_icon_res":""},
	"9997":{"id":9997,"name":"icon_gamesharing","icon_name":"邀请好友","icon_res":"icon_9997","type":1,"index":9997,"activate":[["shrh_lev",10]],"open_type":1,"res_type":1,"icon_effect":"","is_verifyios":0,"desc":"10级开放","is_show":1,"is_limit_action":0,"other_icon_res":""},
	"9998":{"id":9998,"name":"icon_wechatgift","icon_name":"官微福利","icon_res":"icon_9998","type":1,"index":9998,"activate":[["shrh_lev",10]],"open_type":1,"res_type":1,"icon_effect":"","is_verifyios":0,"desc":"10级开放","is_show":1,"is_limit_action":0,"other_icon_res":""},
	"9999":{"id":9999,"name":"icon_verified","icon_name":"实名认证","icon_res":"icon_9999","type":1,"index":9999,"activate":[["shrh_lev",10]],"open_type":1,"res_type":1,"icon_effect":"","is_verifyios":0,"desc":"10级开放","is_show":1,"is_limit_action":0,"other_icon_res":""}
},
"data_base_length" : 7,
"data_base" : {
	"1":{"id":1,"name":"主城","activate":[["lev",1]],"desc":"1级解锁","label":"1级解锁","is_parent":1,"icon_list":[]},
	"2":{"id":2,"name":"英雄","activate":[["lev",1]],"desc":"1级解锁","label":"1级解锁","is_parent":1,"icon_list":[]},
	"3":{"id":3,"name":"背包","activate":[["lev",1]],"desc":"1级解锁","label":"1级解锁","is_parent":1,"icon_list":[]},
	"4":{"id":4,"name":"出击","activate":[["lev",1]],"desc":"1级解锁","label":"1级解锁","is_parent":1,"icon_list":[]},
	"5":{"id":5,"name":"历练","activate":[["lev",15]],"desc":"15级解锁","label":"15级解锁","is_parent":1,"icon_list":[]},
	"6":{"id":6,"name":"公会","activate":[["lev",18]],"desc":"18级解锁","label":"18级解锁","is_parent":1,"icon_list":[]},
	"7":{"id":7,"name":"神器","activate":[["dun",10010]],"desc":"通关卡达尔森林1解锁","label":"1关解锁","is_parent":1,"icon_list":[]}
},
"data_bubble_length" : 2,
"data_bubble" : {"2":[{"min":1,"max":15,"time":15,"list":[["点击传送阵可以进入下一个岛屿探索哦~"],["事件奖励会进入探险背包，结算后才能使用~"],["击败本层Boss后可以通过传送门进入下一层~"],["点我可以更清楚地了解神界冒险~"],["探险背包中的物品可能被他人掠夺~"]]},{"min":16,"max":20,"time":15,"list":[["点击传送阵可以进入下一个岛屿探索哦~"],["事件奖励会进入探险背包，结算后才能使用~"],["击败本层Boss后可以通过传送门进入下一层~"],["点我可以更清楚地了解神界冒险~"],["探险背包中的物品可能被他人掠夺~"]]},{"min":21,"max":50,"time":15,"list":[["点击传送阵可以进入下一个岛屿探索哦~"],["事件奖励会进入探险背包，结算后才能使用~"],["击败本层Boss后可以通过传送门进入下一层~"],["点我可以更清楚地了解神界冒险~"],["探险背包中的物品可能被他人掠夺~"]]},{"min":51,"max":100,"time":15,"list":[["点击传送阵可以进入下一个岛屿探索哦~"],["事件奖励会进入探险背包，结算后才能使用~"],["击败本层Boss后可以通过传送门进入下一层~"],["点我可以更清楚地了解神界冒险~"],["探险背包中的物品可能被他人掠夺~"]]}],
"1":[{"min":1,"max":15,"time":10,"list":[["友情点可以用来在<color=#d95014>商城-积分商城</color>兑换道具哦~"],["别忘了每日一次的<color=#d95014>免费神格许愿</color>！"],["不用的英雄碎片赶紧拿去<color=#d95014>分解</color>啦"],["(一︿一+)打不过对面了怎么办？更换阵法试试？"],["要知道英雄的资质越高，<color=#d95014>初始属性</color>和<color=#d95014>初始成长</color>越高（～ˉ 口 ˉ）～"],["通关星命塔可以解锁新的命格哦"],["背包中的各种礼包别忘记打开哦↓↓↓"],["<color=#d95014>竞技场</color>是各方强者较量的地方，我们可不能落后哦"],["想知道更多的变强秘籍吗？点我查看哦~"],["每日记得给你的好友赠送友情点"],["告诉你个秘密，在<color=#d95014>神界冒险第39层</color>很特别哦~"],["据说还没有冒险者能够达到<color=#d95014>神界冒险最后一层哦</color>"],["拥有的<color=#d95014>命格</color>和<color=#d95014>神器</color>都可以在背包中的特殊栏里查看"],["神器可通过<color=#d95014>重铸或合成</color>来获得新的神器被动技能"],["怎样认识更多的小伙伴？快来加入帮会吧~"],["每日除了一次免费的英雄召唤还有五次金币召唤哦，错过就血亏啦"],["每个竞技场赛季的第<color=#d95014>三</color>和第<color=#d95014>六</color>天都将开启冠军赛，可别错过啦"],["参与冠军赛竞猜获得的冠军积分可在积分商城中兑换稀有道具~"],["星命商店中可兑换稀有命格呢"],["<color=#d95014>阵法的克制关系</color>往往能决定战斗胜负哦"],["偷偷告诉你，友情点也可以兑换<color=#d95014>快速作战券</color>"],["<color=#d95014>神界冒险</color>获取<color=#d95014>金币</color>的主要来源哟"],["竞技场可是个获得<color=#d95014>技能符石</color>的好地方"],["星命塔已通关的楼层可直接扫荡获得奖励"],["<color=#d95014>橙装、万能碎片、神器…</color>神秘商城里都有哦"],["使用了快速作战后可以获得持续十分钟的伤害提升10%的buff加成呢，可要抓紧推图哦"],["注意啦！<color=#d95014>高级被动技能</color>可是会覆盖<color=#d95014>低级被动技能</color>的呢"],["帮会达到<color=#d95014>3级</color>将开启帮会远航"],["<color=#d95014>帮会远航</color>的材料不足时可向盟友求助呢"],["冒险打不过别担心，<color=#d95014>重置本层</color>来积累实力吧~"],["快来加入帮会参与<color=#d95014>帮会战</color>吧"],["快去<color=#d95014>限时活动</color>看看有哪些限时玩法吧"],["每个英雄最多能<color=#d95014>羁绊2种</color>星命"],["不用的道具可出售换取<color=#d95014>金币</color>哟"]]},{"min":16,"max":20,"time":15,"list":[["友情点可以用来在<color=#d95014>商城-积分商城</color>兑换道具哦~"],["别忘了每日一次的<color=#d95014>免费神格许愿</color>！"],["不用的英雄碎片赶紧拿去<color=#d95014>分解</color>啦"],["(一︿一+)打不过对面了怎么办？更换阵法试试？"],["要知道英雄的资质越高，<color=#d95014>初始属性</color>和<color=#d95014>初始成长</color>越高（～ˉ 口 ˉ）～"],["通关星命塔可以解锁新的命格哦"],["背包中的各种礼包别忘记打开哦↓↓↓"],["<color=#d95014>竞技场</color>是各方强者较量的地方，我们可不能落后哦"],["想知道更多的变强秘籍吗？点我查看哦~"],["每日记得给你的好友赠送友情点"],["告诉你个秘密，在<color=#d95014>神界冒险第39层</color>很特别哦~"],["据说还没有冒险者能够达到<color=#d95014>神界冒险最后一层哦</color>"],["拥有的<color=#d95014>命格</color>和<color=#d95014>神器</color>都可以在背包中的特殊栏里查看"],["神器可通过<color=#d95014>重铸或合成</color>来获得新的神器被动技能"],["怎样认识更多的小伙伴？快来加入帮会吧~"],["每日除了一次免费的英雄召唤还有五次金币召唤哦，错过就血亏啦"],["每个竞技场赛季的第<color=#d95014>三</color>和第<color=#d95014>六</color>天都将开启冠军赛，可别错过啦"],["参与冠军赛竞猜获得的冠军积分可在积分商城中兑换稀有道具~"],["星命商店中可兑换稀有命格呢"],["<color=#d95014>阵法的克制关系</color>往往能决定战斗胜负哦"],["偷偷告诉你，友情点也可以兑换<color=#d95014>快速作战券</color>"],["<color=#d95014>神界冒险</color>获取<color=#d95014>金币</color>的主要来源哟"],["竞技场可是个获得<color=#d95014>技能符石</color>的好地方"],["星命塔已通关的楼层可直接扫荡获得奖励"],["<color=#d95014>橙装、万能碎片、神器…</color>神秘商城里都有哦"],["使用了快速作战后可以获得持续十分钟的伤害提升10%的buff加成呢，可要抓紧推图哦"],["注意啦！<color=#d95014>高级被动技能</color>可是会覆盖<color=#d95014>低级被动技能</color>的呢"],["帮会达到<color=#d95014>3级</color>将开启帮会远航"],["<color=#d95014>帮会远航</color>的材料不足时可向盟友求助呢"],["冒险打不过别担心，<color=#d95014>重置本层</color>来积累实力吧~"],["快来加入帮会参与<color=#d95014>帮会战</color>吧"],["快去<color=#d95014>限时活动</color>看看有哪些限时玩法吧"],["每个英雄最多能<color=#d95014>羁绊2种</color>星命"],["不用的道具可出售换取<color=#d95014>金币</color>哟"]]},{"min":21,"max":50,"time":15,"list":[["友情点可以用来在<color=#d95014>商城-积分商城</color>兑换道具哦~"],["别忘了每日一次的<color=#d95014>免费神格许愿</color>！"],["不用的英雄碎片赶紧拿去<color=#d95014>分解</color>啦"],["(一︿一+)打不过对面了怎么办？更换阵法试试？"],["要知道英雄的资质越高，<color=#d95014>初始属性</color>和<color=#d95014>初始成长</color>越高（～ˉ 口 ˉ）～"],["通关星命塔可以解锁新的命格哦"],["背包中的各种礼包别忘记打开哦↓↓↓"],["<color=#d95014>竞技场</color>是各方强者较量的地方，我们可不能落后哦"],["想知道更多的变强秘籍吗？点我查看哦~"],["每日记得给你的好友赠送友情点"],["告诉你个秘密，在<color=#d95014>神界冒险第39层</color>很特别哦~"],["据说还没有冒险者能够达到<color=#d95014>神界冒险最后一层哦</color>"],["拥有的<color=#d95014>命格</color>和<color=#d95014>神器</color>都可以在背包中的特殊栏里查看"],["神器可通过<color=#d95014>重铸或合成</color>来获得新的神器被动技能"],["怎样认识更多的小伙伴？快来加入帮会吧~"],["每日除了一次免费的英雄召唤还有五次金币召唤哦，错过就血亏啦"],["每个竞技场赛季的第<color=#d95014>三</color>和第<color=#d95014>六</color>天都将开启冠军赛，可别错过啦"],["参与冠军赛竞猜获得的冠军积分可在积分商城中兑换稀有道具~"],["星命商店中可兑换稀有命格呢"],["<color=#d95014>阵法的克制关系</color>往往能决定战斗胜负哦"],["偷偷告诉你，友情点也可以兑换<color=#d95014>快速作战券</color>"],["<color=#d95014>神界冒险</color>获取<color=#d95014>金币</color>的主要来源哟"],["竞技场可是个获得<color=#d95014>技能符石</color>的好地方"],["星命塔已通关的楼层可直接扫荡获得奖励"],["<color=#d95014>橙装、万能碎片、神器…</color>神秘商城里都有哦"],["使用了快速作战后可以获得持续十分钟的伤害提升10%的buff加成呢，可要抓紧推图哦"],["注意啦！<color=#d95014>高级被动技能</color>可是会覆盖<color=#d95014>低级被动技能</color>的呢"],["帮会达到<color=#d95014>3级</color>将开启帮会远航"],["<color=#d95014>帮会远航</color>的材料不足时可向盟友求助呢"],["冒险打不过别担心，<color=#d95014>重置本层</color>来积累实力吧~"],["快来加入帮会参与<color=#d95014>帮会战</color>吧"],["快去<color=#d95014>限时活动</color>看看有哪些限时玩法吧"],["每个英雄最多能<color=#d95014>羁绊2种</color>星命"],["不用的道具可出售换取<color=#d95014>金币</color>哟"]]},{"min":51,"max":100,"time":15,"list":[["友情点可以用来在<color=#d95014>商城-积分商城</color>兑换道具哦~"],["别忘了每日一次的<color=#d95014>免费神格许愿</color>！"],["不用的英雄碎片赶紧拿去<color=#d95014>分解</color>啦"],["(一︿一+)打不过对面了怎么办？更换阵法试试？"],["要知道英雄的资质越高，<color=#d95014>初始属性</color>和<color=#d95014>初始成长</color>越高（～ˉ 口 ˉ）～"],["通关星命塔可以解锁新的命格哦"],["背包中的各种礼包别忘记打开哦↓↓↓"],["<color=#d95014>竞技场</color>是各方强者较量的地方，我们可不能落后哦"],["想知道更多的变强秘籍吗？点我查看哦~"],["每日记得给你的好友赠送友情点"],["告诉你个秘密，在<color=#d95014>神界冒险第39层</color>很特别哦~"],["据说还没有冒险者能够达到<color=#d95014>神界冒险最后一层哦</color>"],["拥有的<color=#d95014>命格</color>和<color=#d95014>神器</color>都可以在背包中的特殊栏里查看"],["神器可通过<color=#d95014>重铸或合成</color>来获得新的神器被动技能"],["怎样认识更多的小伙伴？快来加入帮会吧~"],["每日除了一次免费的英雄召唤还有五次金币召唤哦，错过就血亏啦"],["每个竞技场赛季的第<color=#d95014>三</color>和第<color=#d95014>六</color>天都将开启冠军赛，可别错过啦"],["参与冠军赛竞猜获得的冠军积分可在积分商城中兑换稀有道具~"],["星命商店中可兑换稀有命格呢"],["<color=#d95014>阵法的克制关系</color>往往能决定战斗胜负哦"],["偷偷告诉你，友情点也可以兑换<color=#d95014>快速作战券</color>"],["<color=#d95014>神界冒险</color>获取<color=#d95014>金币</color>的主要来源哟"],["竞技场可是个获得<color=#d95014>技能符石</color>的好地方"],["星命塔已通关的楼层可直接扫荡获得奖励"],["<color=#d95014>橙装、万能碎片、神器…</color>神秘商城里都有哦"],["使用了快速作战后可以获得持续十分钟的伤害提升10%的buff加成呢，可要抓紧推图哦"],["注意啦！<color=#d95014>高级被动技能</color>可是会覆盖<color=#d95014>低级被动技能</color>的呢"],["帮会达到<color=#d95014>3级</color>将开启帮会远航"],["<color=#d95014>帮会远航</color>的材料不足时可向盟友求助呢"],["冒险打不过别担心，<color=#d95014>重置本层</color>来积累实力吧~"],["快来加入帮会参与<color=#d95014>帮会战</color>吧"],["快去<color=#d95014>限时活动</color>看看有哪些限时玩法吧"],["每个英雄最多能<color=#d95014>羁绊2种</color>星命"],["不用的道具可出售换取<color=#d95014>金币</color>哟"]]}]
},
"data_special_bubble_length" : 6,
"data_special_bubble" : [
{"desc":"冒险家你好呀！今天也是朝气满满的一天！注意要多多提升自己的实力，别偷懒哦~"},
{"desc":"冒险家你好呀，今天一切顺利吗？"},
{"desc":"冒险者你好，刚刚10号小助手让我提醒你别忘了今天的竞技场哦~"},
{"desc":"冒险者好呀，10号小助手已就位啦，我不会告诉你点我可以变强的"},
{"desc":"这里是小助手9527号。<color=#d95014>点...点我...可...可以......</color>"},
{"desc":"这里是Alpha·小助，点我查看如何变的更强哦~"}
],
"data_festval_const_length" : 2,
"data_festval_const" : {
	"991011":{"pos":[[360,944]],"color":"35ff14ff"},
	"991025":{"pos":[[360,942]],"color":"ffd6dc"}
},
"data_limit_change_const_length" : 5,
"data_limit_change_const" : {
	"93010":{"title_color":"e7dcff","time_color1":"ffffffff","time_color2":"249003","has_prop_color":"e7d499","bg_name":"txt_cn_action_limit_change_panel10"},
	"93011":{"title_color":"d3fbff","time_color1":"ffffffff","time_color2":"249003","has_prop_color":"e7d499","bg_name":"txt_cn_action_limit_change_panel7"},
	"93012":{"title_color":"e7d499","time_color1":"ffffffff","time_color2":"249003","has_prop_color":"e7d499","bg_name":"txt_cn_action_limit_change_panel8"},
	"93017":{"title_color":"f8e5b6","time_color1":"ffffffff","time_color2":"249003","has_prop_color":"f8e5b6","bg_name":"txt_cn_action_limit_change_panel9"},
	"93003":{"title_color":"e7d499","time_color1":"ffffffff","time_color2":"249003","has_prop_color":"e7d499","bg_name":"txt_cn_action_limit_change_panel"}
},
"data_limit_little_recharge_length" : 3,
"data_limit_little_recharge" : {
	"991030":{"time_title_color":"e2fbff","time_stroke_color":"002c5a","common_color":"643223","bg_name":"txt_cn_action_high_value_gift_panel","send_data":[]},
	"991033":{"time_title_color":"e2fbff","time_stroke_color":"002c5a","common_color":"643223","bg_name":"txt_cn_action_high_value_gift_panel","send_data":[]},
	"991034":{"time_title_color":"fff5e2","time_stroke_color":"000000","common_color":"643223","bg_name":"txt_cn_action_high_value_gift_panel2","send_data":[[10450,5000]]}
},
"data_convert_icon_length" : 15,
"data_convert_icon" : {
	"hailajianglin":{"type_name":"hailajianglin","icon_name":"海拉降临","icon_res":"icon_78"},
	"zongxiaduanwu":{"type_name":"zongxiaduanwu","icon_name":"粽夏端午","icon_res":"icon_79"},
	"xiarikuanghuan":{"type_name":"xiarikuanghuan","icon_name":"夏日狂欢","icon_res":"icon_70"},
	"chaomengsongguo":{"type_name":"chaomengsongguo","icon_name":"超萌松果","icon_res":"icon_83"},
	"shengxiashiguang":{"type_name":"shengxiashiguang","icon_name":"盛夏时光","icon_res":"icon_73"},
	"yulongjinjia":{"type_name":"yulongjinjia","icon_name":"御龙金甲","icon_res":"icon_84"},
	"zhulangyixia":{"type_name":"zhulangyixia","icon_name":"逐浪一夏","icon_res":"icon_70"},
	"qingcongxiari":{"type_name":"qingcongxiari","icon_name":"夏日狂欢","icon_res":"icon_60"},
	"shengxiazhimeng":{"type_name":"shengxiazhimeng","icon_name":"盛夏之梦","icon_res":"icon_59"},
	"luojijianglin":{"type_name":"luojijianglin","icon_name":"洛基降临","icon_res":"icon_64"},
	"zhongqiu":{"type_name":"zhongqiu","icon_name":"花好月圆","icon_res":"icon_95"},
	"yingxinji":{"type_name":"yingxinji","icon_name":"迎新季","icon_res":"icon_94"},
	"shenqiuhaoli":{"type_name":"shenqiuhaoli","icon_name":"深秋好礼","icon_res":"icon_62"},
	"huahuoyinqiu":{"type_name":"huahuoyinqiu","icon_name":"秋季庆典","icon_res":"icon_98"},
	"jinqiushijie":{"type_name":"jinqiushijie","icon_name":"金秋时节","icon_res":"icon_100"}
}
}