{"data_title_length" : 45,
"data_title" : {
	"90003":{"base_id":90003,"name":"最强王者","group":1001,"loss":[[50012,1]],"desc":"冠军赛排名第一","expire_time":5760,"is_panel":1,"is_show":1,"res_id":13,"attr":[["hp_max",1200],["atk",250]],"add_exp":0,"source":42},
	"90004":{"base_id":90004,"name":"星辰勇者","group":1002,"loss":[[50013,1]],"desc":"冠军赛排名第二","expire_time":5760,"is_panel":1,"is_show":1,"res_id":14,"attr":[["hp_max",800],["atk",150]],"add_exp":0,"source":42},
	"90005":{"base_id":90005,"name":"苍蓝斗士","group":1003,"loss":[[50014,1]],"desc":"冠军赛排名第三","expire_time":5760,"is_panel":1,"is_show":1,"res_id":15,"attr":[["hp_max",500],["atk",100]],"add_exp":0,"source":42},
	"90006":{"base_id":90006,"name":"大探险家","group":1004,"loss":[[50101,1]],"desc":"七天排行剧情进度第一","expire_time":0,"is_panel":1,"is_show":0,"res_id":6,"attr":[["hp_max",300],["atk",60],["def",45]],"add_exp":0,"source":0},
	"90007":{"base_id":90007,"name":"爬塔达人","group":1005,"loss":[[50102,1]],"desc":"七天排行星命塔第一","expire_time":0,"is_panel":1,"is_show":0,"res_id":7,"attr":[["hp_max",300],["atk",60],["def",45]],"add_exp":0,"source":44},
	"90008":{"base_id":90008,"name":"竞技天王","group":1006,"loss":[[50103,1]],"desc":"七天排行竞技场第一","expire_time":0,"is_panel":1,"is_show":0,"res_id":8,"attr":[["hp_max",300],["atk",60],["def",45]],"add_exp":0,"source":42},
	"90009":{"base_id":90009,"name":"地表最强","group":1007,"loss":[[50104,1]],"desc":"七天排行战力排名第一","expire_time":0,"is_panel":1,"is_show":0,"res_id":9,"attr":[["hp_max",300],["atk",60],["def",45]],"add_exp":0,"source":0},
	"90010":{"base_id":90010,"name":"星耀之灵","group":1008,"loss":[[50105,1]],"desc":"七天排行星命评分第一","expire_time":0,"is_panel":1,"is_show":0,"res_id":10,"attr":[["hp_max",300],["atk",60],["def",45]],"add_exp":0,"source":45},
	"90011":{"base_id":90011,"name":"最强英雄","group":1009,"loss":[[50106,1]],"desc":"七天排行英雄战力第一","expire_time":0,"is_panel":1,"is_show":0,"res_id":11,"attr":[["hp_max",300],["atk",60],["def",45]],"add_exp":0,"source":0},
	"90012":{"base_id":90012,"name":"翱游神界","group":1010,"loss":[[50107,1]],"desc":"七天排行神界冒险第一","expire_time":0,"is_panel":1,"is_show":0,"res_id":12,"attr":[["hp_max",300],["atk",60],["def",45]],"add_exp":0,"source":46},
	"90013":{"base_id":90013,"name":"寻宝专家","group":1033,"loss":[[50108,1]],"desc":"七天排行寻宝第一","expire_time":0,"is_panel":1,"is_show":0,"res_id":100,"attr":[["hp_max",300],["atk",60],["def",45]],"add_exp":0,"source":0},
	"90100":{"base_id":90100,"name":"爬塔新手","group":1011,"loss":[[50200,1]],"desc":"星命塔通关10层后获得","expire_time":0,"is_panel":0,"is_show":0,"res_id":16,"attr":[["hp_max",100],["atk",20]],"add_exp":0,"source":44},
	"90101":{"base_id":90101,"name":"节节攀升","group":1012,"loss":[[50200,1]],"desc":"星命塔通关30层后获得","expire_time":0,"is_panel":0,"is_show":0,"res_id":17,"attr":[["hp_max",100],["atk",20],["def",15]],"add_exp":0,"source":44},
	"90102":{"base_id":90102,"name":"爬塔能手","group":1013,"loss":[[50200,1]],"desc":"星命塔通关50层后获得","expire_time":0,"is_panel":0,"is_show":0,"res_id":18,"attr":[["hp_max",100],["atk",20],["def",15]],"add_exp":0,"source":44},
	"90103":{"base_id":90103,"name":"一览无穷","group":1014,"loss":[[50200,1]],"desc":"星命塔通关70层后获得","expire_time":0,"is_panel":0,"is_show":0,"res_id":19,"attr":[["hp_max",200],["atk",40],["def",30]],"add_exp":0,"source":44},
	"90104":{"base_id":90104,"name":"突破天际","group":1015,"loss":[[50200,1]],"desc":"星命塔通关90层后获得","expire_time":0,"is_panel":0,"is_show":0,"res_id":20,"attr":[["hp_max",300],["atk",60],["def",45]],"add_exp":0,"source":44},
	"90105":{"base_id":90105,"name":"越战越勇","group":1016,"loss":[[50200,1]],"desc":"星命塔通关110层后获得","expire_time":0,"is_panel":0,"is_show":0,"res_id":21,"attr":[["hp_max",300],["atk",60],["def",45]],"add_exp":0,"source":44},
	"90106":{"base_id":90106,"name":"冠军之心","group":1017,"loss":[[50301,1]],"desc":"竞猜商店兑换获得","expire_time":0,"is_panel":1,"is_show":0,"res_id":22,"attr":[["hp_max",300],["atk",60],["def",45]],"add_exp":0,"source":81},
	"90401":{"base_id":90401,"name":"破军之巅","group":1018,"loss":[[50401,1]],"desc":"无尽试炼排行榜排名第一","expire_time":1440,"is_panel":1,"is_show":0,"res_id":23,"attr":[["hp_max",300],["atk",60],["def",45]],"add_exp":0,"source":90},
	"90402":{"base_id":90402,"name":"不屈意志","group":1019,"loss":[[50402,1]],"desc":"无尽试炼排行榜排名第二","expire_time":1440,"is_panel":1,"is_show":0,"res_id":24,"attr":[["hp_max",200],["atk",40],["def",30]],"add_exp":0,"source":90},
	"90403":{"base_id":90403,"name":"初露锋芒","group":1020,"loss":[[50403,1]],"desc":"无尽试炼排行榜排名第三","expire_time":1440,"is_panel":1,"is_show":0,"res_id":25,"attr":[["hp_max",100],["atk",20],["def",15]],"add_exp":0,"source":90},
	"90501":{"base_id":90501,"name":"冰天雪地","group":1021,"loss":[[50501,1]],"desc":"神将限时兑换活动获得","expire_time":0,"is_panel":1,"is_show":0,"res_id":26,"attr":[["hp_max",200],["atk",40],["def",30]],"add_exp":0,"source":0},
	"90502":{"base_id":90502,"name":"黑暗世界","group":1022,"loss":[[50502,1]],"desc":"神将限时兑换活动获得","expire_time":0,"is_panel":1,"is_show":0,"res_id":27,"attr":[["hp_max",200],["atk",40],["def",30]],"add_exp":0,"source":0},
	"90601":{"base_id":90601,"name":"战场勇者","group":1023,"loss":[[50601,1]],"desc":"众神战场第三名","expire_time":1440,"is_panel":1,"is_show":0,"res_id":28,"attr":[["hp_max",100],["atk",20],["def",15]],"add_exp":0,"source":0},
	"90602":{"base_id":90602,"name":"战场霸主","group":1024,"loss":[[50602,1]],"desc":"众神战场第二名","expire_time":1440,"is_panel":1,"is_show":0,"res_id":29,"attr":[["hp_max",200],["atk",40],["def",30]],"add_exp":0,"source":0},
	"90603":{"base_id":90603,"name":"不败神话","group":1025,"loss":[[50603,1]],"desc":"众神战场第一名","expire_time":1440,"is_panel":1,"is_show":0,"res_id":30,"attr":[["hp_max",300],["atk",60],["def",45]],"add_exp":0,"source":0},
	"90701":{"base_id":90701,"name":"耀眼光芒","group":1026,"loss":[[50111,1]],"desc":"跨服七天排行宝石等级第一","expire_time":0,"is_panel":1,"is_show":0,"res_id":31,"attr":[["hp_max",300],["atk",60],["def",45]],"add_exp":0,"source":0},
	"90702":{"base_id":90702,"name":"圣器王者","group":1027,"loss":[[50112,1]],"desc":"跨服七天排行圣器战力第一","expire_time":0,"is_panel":1,"is_show":0,"res_id":32,"attr":[["hp_max",300],["atk",60],["def",45]],"add_exp":0,"source":100},
	"90703":{"base_id":90703,"name":"观星大师","group":1028,"loss":[[50113,1]],"desc":"跨服七天排行观星次数第一","expire_time":0,"is_panel":1,"is_show":0,"res_id":33,"attr":[["hp_max",300],["atk",60],["def",45]],"add_exp":0,"source":45},
	"90704":{"base_id":90704,"name":"试炼之王","group":1029,"loss":[[50114,1]],"desc":"跨服七天排行无尽试炼第一","expire_time":0,"is_panel":1,"is_show":0,"res_id":34,"attr":[["hp_max",300],["atk",60],["def",45]],"add_exp":0,"source":90},
	"90705":{"base_id":90705,"name":"英雄无敌","group":1030,"loss":[[50115,1]],"desc":"跨服七天排行召唤次数第一","expire_time":0,"is_panel":1,"is_show":0,"res_id":35,"attr":[["hp_max",300],["atk",60],["def",45]],"add_exp":0,"source":1},
	"90706":{"base_id":90706,"name":"战力至上","group":1031,"loss":[[50116,1]],"desc":"跨服七天排行英雄战力第一","expire_time":0,"is_panel":1,"is_show":0,"res_id":36,"attr":[["hp_max",300],["atk",60],["def",45]],"add_exp":0,"source":0},
	"90707":{"base_id":90707,"name":"最强土豪","group":1032,"loss":[[50117,1]],"desc":"跨服七天排行蓝钻消耗第一","expire_time":0,"is_panel":1,"is_show":0,"res_id":37,"attr":[["hp_max",300],["atk",60],["def",45]],"add_exp":0,"source":0},
	"90801":{"base_id":90801,"name":"万殿之巅","group":1050,"loss":[[50701,1]],"desc":"在星河神殿占有“万殿之巅”神位","expire_time":0,"is_panel":1,"is_show":1,"res_id":38,"attr":[["hp_max_per",30],["atk_per",30]],"add_exp":0,"source":102},
	"90802":{"base_id":90802,"name":"泰坦神耀","group":1051,"loss":[[50702,1]],"desc":"在星河神殿占有“泰坦之耀”神位","expire_time":0,"is_panel":1,"is_show":1,"res_id":39,"attr":[["hp_max_per",20],["atk_per",20]],"add_exp":0,"source":102},
	"90803":{"base_id":90803,"name":"瀚海星灵","group":1052,"loss":[[50703,1]],"desc":"在星河神殿占有“瀚海星灵”神位","expire_time":0,"is_panel":1,"is_show":1,"res_id":40,"attr":[["hp_max_per",10],["atk_per",10]],"add_exp":0,"source":102},
	"90901":{"base_id":90901,"name":"寻宝幸运星","group":1053,"loss":[[50302,1]],"desc":"幸运探宝活动中获得","expire_time":0,"is_panel":1,"is_show":0,"res_id":41,"attr":[["hp_max",300],["atk",60],["def",45]],"add_exp":0,"source":0},
	"90902":{"base_id":90902,"name":"最强幸运星","group":1054,"loss":[[50303,1]],"desc":"幸运探宝活动中获得","expire_time":0,"is_panel":1,"is_show":0,"res_id":42,"attr":[["hp_max",300],["atk",60],["def",45]],"add_exp":0,"source":0},
	"90903":{"base_id":90903,"name":"神之眷顾","group":1055,"loss":[[50304,1]],"desc":"幸运探宝活动中获得","expire_time":0,"is_panel":1,"is_show":0,"res_id":43,"attr":[["hp_max",300],["atk",60],["def",45]],"add_exp":0,"source":0},
	"91001":{"base_id":91001,"name":"登峰造极","group":1056,"loss":[[50801,1]],"desc":"跨服天梯-第一名获得","expire_time":10080,"is_panel":1,"is_show":0,"res_id":44,"attr":[["hp_max",1200],["atk",250]],"add_exp":0,"source":0},
	"91002":{"base_id":91002,"name":"名列前茅","group":1057,"loss":[[50802,1]],"desc":"跨服天梯-第二名获得","expire_time":10080,"is_panel":1,"is_show":0,"res_id":45,"attr":[["hp_max",800],["atk",150]],"add_exp":0,"source":0},
	"91003":{"base_id":91003,"name":"天梯达人","group":1058,"loss":[[50803,1]],"desc":"跨服天梯-第三名获得","expire_time":10080,"is_panel":1,"is_show":0,"res_id":46,"attr":[["hp_max",500],["atk",100]],"add_exp":0,"source":0},
	"92001":{"base_id":92001,"name":"闪烁之光","group":1060,"loss":[[50305,1]],"desc":"新服活动中获得","expire_time":0,"is_panel":1,"is_show":0,"res_id":101,"attr":[["hp_max",300],["atk",60],["def",45]],"add_exp":100,"source":0},
	"99003":{"base_id":99003,"name":"花灯福愿","group":1061,"loss":[[50901,1]],"desc":"2019年元宵活动纪念称号","expire_time":0,"is_panel":1,"is_show":1,"res_id":48,"attr":[["hp_max",10],["atk",10]],"add_exp":0,"source":0},
	"99011":{"base_id":99011,"name":"潮汐猎人","group":1069,"loss":[[50909,1]],"desc":"在“缤纷盛夏”活动中获得，是成功完成盛夏考验的象征","expire_time":43200,"is_panel":1,"is_show":1,"res_id":62,"attr":[["hp_max_per",20],["atk_per",20]],"add_exp":0,"source":0}
}
}