{
	"2" : {
		"id":2
		,"res_id":"centercity_2"
		,"layer_sum":1
		,"name":"主城_2"
		,"width":720
		,"height":1280
		,"building_list":[
			{"bid":1,"name":"商城","res":"1","dun_id":10010,"x":503,"y":582,"name_x":100,"name_y":100,"dir":0,"type":1,"layer":1}
			,{"bid":2,"name":"铁匠铺","res":"2","dun_id":10010,"x":97,"y":708,"name_x":100,"name_y":100,"dir":0,"type":1,"layer":1}
			,{"bid":3,"name":"竞技场","res":"3","dun_id":10010,"x":608,"y":517,"name_x":100,"name_y":100,"dir":0,"type":1,"layer":1}
			,{"bid":4,"name":"试练塔","res":"4","dun_id":10010,"x":511,"y":886,"name_x":100,"name_y":100,"dir":0,"type":1,"layer":1}
			,{"bid":5,"name":"召唤","res":"5","dun_id":10010,"x":317,"y":449,"name_x":100,"name_y":100,"dir":0,"type":1,"layer":1}
			,{"bid":6,"name":"融合祭坛","res":"6","dun_id":10010,"x":176,"y":850,"name_x":100,"name_y":100,"dir":0,"type":1,"layer":1}
			,{"bid":7,"name":"祭祀小屋","res":"7","dun_id":10010,"x":679,"y":803,"name_x":100,"name_y":100,"dir":0,"type":1,"layer":1}
			,{"bid":8,"name":"先知圣殿","res":"8","dun_id":10010,"x":418,"y":733,"name_x":100,"name_y":100,"dir":0,"type":1,"layer":1}
			,{"bid":9,"name":"图书馆","res":"9","dun_id":10010,"x":271,"y":705,"name_x":100,"name_y":100,"dir":0,"type":1,"layer":1}
			,{"bid":10,"name":"杂货店","res":"10","dun_id":10010,"x":124,"y":429,"name_x":100,"name_y":100,"dir":0,"type":1,"layer":1}
		]
	},
	"1" : {
		"id":1
		,"res_id":"centercity"
		,"layer_sum":4
		,"name":"主城"
		,"width":1440
		,"height":1280
		,"building_list":[
			{"bid":4,"name":"试炼塔图标","res":"4","dun_id":0,"x":923,"y":832,"name_x":100,"name_y":100,"dir":0,"type":1,"layer":3}
			,{"bid":5,"name":"召唤图标","res":"5","dun_id":0,"x":924,"y":369,"name_x":100,"name_y":100,"dir":0,"type":1,"layer":2}
			,{"bid":3,"name":"竞技场图标","res":"3","dun_id":0,"x":796,"y":697,"name_x":100,"name_y":100,"dir":0,"type":1,"layer":2}
			,{"bid":6,"name":"融合神殿图标","res":"6","dun_id":0,"x":996,"y":573,"name_x":100,"name_y":100,"dir":0,"type":1,"layer":2}
			,{"bid":8,"name":"先知圣殿图标","res":"8","dun_id":0,"x":1218,"y":571,"name_x":100,"name_y":100,"dir":0,"type":1,"layer":2}
			,{"bid":1,"name":"商店图标","res":"1","dun_id":0,"x":440,"y":524,"name_x":100,"name_y":100,"dir":0,"type":1,"layer":2}
			,{"bid":2,"name":"锻造屋图标","res":"2","dun_id":0,"x":868,"y":529,"name_x":100,"name_y":100,"dir":0,"type":1,"layer":2}
			,{"bid":99,"name":"召唤水晶球","res":"E50061","dun_id":0,"x":840,"y":235,"name_x":100,"name_y":100,"dir":0,"type":2,"layer":2}
			,{"bid":98,"name":"试练塔光柱","res":"E50060","dun_id":0,"x":999,"y":934,"name_x":100,"name_y":100,"dir":0,"type":2,"layer":3}
			,{"bid":97,"name":"召唤水池","res":"E50063","dun_id":0,"x":1065,"y":385,"name_x":100,"name_y":100,"dir":0,"type":2,"layer":2}
			,{"bid":96,"name":"房子光","res":"E50062","dun_id":0,"x":139,"y":286,"name_x":100,"name_y":100,"dir":0,"type":2,"layer":2}
			,{"bid":107,"name":"召唤小人","res":"E50066","dun_id":0,"x":837,"y":228,"name_x":100,"name_y":100,"dir":0,"type":2,"layer":2}
			,{"bid":94,"name":"落叶1","res":"E50067","dun_id":1,"x":0,"y":0,"name_x":100,"name_y":100,"dir":0,"type":2,"layer":2}
			,{"bid":93,"name":"白鸽1","res":"E54509","dun_id":1,"x":0,"y":0,"name_x":100,"name_y":100,"dir":0,"type":2,"layer":2}
			,{"bid":92,"name":"星光夜晚","res":"E54530","dun_id":2,"x":736,"y":635,"name_x":100,"name_y":100,"dir":0,"type":2,"layer":4}
			,{"bid":91,"name":"商店灯夜晚","res":"E54531","dun_id":2,"x":718,"y":588,"name_x":100,"name_y":100,"dir":0,"type":2,"layer":2}
			,{"bid":89,"name":"召唤水池夜晚","res":"E54532","dun_id":2,"x":683,"y":589,"name_x":100,"name_y":100,"dir":0,"type":2,"layer":2}
			,{"bid":100,"name":"飞龙","res":"E54512","dun_id":0,"x":794,"y":885,"name_x":100,"name_y":100,"dir":0,"type":2,"layer":3}
			,{"bid":102,"name":"图书白天","res":"E54513","dun_id":1,"x":1270,"y":381,"name_x":100,"name_y":100,"dir":0,"type":3,"layer":2}
			,{"bid":103,"name":"猫咪白天","res":"E54510","dun_id":1,"x":381,"y":137,"name_x":100,"name_y":100,"dir":0,"type":3,"layer":1}
			,{"bid":86,"name":"猫咪夜晚","res":"E54516","dun_id":2,"x":1082,"y":188,"name_x":100,"name_y":100,"dir":0,"type":2,"layer":2}
			,{"bid":87,"name":"灯萤火虫夜","res":"E54533","dun_id":2,"x":506,"y":94,"name_x":100,"name_y":100,"dir":0,"type":2,"layer":1}
			,{"bid":104,"name":"商店门","res":"E54514","dun_id":0,"x":529,"y":348,"name_x":100,"name_y":100,"dir":0,"type":3,"layer":2}
			,{"bid":7,"name":"祭祀小屋图标","res":"7","dun_id":10010,"x":595,"y":865,"name_x":100,"name_y":100,"dir":0,"type":1,"layer":2}
			,{"bid":10,"name":"精灵商店图标","res":"10","dun_id":10010,"x":628,"y":513,"name_x":100,"name_y":100,"dir":0,"type":1,"layer":2}
			,{"bid":9,"name":"图书馆图标","res":"9","dun_id":10010,"x":187,"y":541,"name_x":100,"name_y":100,"dir":0,"type":1,"layer":2}
			,{"bid":11,"name":"秘境探险图标","res":"11","dun_id":10010,"x":1061,"y":657,"name_x":100,"name_y":100,"dir":0,"type":1,"layer":3}
			,{"bid":106,"name":"传送门","res":"E50070","dun_id":0,"x":1100,"y":592,"name_x":100,"name_y":100,"dir":0,"type":2,"layer":3}
			,{"bid":116,"name":"图书夜晚","res":"E54518","dun_id":2,"x":1270,"y":381,"name_x":100,"name_y":100,"dir":0,"type":3,"layer":2}
			,{"bid":12,"name":"跨服战场图标","res":"12","dun_id":10010,"x":1238,"y":839,"name_x":100,"name_y":100,"dir":0,"type":1,"layer":3}
			,{"bid":84,"name":"光剑夜晚","res":"E54535","dun_id":2,"x":1178,"y":815,"name_x":100,"name_y":100,"dir":0,"type":2,"layer":3}
			,{"bid":83,"name":"光剑白天","res":"E54534","dun_id":1,"x":1178,"y":815,"name_x":100,"name_y":100,"dir":0,"type":2,"layer":3}
			,{"bid":13,"name":"跨服时空图标","res":"13","dun_id":10010,"x":284,"y":689,"name_x":100,"name_y":100,"dir":0,"type":1,"layer":2}
			,{"bid":120,"name":"草夏白天","res":"E54539","dun_id":1,"x":836,"y":201,"name_x":100,"name_y":100,"dir":0,"type":3,"layer":2}
			,{"bid":124,"name":"左树夏白天","res":"E54541","dun_id":1,"x":-15,"y":640,"name_x":100,"name_y":100,"dir":0,"type":3,"layer":2}
			,{"bid":128,"name":"中树夏白天","res":"E54543","dun_id":1,"x":643,"y":496,"name_x":100,"name_y":100,"dir":0,"type":3,"layer":2}
			,{"bid":132,"name":"右中树夏白天","res":"E54545","dun_id":1,"x":1218,"y":348,"name_x":100,"name_y":100,"dir":0,"type":3,"layer":2}
			,{"bid":136,"name":"右树夏白天","res":"E54547","dun_id":1,"x":1500,"y":349,"name_x":100,"name_y":100,"dir":0,"type":3,"layer":1}
			,{"bid":140,"name":"前景树夏白天","res":"E54549","dun_id":1,"x":262,"y":34,"name_x":100,"name_y":100,"dir":0,"type":3,"layer":2}
			,{"bid":144,"name":"前景花夏白天","res":"E54551","dun_id":1,"x":210,"y":-28,"name_x":100,"name_y":100,"dir":0,"type":3,"layer":1}
			,{"bid":148,"name":"小船夏白天","res":"E54553","dun_id":1,"x":1140,"y":369,"name_x":100,"name_y":100,"dir":0,"type":3,"layer":2}
			,{"bid":152,"name":"云夏白天","res":"E54555","dun_id":1,"x":836,"y":510,"name_x":100,"name_y":100,"dir":0,"type":3,"layer":4}
			,{"bid":156,"name":"蝴蝶夏白天","res":"E54557","dun_id":1,"x":643,"y":225,"name_x":100,"name_y":100,"dir":0,"type":3,"layer":2}
			,{"bid":157,"name":"蝴蝶2夏","res":"E54558","dun_id":1,"x":1012,"y":254,"name_x":100,"name_y":100,"dir":0,"type":3,"layer":2}
			,{"bid":121,"name":"草夏夜晚","res":"E54540","dun_id":2,"x":836,"y":201,"name_x":100,"name_y":100,"dir":0,"type":3,"layer":2}
			,{"bid":125,"name":"左树夏夜晚","res":"E54542","dun_id":2,"x":-15,"y":640,"name_x":100,"name_y":100,"dir":0,"type":3,"layer":2}
			,{"bid":129,"name":"中树夏夜晚","res":"E54544","dun_id":2,"x":643,"y":496,"name_x":100,"name_y":100,"dir":0,"type":3,"layer":2}
			,{"bid":133,"name":"右中树夏夜","res":"E54546","dun_id":2,"x":1219,"y":348,"name_x":100,"name_y":100,"dir":0,"type":3,"layer":2}
			,{"bid":137,"name":"右大树夏夜晚","res":"E54548","dun_id":2,"x":1500,"y":349,"name_x":100,"name_y":100,"dir":0,"type":3,"layer":1}
			,{"bid":141,"name":"前景树夏夜晚","res":"E54559","dun_id":2,"x":262,"y":34,"name_x":100,"name_y":100,"dir":0,"type":3,"layer":2}
			,{"bid":145,"name":"前景花夏夜晚","res":"E54552","dun_id":2,"x":210,"y":-28,"name_x":100,"name_y":100,"dir":0,"type":3,"layer":1}
			,{"bid":149,"name":"小船夏夜晚","res":"E54554","dun_id":2,"x":1140,"y":369,"name_x":100,"name_y":100,"dir":0,"type":3,"layer":2}
			,{"bid":153,"name":"旗子夏白天","res":"E54556","dun_id":1,"x":494,"y":1052,"name_x":100,"name_y":100,"dir":0,"type":3,"layer":2}
			,{"bid":160,"name":"旗子夏夜晚","res":"E54560","dun_id":2,"x":495,"y":1052,"name_x":100,"name_y":100,"dir":0,"type":3,"layer":2}
			,{"bid":158,"name":"蝴蝶3","res":"E54557","dun_id":1,"x":997,"y":208,"name_x":100,"name_y":100,"dir":0,"type":3,"layer":2}
			,{"bid":159,"name":"蝴蝶4","res":"E54558","dun_id":1,"x":720,"y":187,"name_x":100,"name_y":100,"dir":0,"type":3,"layer":2}
			,{"bid":161,"name":"萤火虫1","res":"E54561","dun_id":2,"x":881,"y":198,"name_x":100,"name_y":100,"dir":0,"type":2,"layer":2}
			,{"bid":162,"name":"萤火虫2","res":"E54561","dun_id":2,"x":666,"y":275,"name_x":100,"name_y":100,"dir":0,"type":2,"layer":2}
			,{"bid":164,"name":"萤火虫3","res":"E54561","dun_id":2,"x":991,"y":277,"name_x":100,"name_y":100,"dir":0,"type":2,"layer":2}
		]
	}
}