{"data_get_length" : 15,
"data_get" : {
	"1":{"id":1,"name":"邮件提示","label":"mail","can_overly":1,"res":"1007"},
	"2":{"id":2,"name":"加好友提示","label":"add_friend","can_overly":1,"res":"1004"},
	"4":{"id":4,"name":"加宗门提示","label":"join_guild","can_overly":1,"res":"1001"},
	"6":{"id":6,"name":"切磋请求","label":"challenge","can_overly":1,"res":"1006"},
	"8":{"id":8,"name":"私聊提示","label":"private_chat","can_overly":1,"res":"1005"},
	"9":{"id":9,"name":"邀请帮会提示","label":"invite_join_guild","can_overly":1,"res":"1002"},
	"10":{"id":10,"name":"集结号角","label":"guild_mass","can_overly":1,"res":"1003"},
	"11":{"id":11,"name":"合并提示","label":"guild_merge","can_overly":1,"res":"1002"},
	"12":{"id":12,"name":"试炼邀请","label":"team","can_overly":1,"res":"1006"},
	"13":{"id":13,"name":"赠送体力","label":"give","can_overly":1,"res":"1008"},
	"14":{"id":14,"name":"世界Boss刷新","label":"world_boss","can_overly":1,"res":"1008"},
	"15":{"id":15,"name":"有人@你","label":"mention","can_overly":1,"res":"1008"},
	"16":{"id":16,"name":"无尽试炼选buff","label":"endless","can_overly":1,"res":"1008"},
	"17":{"id":17,"name":"萌兽夺宝完成","label":"escort","can_overly":1,"res":"1008"},
	"18":{"id":18,"name":"帮会Boss集结","label":"guild_dun","can_overly":1,"res":"1008"}
}
}