{"data_const_length" : 6,
"data_const" : {
	"open_lev":{"val":35,"desc":"达到35级后开启"},
	"open_dun_id":{"val":0,"desc":"副本开启"},
	"daily_challenge_limit":{"val":999,"desc":"每日挑战次数限制"},
	"evolution_limit":{"val":599,"desc":"进化次数上限"},
	"lose_challange_cd":{"val":1200,"desc":"挑战失败后的冷却cd"},
	"game_rule":{"val":1,"desc":"1.竞技场排名达到指定名次内可挑战神位，3类神位分别对应排名条件为<color=289b14>前10名</color>、<color=289b14>前20名</color>、<color=289b14>前50名</color>\n2.挑战成功后，玩家会取代神位上的Boss，并且获得对应的<color=289b14>神位称号</color>，装配称号可享受强大<color=289b14>属性加成</color>\n3.若在位玩家被其他挑战者挑战成功，则挑战者则替换该玩家成为新的神位主人，同时丧失神位的玩家称号将失效\n4.每位挑战者只可占有一个神位，在位期间若挑战其他神位成功，将丧失原有的神位\n5.挑战失败将进入<color=289b14>20分钟</color>的冷却时间，期间无法挑战任何神位"}
},
"data_upgrade_length" : 6,
"data_upgrade" : {
	"1":{"pos":1,"name":"万殿之巅","honor_id":90801,"look_id":340502,"arena_rank":10},
	"2":{"pos":2,"name":"泰坦神耀","honor_id":90802,"look_id":320508,"arena_rank":20},
	"3":{"pos":3,"name":"泰坦神耀","honor_id":90802,"look_id":330506,"arena_rank":20},
	"4":{"pos":4,"name":"瀚海星灵","honor_id":90803,"look_id":310501,"arena_rank":50},
	"5":{"pos":5,"name":"瀚海星灵","honor_id":90803,"look_id":310501,"arena_rank":50},
	"6":{"pos":6,"name":"瀚海星灵","honor_id":90803,"look_id":310501,"arena_rank":50}
},
"data_unitdata_length" : 36,
"data_unitdata" : {
	"1_0":{"pos":1,"min":0,"max":99,"unit_id":81011,"attr":[["atk_per",12],["def_per",6],["hp_max_per",11],["speed_per",6]],"act_skill":[152102,152302],"passive_skill":[152202,152402,750000]},
	"1_100":{"pos":1,"min":100,"max":199,"unit_id":81012,"attr":[["atk_per",13],["def_per",5],["hp_max_per",14],["speed_per",4]],"act_skill":[152103,152302],"passive_skill":[152202,152402,750000]},
	"1_200":{"pos":1,"min":200,"max":299,"unit_id":81013,"attr":[["atk_per",9],["def_per",3],["hp_max_per",10],["speed_per",3]],"act_skill":[152103,152302],"passive_skill":[152202,152402,750001,700143]},
	"1_300":{"pos":1,"min":300,"max":399,"unit_id":81014,"attr":[["atk_per",4],["def_per",3],["hp_max_per",7],["speed_per",2]],"act_skill":[152103,152303],"passive_skill":[152203,152403,750001,700143]},
	"1_400":{"pos":1,"min":400,"max":499,"unit_id":81015,"attr":[["atk_per",3],["def_per",2],["hp_max_per",3],["speed_per",2]],"act_skill":[152103,152303],"passive_skill":[152203,152403,750002,700145,700235,700005]},
	"1_500":{"pos":1,"min":500,"max":599,"unit_id":81016,"attr":[["atk_per",2],["def_per",2],["hp_max_per",2],["speed_per",1]],"act_skill":[152103,152303],"passive_skill":[152203,152403,750002,700145,700235,700005]},
	"2_0":{"pos":2,"min":0,"max":99,"unit_id":81021,"attr":[["atk_per",12],["def_per",8],["hp_max_per",13],["speed_per",7]],"act_skill":[506102,506302],"passive_skill":[506202,506402,750200]},
	"2_100":{"pos":2,"min":100,"max":199,"unit_id":81022,"attr":[["atk_per",13],["def_per",4],["hp_max_per",13],["speed_per",5]],"act_skill":[506103,506302],"passive_skill":[506202,506402,750200]},
	"2_200":{"pos":2,"min":200,"max":299,"unit_id":81023,"attr":[["atk_per",9],["def_per",3],["hp_max_per",10],["speed_per",3]],"act_skill":[506103,506302],"passive_skill":[506202,506402,750201,750401]},
	"2_300":{"pos":2,"min":300,"max":399,"unit_id":81024,"attr":[["atk_per",6],["def_per",3],["hp_max_per",6],["speed_per",2]],"act_skill":[506103,506303],"passive_skill":[506203,506403,750201,750401]},
	"2_400":{"pos":2,"min":400,"max":499,"unit_id":81025,"attr":[["atk_per",2],["def_per",2],["hp_max_per",4],["speed_per",1]],"act_skill":[506103,506303],"passive_skill":[506203,506403,750202,750402,700035,700015]},
	"2_500":{"pos":2,"min":500,"max":599,"unit_id":81026,"attr":[["atk_per",2],["def_per",2],["hp_max_per",2],["speed_per",1]],"act_skill":[506103,506303],"passive_skill":[506203,506403,750202,750402,700035,700015]},
	"3_0":{"pos":3,"min":0,"max":99,"unit_id":81091,"attr":[["atk_per",12],["def_per",8],["hp_max_per",13],["speed_per",7]],"act_skill":[150102,150302],"passive_skill":[150202,150402,750000]},
	"3_100":{"pos":3,"min":100,"max":199,"unit_id":81092,"attr":[["atk_per",13],["def_per",4],["hp_max_per",13],["speed_per",5]],"act_skill":[150103,150302],"passive_skill":[150202,150402,750000]},
	"3_200":{"pos":3,"min":200,"max":299,"unit_id":81093,"attr":[["atk_per",9],["def_per",3],["hp_max_per",10],["speed_per",3]],"act_skill":[150103,150302],"passive_skill":[150202,150402,750001,700143]},
	"3_300":{"pos":3,"min":300,"max":399,"unit_id":81094,"attr":[["atk_per",6],["def_per",3],["hp_max_per",6],["speed_per",2]],"act_skill":[150103,150303],"passive_skill":[150203,150403,750001,700143]},
	"3_400":{"pos":3,"min":400,"max":499,"unit_id":81095,"attr":[["atk_per",2],["def_per",2],["hp_max_per",4],["speed_per",1]],"act_skill":[150103,150303],"passive_skill":[150203,150403,750002,700145,700235,700005]},
	"3_500":{"pos":3,"min":500,"max":599,"unit_id":81096,"attr":[["atk_per",2],["def_per",2],["hp_max_per",2],["speed_per",1]],"act_skill":[150103,150303],"passive_skill":[150203,150403,750002,700145,700235,700005]},
	"4_0":{"pos":4,"min":0,"max":99,"unit_id":81031,"attr":[["atk_per",12],["def_per",8],["hp_max_per",13],["speed_per",9]],"act_skill":[216102,216302],"passive_skill":[216202,216402,700221]},
	"4_100":{"pos":4,"min":100,"max":199,"unit_id":81032,"attr":[["atk_per",13],["def_per",5],["hp_max_per",13],["speed_per",4]],"act_skill":[216103,216302],"passive_skill":[216202,216402,700221]},
	"4_200":{"pos":4,"min":200,"max":299,"unit_id":81033,"attr":[["atk_per",9],["def_per",4],["hp_max_per",11],["speed_per",3]],"act_skill":[216103,216302],"passive_skill":[216202,216402,700223,700233]},
	"4_300":{"pos":4,"min":300,"max":399,"unit_id":81034,"attr":[["atk_per",6],["def_per",3],["hp_max_per",6],["speed_per",2]],"act_skill":[216103,216303],"passive_skill":[216203,216403,700223,700233]},
	"4_400":{"pos":4,"min":400,"max":499,"unit_id":81035,"attr":[["atk_per",3],["def_per",2],["hp_max_per",4],["speed_per",2]],"act_skill":[216103,216303],"passive_skill":[216203,216403,700225,750102,700235,700175]},
	"4_500":{"pos":4,"min":500,"max":599,"unit_id":81036,"attr":[["atk_per",2],["def_per",2],["hp_max_per",2],["speed_per",1]],"act_skill":[216103,216303],"passive_skill":[216203,216403,700225,750102,700235,700175]},
	"5_0":{"pos":5,"min":0,"max":99,"unit_id":81031,"attr":[["atk_per",12],["def_per",8],["hp_max_per",13],["speed_per",9]],"act_skill":[216102,216302],"passive_skill":[216202,216402,700221]},
	"5_100":{"pos":5,"min":100,"max":199,"unit_id":81032,"attr":[["atk_per",13],["def_per",5],["hp_max_per",13],["speed_per",4]],"act_skill":[216103,216302],"passive_skill":[216202,216402,700221]},
	"5_200":{"pos":5,"min":200,"max":299,"unit_id":81033,"attr":[["atk_per",9],["def_per",4],["hp_max_per",11],["speed_per",3]],"act_skill":[216103,216302],"passive_skill":[216202,216402,700223,700233]},
	"5_300":{"pos":5,"min":300,"max":399,"unit_id":81034,"attr":[["atk_per",6],["def_per",3],["hp_max_per",6],["speed_per",2]],"act_skill":[216103,216303],"passive_skill":[216203,216403,700223,700233]},
	"5_400":{"pos":5,"min":400,"max":499,"unit_id":81035,"attr":[["atk_per",3],["def_per",2],["hp_max_per",4],["speed_per",2]],"act_skill":[216103,216303],"passive_skill":[216203,216403,700225,750102,700235,700175]},
	"5_500":{"pos":5,"min":500,"max":599,"unit_id":81036,"attr":[["atk_per",2],["def_per",2],["hp_max_per",2],["speed_per",1]],"act_skill":[216103,216303],"passive_skill":[216203,216403,700225,750102,700235,700175]},
	"6_0":{"pos":6,"min":0,"max":99,"unit_id":81031,"attr":[["atk_per",12],["def_per",8],["hp_max_per",13],["speed_per",9]],"act_skill":[216102,216302],"passive_skill":[216202,216402,700221]},
	"6_100":{"pos":6,"min":100,"max":199,"unit_id":81032,"attr":[["atk_per",13],["def_per",5],["hp_max_per",13],["speed_per",4]],"act_skill":[216103,216302],"passive_skill":[216202,216402,700221]},
	"6_200":{"pos":6,"min":200,"max":299,"unit_id":81033,"attr":[["atk_per",9],["def_per",4],["hp_max_per",11],["speed_per",3]],"act_skill":[216103,216302],"passive_skill":[216202,216402,700223,700233]},
	"6_300":{"pos":6,"min":300,"max":399,"unit_id":81034,"attr":[["atk_per",6],["def_per",3],["hp_max_per",6],["speed_per",2]],"act_skill":[216103,216303],"passive_skill":[216203,216403,700223,700233]},
	"6_400":{"pos":6,"min":400,"max":499,"unit_id":81035,"attr":[["atk_per",3],["def_per",2],["hp_max_per",4],["speed_per",2]],"act_skill":[216103,216303],"passive_skill":[216203,216403,700225,750102,700235,700175]},
	"6_500":{"pos":6,"min":500,"max":599,"unit_id":81036,"attr":[["atk_per",2],["def_per",2],["hp_max_per",2],["speed_per",1]],"act_skill":[216103,216303],"passive_skill":[216203,216403,700225,750102,700235,700175]}
}
}