{"data_seerpalace_data_length" : 4,
"data_seerpalace_data" : {
	"1000":{"group_id":1000,"name":"水","draw_list":[1],"item_once":[[14001,1]],"exchange_once_gain":[[24,1],[14002,30]]},
	"2000":{"group_id":2000,"name":"火","draw_list":[1],"item_once":[[14001,1]],"exchange_once_gain":[[24,1],[14002,30]]},
	"3000":{"group_id":3000,"name":"风","draw_list":[1],"item_once":[[14001,1]],"exchange_once_gain":[[24,1],[14002,30]]},
	"4000":{"group_id":4000,"name":"光暗","draw_list":[1],"item_once":[[14001,1]],"exchange_once_gain":[[24,1],[14002,30]]}
},
"data_seerpalace_const_length" : 6,
"data_seerpalace_const" : {
	"common_limit":{"key":"common_limit","val":20,"desc":"开启等级"},
	"hero_change4":{"key":"hero_change4","val":[[14002,20]],"desc":"4星英雄置换消耗"},
	"hero_change5":{"key":"hero_change5","val":[[14002,100]],"desc":"5星英雄置换消耗"},
	"hero_change":{"key":"hero_change","val":[1,2,3],"desc":"英雄转换类型"},
	"game_rule1":{"key":"game_rule1","val":1,"desc":"规则说明：\n1.每个先知水晶可从对应属性的先知卡牌中召唤1次英雄\n2.召唤有概率获得橙色或紫色品质的英雄整卡和碎片\n3.每次召唤必定获得1个先知结晶，先知结晶可在先知商店中兑换指定5星英雄\n\n特殊说明：\n1.在[先知召唤]中，每次召唤都有概率获得5星整卡，若<color=65df74>水火风</color>系连续<color=65df74>19次</color>没有获得5星英雄整卡，则第<color=65df74>20次</color>必定获得5星水火风英雄\n2.<color=65df74>光暗</color>系连续<color=65df74>39次</color>未获得5星英雄整卡时，第<color=65df74>40次</color>必定获得5星光暗英雄\n3.该累积次数每个系别独立计算，在获得任意5星英雄整卡后会重置为初始值，并重新开始计算"},
	"game_rule2":{"key":"game_rule2","val":2,"desc":"1.消耗先知精华，可将除光明和黑暗以外阵营的4、5星英雄进行转换\n2.每次只能将英雄转化为同系的其他英雄\n3.新生的英雄将继承原有英雄的所有属性"}
},
"data_seerpalace_award_length" : 4,
"data_seerpalace_award" : {
	"1000": {
		"5": {"id":1000,"star":5,"items":[[29105,15],[29105,20],[29105,25],[24900,50],[24901,50],[24902,50],[24903,50],[24904,50],[24905,50],[24906,50],[24907,50],[24908,50],[24909,50]],"desc":"5星英雄（英雄掉落概率10%，碎片掉落概率20%）"},
		"4": {"id":1000,"star":4,"items":[[24800,30],[24801,30],[24802,30],[24803,30],[24804,30]],"desc":"4星英雄（英雄掉落概率70%）"}
	},
	"2000": {
		"5": {"id":2000,"star":5,"items":[[29205,15],[29205,20],[29205,25],[25900,50],[25901,50],[25902,50],[25903,50],[25904,50],[25905,50],[25906,50],[25907,50],[25908,50]],"desc":"5星英雄（英雄掉落概率10%，碎片掉落概率20%）"},
		"4": {"id":2000,"star":4,"items":[[25800,30],[25801,30],[25802,30],[25803,30],[25804,30]],"desc":"4星英雄（英雄掉落概率70%）"}
	},
	"3000": {
		"5": {"id":3000,"star":5,"items":[[29305,15],[29305,20],[29305,25],[26900,50],[26901,50],[26902,50],[26903,50],[26904,50],[26905,50],[26906,50],[26907,50]],"desc":"5星英雄（英雄掉落概率10%，碎片掉落概率20%）"},
		"4": {"id":3000,"star":4,"items":[[26800,30],[26801,30],[26802,30],[26803,30],[26804,30]],"desc":"4星英雄（英雄掉落概率70%）"}
	},
	"4000": {
		"5": {"id":4000,"star":5,"items":[[29405,15],[29505,15],[27900,50],[27901,50],[27902,50],[27903,50],[27904,50],[27905,50],[27906,50],[28900,50],[28901,50],[28902,50],[28903,50],[28904,50],[28905,50],[28906,50]],"desc":"5星英雄（英雄掉落概率5%，碎片掉落概率20%）"},
		"4": {"id":4000,"star":4,"items":[[27800,30],[27801,30],[27802,30],[27803,30],[28800,30],[28801,30],[28802,30],[28803,30],[29404,15],[29504,15]],"desc":"4星英雄（英雄掉落概率35%，碎片掉落概率40%）"}
	}
}
}