{"data_const_length" : 3,
"data_const" : {
	"common_s":{"key":"common_s","val":10408,"desc":"召唤道具ID"},
	"common_time":{"key":"common_time","val":1,"desc":"特殊召唤每天免费次数"},
	"c_interval":{"key":"c_interval","val":86400,"desc":"普通召唤免费次数间隔/s"}
},
"data_action_length" : 6,
"data_action" : {
	"11013":{"camp_id":11013,"group_id":10001,"desc":"1.活动期间，抽取精英召唤可以抽取到高级召唤卡池中的所有英雄。同时，<color=#c23f35>【本期UP英雄】的获取概率大幅提升！</color>（抽中5星时有<color=#c23f35>50%</color>概率获取 UP内英雄）\n2.每次10连招募必定获得<color=#c23f35>4星及以上英雄</color>\n3.在精英召唤中，每60次招募，<color=#c23f35>必定获取当期概率提升的5星英雄</color>。\n4.通过精英召唤获取到本期概率提升5星英雄时，最大剩余招募次数将<color=#c23f35>重置为初始值</color>，并重新开始计算"},
	"11014":{"camp_id":11014,"group_id":10002,"desc":"1.活动期间，抽取精英召唤可以抽取到高级召唤卡池中的所有英雄。同时，<color=#c23f35>【本期UP英雄】的获取概率大幅提升！</color>（抽中5星时有<color=#c23f35>50%</color>概率获取 UP内英雄）\n2.每次10连招募必定获得<color=#c23f35>4星及以上英雄</color>\n3.在精英召唤中，每60次招募，<color=#c23f35>必定获取当期概率提升的5星英雄</color>。\n4.通过精英召唤获取到本期概率提升5星英雄时，最大剩余招募次数将<color=#c23f35>重置为初始值</color>，并重新开始计算"},
	"11019":{"camp_id":11019,"group_id":10003,"desc":"1.活动期间，抽取精英召唤可以抽取到高级召唤卡池中的所有英雄。同时，<color=#c23f35>【本期UP英雄】的获取概率大幅提升！</color>（抽中5星时有<color=#c23f35>50%</color>概率获取 UP内英雄）\n2.每次10连招募必定获得<color=#c23f35>4星及以上英雄</color>\n3.在精英召唤中，每60次招募，<color=#c23f35>必定获取当期概率提升的5星英雄</color>。\n4.通过精英召唤获取到本期概率提升5星英雄时，最大剩余招募次数将<color=#c23f35>重置为初始值</color>，并重新开始计算"},
	"11021":{"camp_id":11021,"group_id":10004,"desc":"1.活动期间，抽取精英召唤可以抽取到高级召唤卡池中的所有英雄。同时，<color=#c23f35>【本期UP英雄】的获取概率大幅提升！</color>（抽中5星时有<color=#c23f35>50%</color>概率获取 UP内英雄）\n2.每次10连招募必定获得<color=#c23f35>4星及以上英雄</color>\n3.在精英召唤中，每60次招募，<color=#c23f35>必定获取当期概率提升的5星英雄</color>。\n4.通过精英召唤获取到本期概率提升5星英雄时，最大剩余招募次数将<color=#c23f35>重置为初始值</color>，并重新开始计算"},
	"11022":{"camp_id":11022,"group_id":10005,"desc":"1.活动期间，抽取精英召唤可以抽取到高级召唤卡池中的所有英雄。同时，<color=#c23f35>【本期UP英雄】的获取概率大幅提升！</color>（抽中5星时有<color=#c23f35>50%</color>概率获取 UP内英雄）\n2.每次10连招募必定获得<color=#c23f35>4星及以上英雄</color>\n3.在精英召唤中，每60次招募，<color=#c23f35>必定获取当期概率提升的5星英雄</color>。\n4.通过精英召唤获取到本期概率提升5星英雄时，最大剩余招募次数将<color=#c23f35>重置为初始值</color>，并重新开始计算"},
	"11029":{"camp_id":11029,"group_id":10006,"desc":"1.活动期间，抽取精英召唤可以抽取到高级召唤卡池中的所有英雄。同时，<color=#c23f35>【本期UP英雄】的获取概率大幅提升！</color>（抽中5星时有<color=#c23f35>50%</color>概率获取 UP内英雄）\n2.每次10连招募必定获得<color=#c23f35>4星及以上英雄</color>\n3.在精英召唤中，每60次招募，<color=#c23f35>必定获取当期概率提升的5星英雄</color>。\n4.通过精英召唤获取到本期概率提升5星英雄时，最大剩余招募次数将<color=#c23f35>重置为初始值</color>，并重新开始计算"}
},
"data_summon_length" : 6,
"data_summon" : {
	"10001":{"group_id":10001,"name":"精英召唤_黑暗之主","gain_once":[[22,5000]],"gain_ten":[[22,50000]],"loss_gold_once":[[3,220]],"loss_gold_ten":[[3,2000]],"loss_item_once":[[10408,1]],"loss_item_ten":[[10408,10]],"action_name":"action","call_bg":"partnersummon_call_bg_100","action_card_name":"action2","call_bg_action":147,"res_id":2,"call_bg_card":"partnersummon_call_bg_100"},
	"10002":{"group_id":10002,"name":"精英召唤_神灵大祭司","gain_once":[[22,5000]],"gain_ten":[[22,50000]],"loss_gold_once":[[3,220]],"loss_gold_ten":[[3,2000]],"loss_item_once":[[10408,1]],"loss_item_ten":[[10408,10]],"action_name":"action","call_bg":"partnersummon_call_bg_100","action_card_name":"action2","call_bg_action":147,"res_id":2,"call_bg_card":"partnersummon_call_bg_101"},
	"10003":{"group_id":10003,"name":"精英召唤_宙斯","gain_once":[[22,5000]],"gain_ten":[[22,50000]],"loss_gold_once":[[3,220]],"loss_gold_ten":[[3,2000]],"loss_item_once":[[10408,1]],"loss_item_ten":[[10408,10]],"action_name":"action","call_bg":"partnersummon_call_bg_100","action_card_name":"action2","call_bg_action":147,"res_id":2,"call_bg_card":"partnersummon_call_bg_101"},
	"10004":{"group_id":10004,"name":"精英召唤_潘多拉","gain_once":[[22,5000]],"gain_ten":[[22,50000]],"loss_gold_once":[[3,220]],"loss_gold_ten":[[3,2000]],"loss_item_once":[[10408,1]],"loss_item_ten":[[10408,10]],"action_name":"action","call_bg":"partnersummon_call_bg_100","action_card_name":"action2","call_bg_action":147,"res_id":2,"call_bg_card":"partnersummon_call_bg_102"},
	"10005":{"group_id":10005,"name":"精英召唤_潘多拉","gain_once":[[22,5000]],"gain_ten":[[22,50000]],"loss_gold_once":[[3,220]],"loss_gold_ten":[[3,2000]],"loss_item_once":[[10408,1]],"loss_item_ten":[[10408,10]],"action_name":"action","call_bg":"partnersummon_call_bg_100","action_card_name":"action2","call_bg_action":147,"res_id":2,"call_bg_card":"partnersummon_call_bg_100"},
	"10006":{"group_id":10006,"name":"精英召唤_神灵大祭司","gain_once":[[22,5000]],"gain_ten":[[22,50000]],"loss_gold_once":[[3,220]],"loss_gold_ten":[[3,2000]],"loss_item_once":[[10408,1]],"loss_item_ten":[[10408,10]],"action_name":"action","call_bg":"partnersummon_call_bg_100","action_card_name":"action2","call_bg_action":147,"res_id":2,"call_bg_card":"partnersummon_call_bg_103"}
},
"data_award_length" : 6,
"data_award" : {
	"11013": {
		"1": {"camp_id":11013,"id":1,"times":30,"reward":[[10408,3]]},
		"2": {"camp_id":11013,"id":2,"times":50,"reward":[[29905,50]]},
		"3": {"camp_id":11013,"id":3,"times":100,"reward":[[29505,50]]},
		"4": {"camp_id":11013,"id":4,"times":200,"reward":[[29905,50]]},
		"5": {"camp_id":11013,"id":5,"times":300,"reward":[[28903,50]]}
	},
	"11014": {
		"1": {"camp_id":11014,"id":1,"times":30,"reward":[[10408,3]]},
		"2": {"camp_id":11014,"id":2,"times":50,"reward":[[29905,50]]},
		"3": {"camp_id":11014,"id":3,"times":100,"reward":[[29405,50]]},
		"4": {"camp_id":11014,"id":4,"times":200,"reward":[[29905,50]]},
		"5": {"camp_id":11014,"id":5,"times":300,"reward":[[27906,50]]}
	},
	"11019": {
		"1": {"camp_id":11019,"id":1,"times":30,"reward":[[10408,3]]},
		"2": {"camp_id":11019,"id":2,"times":50,"reward":[[29905,50]]},
		"3": {"camp_id":11019,"id":3,"times":100,"reward":[[29405,50]]},
		"4": {"camp_id":11019,"id":4,"times":200,"reward":[[29905,50]]},
		"5": {"camp_id":11019,"id":5,"times":300,"reward":[[27901,50]]}
	},
	"11021": {
		"1": {"camp_id":11021,"id":1,"times":30,"reward":[[10408,3]]},
		"2": {"camp_id":11021,"id":2,"times":50,"reward":[[29905,50]]},
		"3": {"camp_id":11021,"id":3,"times":100,"reward":[[29505,50]]},
		"4": {"camp_id":11021,"id":4,"times":200,"reward":[[29905,50]]},
		"5": {"camp_id":11021,"id":5,"times":300,"reward":[[28906,50]]}
	},
	"11022": {
		"1": {"camp_id":11022,"id":1,"times":30,"reward":[[10408,3]]},
		"2": {"camp_id":11022,"id":2,"times":50,"reward":[[29905,50]]},
		"3": {"camp_id":11022,"id":3,"times":100,"reward":[[29505,50]]},
		"4": {"camp_id":11022,"id":4,"times":200,"reward":[[29905,50]]},
		"5": {"camp_id":11022,"id":5,"times":300,"reward":[[28903,50]]}
	},
	"11029": {
		"1": {"camp_id":11029,"id":1,"times":30,"reward":[[10408,3]]},
		"2": {"camp_id":11029,"id":2,"times":50,"reward":[[29905,50]]},
		"3": {"camp_id":11029,"id":3,"times":100,"reward":[[29405,50]]},
		"4": {"camp_id":11029,"id":4,"times":200,"reward":[[29905,50]]},
		"5": {"camp_id":11029,"id":5,"times":300,"reward":[[27906,50]]}
	}
},
"data_probability_length" : 6,
"data_probability" : {
	"10001": {
		"1": {"group_id":10001,"index":1,"id":28403,"num":1,"is_up":1,"star":"5星","name":"黑暗之主","is_chip":0,"probability":"0.94"},
		"2": {"group_id":10001,"index":2,"id":25407,"num":1,"is_up":1,"star":"5星","name":"瓦尔基里","is_chip":0,"probability":"0.78"},
		"3": {"group_id":10001,"index":3,"id":24404,"num":1,"is_up":1,"star":"5星","name":"波塞冬","is_chip":0,"probability":"0.78"},
		"4": {"group_id":10001,"index":4,"id":0,"num":0,"is_up":0,"star":"5星","name":"其他5星","is_chip":0,"probability":"2.5"},
		"5": {"group_id":10001,"index":5,"id":0,"num":0,"is_up":0,"star":"4星","name":"4星英雄","is_chip":0,"probability":"15"},
		"6": {"group_id":10001,"index":6,"id":0,"num":0,"is_up":0,"star":"3星","name":"3星英雄","is_chip":0,"probability":"80"}
	},
	"10002": {
		"1": {"group_id":10002,"index":1,"id":27406,"num":1,"is_up":1,"star":"5星","name":"神灵大祭司","is_chip":0,"probability":"0.94"},
		"2": {"group_id":10002,"index":2,"id":24400,"num":1,"is_up":1,"star":"5星","name":"娜迦公主","is_chip":0,"probability":"0.78"},
		"3": {"group_id":10002,"index":3,"id":26407,"num":1,"is_up":1,"star":"5星","name":"斯芬克斯","is_chip":0,"probability":"0.78"},
		"4": {"group_id":10002,"index":4,"id":0,"num":0,"is_up":0,"star":"5星","name":"其他5星","is_chip":0,"probability":"2.5"},
		"5": {"group_id":10002,"index":5,"id":0,"num":0,"is_up":0,"star":"4星","name":"4星英雄","is_chip":0,"probability":"15"},
		"6": {"group_id":10002,"index":6,"id":0,"num":0,"is_up":0,"star":"3星","name":"3星英雄","is_chip":0,"probability":"80"}
	},
	"10003": {
		"1": {"group_id":10003,"index":1,"id":27401,"num":1,"is_up":1,"star":"5星","name":"宙斯","is_chip":0,"probability":"0.94"},
		"2": {"group_id":10003,"index":2,"id":24404,"num":1,"is_up":1,"star":"5星","name":"波塞冬","is_chip":0,"probability":"0.78"},
		"3": {"group_id":10003,"index":3,"id":25403,"num":1,"is_up":1,"star":"5星","name":"菲尼克斯","is_chip":0,"probability":"0.78"},
		"4": {"group_id":10003,"index":4,"id":0,"num":0,"is_up":0,"star":"5星","name":"其他5星","is_chip":0,"probability":"2.5"},
		"5": {"group_id":10003,"index":5,"id":0,"num":0,"is_up":0,"star":"4星","name":"4星英雄","is_chip":0,"probability":"15"},
		"6": {"group_id":10003,"index":6,"id":0,"num":0,"is_up":0,"star":"3星","name":"3星英雄","is_chip":0,"probability":"80"}
	},
	"10004": {
		"1": {"group_id":10004,"index":1,"id":28406,"num":1,"is_up":1,"star":"5星","name":"潘多拉","is_chip":0,"probability":"0.94"},
		"2": {"group_id":10004,"index":2,"id":26407,"num":1,"is_up":1,"star":"5星","name":"斯芬克斯","is_chip":0,"probability":"0.78"},
		"3": {"group_id":10004,"index":3,"id":26405,"num":1,"is_up":1,"star":"5星","name":"雅典娜","is_chip":0,"probability":"0.78"},
		"4": {"group_id":10004,"index":4,"id":0,"num":0,"is_up":0,"star":"5星","name":"其他5星","is_chip":0,"probability":"2.5"},
		"5": {"group_id":10004,"index":5,"id":0,"num":0,"is_up":0,"star":"4星","name":"4星英雄","is_chip":0,"probability":"15"},
		"6": {"group_id":10004,"index":6,"id":0,"num":0,"is_up":0,"star":"3星","name":"3星英雄","is_chip":0,"probability":"80"}
	},
	"10005": {
		"1": {"group_id":10005,"index":1,"id":28403,"num":1,"is_up":1,"star":"5星","name":"黑暗之主","is_chip":0,"probability":"0.94"},
		"2": {"group_id":10005,"index":2,"id":25407,"num":1,"is_up":1,"star":"5星","name":"瓦尔基里","is_chip":0,"probability":"0.78"},
		"3": {"group_id":10005,"index":3,"id":24404,"num":1,"is_up":1,"star":"5星","name":"波塞冬","is_chip":0,"probability":"0.78"},
		"4": {"group_id":10005,"index":4,"id":0,"num":0,"is_up":0,"star":"5星","name":"其他5星","is_chip":0,"probability":"2.5"},
		"5": {"group_id":10005,"index":5,"id":0,"num":0,"is_up":0,"star":"4星","name":"4星英雄","is_chip":0,"probability":"15"},
		"6": {"group_id":10005,"index":6,"id":0,"num":0,"is_up":0,"star":"3星","name":"3星英雄","is_chip":0,"probability":"80"}
	},
	"10006": {
		"1": {"group_id":10006,"index":1,"id":27406,"num":1,"is_up":1,"star":"5星","name":"神灵大祭司","is_chip":0,"probability":"0.94"},
		"2": {"group_id":10006,"index":2,"id":26406,"num":1,"is_up":1,"star":"5星","name":"潘","is_chip":0,"probability":"0.78"},
		"3": {"group_id":10006,"index":3,"id":25408,"num":1,"is_up":1,"star":"5星","name":"洛基","is_chip":0,"probability":"0.78"},
		"4": {"group_id":10006,"index":4,"id":0,"num":0,"is_up":0,"star":"5星","name":"其他5星","is_chip":0,"probability":"2.5"},
		"5": {"group_id":10006,"index":5,"id":0,"num":0,"is_up":0,"star":"4星","name":"4星英雄","is_chip":0,"probability":"15"},
		"6": {"group_id":10006,"index":6,"id":0,"num":0,"is_up":0,"star":"3星","name":"3星英雄","is_chip":0,"probability":"80"}
	}
},
"data_hero_show_length" : 6,
"data_hero_show" : {"10001":[{"group_id":10001,"id":24400,"num":1,"name":"娜迦公主","probability":"0.037"},{"group_id":10001,"id":24401,"num":1,"name":"冰雪女王","probability":"0.015"},{"group_id":10001,"id":24402,"num":1,"name":"冰霜巨龙","probability":"0.037"},{"group_id":10001,"id":24403,"num":1,"name":"泰坦","probability":"0.015"},{"group_id":10001,"id":24404,"num":1,"name":"波塞冬","probability":"0.78"},{"group_id":10001,"id":24405,"num":1,"name":"派西斯","probability":"0.185"},{"group_id":10001,"id":24406,"num":1,"name":"少年梅林","probability":"0.037"},{"group_id":10001,"id":24407,"num":1,"name":"海宁芙","probability":"0.185"},{"group_id":10001,"id":24408,"num":1,"name":"阿瑞斯","probability":"0.185"},{"group_id":10001,"id":25400,"num":1,"name":"炽天使","probability":"0.037"},{"group_id":10001,"id":25401,"num":1,"name":"炎魔之王","probability":"0.037"},{"group_id":10001,"id":25402,"num":1,"name":"剑豪卡赞","probability":"0.185"},{"group_id":10001,"id":25403,"num":1,"name":"菲尼克斯","probability":"0.037"},{"group_id":10001,"id":25404,"num":1,"name":"阿波罗","probability":"0.037"},{"group_id":10001,"id":25405,"num":1,"name":"吸血伯爵","probability":"0.185"},{"group_id":10001,"id":25406,"num":1,"name":"普罗米修斯","probability":"0.037"},{"group_id":10001,"id":25407,"num":1,"name":"瓦尔基里","probability":"0.78"},{"group_id":10001,"id":26400,"num":1,"name":"奥丁","probability":"0.037"},{"group_id":10001,"id":26401,"num":1,"name":"影刹","probability":"0.015"},{"group_id":10001,"id":26402,"num":1,"name":"凯兰崔尔","probability":"0.185"},{"group_id":10001,"id":26403,"num":1,"name":"魅魔女王","probability":"0.037"},{"group_id":10001,"id":26404,"num":1,"name":"美杜莎","probability":"0.186"},{"group_id":10001,"id":26405,"num":1,"name":"雅典娜","probability":"0.037"},{"group_id":10001,"id":26406,"num":1,"name":"潘","probability":"0.015"},{"group_id":10001,"id":26407,"num":1,"name":"斯芬克斯","probability":"0.015"},{"group_id":10001,"id":27400,"num":1,"name":"伊西斯","probability":"0.075"},{"group_id":10001,"id":27401,"num":1,"name":"宙斯","probability":"0.01"},{"group_id":10001,"id":27402,"num":1,"name":"赫拉","probability":"0.058"},{"group_id":10001,"id":27403,"num":1,"name":"雷神","probability":"0.058"},{"group_id":10001,"id":27404,"num":1,"name":"盖亚","probability":"0.075"},{"group_id":10001,"id":27405,"num":1,"name":"艾蕾莉亚","probability":"0.058"},{"group_id":10001,"id":27406,"num":1,"name":"神灵大祭司","probability":"0.01"},{"group_id":10001,"id":28400,"num":1,"name":"蛇女墨莎","probability":"0.075"},{"group_id":10001,"id":28401,"num":1,"name":"哈迪斯","probability":"0.01"},{"group_id":10001,"id":28402,"num":1,"name":"亚巴顿","probability":"0.058"},{"group_id":10001,"id":28403,"num":1,"name":"黑暗之主","probability":"0.94"},{"group_id":10001,"id":28404,"num":1,"name":"阿努比斯","probability":"0.058"},{"group_id":10001,"id":28405,"num":1,"name":"路西法","probability":"0.075"},{"group_id":10001,"id":28406,"num":1,"name":"潘多拉","probability":"0.01"},{"group_id":10001,"id":24300,"num":1,"name":"亚瑟","probability":"0.66"},{"group_id":10001,"id":24301,"num":1,"name":"竖琴海妖","probability":"0.67"},{"group_id":10001,"id":24302,"num":1,"name":"水元素","probability":"0.67"},{"group_id":10001,"id":24303,"num":1,"name":"冰晶女巫","probability":"0.67"},{"group_id":10001,"id":24304,"num":1,"name":"娜迦侍女","probability":"0.67"},{"group_id":10001,"id":25300,"num":1,"name":"火枪艾克","probability":"0.67"},{"group_id":10001,"id":25301,"num":1,"name":"凯瑟琳","probability":"0.67"},{"group_id":10001,"id":25302,"num":1,"name":"阿伽门农","probability":"0.67"},{"group_id":10001,"id":25303,"num":1,"name":"雷诺蛮锤","probability":"0.67"},{"group_id":10001,"id":25304,"num":1,"name":"翼女","probability":"0.67"},{"group_id":10001,"id":26300,"num":1,"name":"吟游诗人","probability":"0.67"},{"group_id":10001,"id":26301,"num":1,"name":"亡灵收割者","probability":"0.67"},{"group_id":10001,"id":26302,"num":1,"name":"圣锤提尔","probability":"0.67"},{"group_id":10001,"id":26303,"num":1,"name":"甘道夫","probability":"0.67"},{"group_id":10001,"id":26304,"num":1,"name":"德鲁伊","probability":"0.67"},{"group_id":10001,"id":27300,"num":1,"name":"光明牧师","probability":"0.62"},{"group_id":10001,"id":27301,"num":1,"name":"月之祭司","probability":"0.62"},{"group_id":10001,"id":27302,"num":1,"name":"精灵王子","probability":"0.62"},{"group_id":10001,"id":27303,"num":1,"name":"丘比特","probability":"0.62"},{"group_id":10001,"id":28300,"num":1,"name":"毒咒女巫","probability":"0.62"},{"group_id":10001,"id":28301,"num":1,"name":"死亡骑士","probability":"0.62"},{"group_id":10001,"id":28302,"num":1,"name":"阿喀琉斯","probability":"0.62"},{"group_id":10001,"id":28303,"num":1,"name":"黑精灵密言","probability":"0.62"},{"group_id":10001,"id":24200,"num":1,"name":"魔法女学徒","probability":"4.8"},{"group_id":10001,"id":24201,"num":1,"name":"美狄亚","probability":"4.7"},{"group_id":10001,"id":24202,"num":1,"name":"破坏者","probability":"4.7"},{"group_id":10001,"id":24203,"num":1,"name":"咒法师","probability":"4.7"},{"group_id":10001,"id":24204,"num":1,"name":"月之骑士","probability":"4.7"},{"group_id":10001,"id":25200,"num":1,"name":"邪狼·加鲁鲁","probability":"4.7"},{"group_id":10001,"id":25201,"num":1,"name":"末日守卫","probability":"4.7"},{"group_id":10001,"id":25202,"num":1,"name":"吉尔伽美什","probability":"4.7"},{"group_id":10001,"id":25203,"num":1,"name":"地狱火","probability":"4.7"},{"group_id":10001,"id":25204,"num":1,"name":"奥杜尔·铜须","probability":"4.7"},{"group_id":10001,"id":26200,"num":1,"name":"树人","probability":"4.7"},{"group_id":10001,"id":26201,"num":1,"name":"风暴猎手","probability":"4.7"},{"group_id":10001,"id":26202,"num":1,"name":"雷霆狮鹫","probability":"4.7"},{"group_id":10001,"id":26203,"num":1,"name":"岩灵","probability":"4.7"},{"group_id":10001,"id":26204,"num":1,"name":"游侠射手","probability":"4.7"},{"group_id":10001,"id":28200,"num":1,"name":"巨魔巫医","probability":"4.7"},{"group_id":10001,"id":27200,"num":1,"name":"光之苏尔","probability":"4.7"}],
"10002":[{"group_id":10002,"id":24400,"num":1,"name":"娜迦公主","probability":"0.78"},{"group_id":10002,"id":24401,"num":1,"name":"冰雪女王","probability":"0.015"},{"group_id":10002,"id":24402,"num":1,"name":"冰霜巨龙","probability":"0.037"},{"group_id":10002,"id":24403,"num":1,"name":"泰坦","probability":"0.015"},{"group_id":10002,"id":24404,"num":1,"name":"波塞冬","probability":"0.015"},{"group_id":10002,"id":24405,"num":1,"name":"派西斯","probability":"0.185"},{"group_id":10002,"id":24406,"num":1,"name":"少年梅林","probability":"0.037"},{"group_id":10002,"id":24407,"num":1,"name":"海宁芙","probability":"0.185"},{"group_id":10002,"id":24408,"num":1,"name":"阿瑞斯","probability":"0.185"},{"group_id":10002,"id":25400,"num":1,"name":"炽天使","probability":"0.037"},{"group_id":10002,"id":25401,"num":1,"name":"炎魔之王","probability":"0.037"},{"group_id":10002,"id":25402,"num":1,"name":"剑豪卡赞","probability":"0.185"},{"group_id":10002,"id":25403,"num":1,"name":"菲尼克斯","probability":"0.037"},{"group_id":10002,"id":25404,"num":1,"name":"阿波罗","probability":"0.037"},{"group_id":10002,"id":25405,"num":1,"name":"吸血伯爵","probability":"0.185"},{"group_id":10002,"id":25406,"num":1,"name":"普罗米修斯","probability":"0.037"},{"group_id":10002,"id":25407,"num":1,"name":"瓦尔基里","probability":"0.015"},{"group_id":10002,"id":26400,"num":1,"name":"奥丁","probability":"0.037"},{"group_id":10002,"id":26401,"num":1,"name":"影刹","probability":"0.015"},{"group_id":10002,"id":26402,"num":1,"name":"凯兰崔尔","probability":"0.185"},{"group_id":10002,"id":26403,"num":1,"name":"魅魔女王","probability":"0.037"},{"group_id":10002,"id":26404,"num":1,"name":"美杜莎","probability":"0.186"},{"group_id":10002,"id":26405,"num":1,"name":"雅典娜","probability":"0.037"},{"group_id":10002,"id":26406,"num":1,"name":"潘","probability":"0.015"},{"group_id":10002,"id":26407,"num":1,"name":"斯芬克斯","probability":"0.78"},{"group_id":10002,"id":27400,"num":1,"name":"伊西斯","probability":"0.075"},{"group_id":10002,"id":27401,"num":1,"name":"宙斯","probability":"0.01"},{"group_id":10002,"id":27402,"num":1,"name":"赫拉","probability":"0.058"},{"group_id":10002,"id":27403,"num":1,"name":"雷神","probability":"0.058"},{"group_id":10002,"id":27404,"num":1,"name":"盖亚","probability":"0.075"},{"group_id":10002,"id":27405,"num":1,"name":"艾蕾莉亚","probability":"0.058"},{"group_id":10002,"id":27406,"num":1,"name":"神灵大祭司","probability":"0.94"},{"group_id":10002,"id":28400,"num":1,"name":"蛇女墨莎","probability":"0.075"},{"group_id":10002,"id":28401,"num":1,"name":"哈迪斯","probability":"0.01"},{"group_id":10002,"id":28402,"num":1,"name":"亚巴顿","probability":"0.058"},{"group_id":10002,"id":28403,"num":1,"name":"黑暗之主","probability":"0.01"},{"group_id":10002,"id":28404,"num":1,"name":"阿努比斯","probability":"0.058"},{"group_id":10002,"id":28405,"num":1,"name":"路西法","probability":"0.075"},{"group_id":10002,"id":28406,"num":1,"name":"潘多拉","probability":"0.01"},{"group_id":10002,"id":24300,"num":1,"name":"亚瑟","probability":"0.66"},{"group_id":10002,"id":24301,"num":1,"name":"竖琴海妖","probability":"0.67"},{"group_id":10002,"id":24302,"num":1,"name":"水元素","probability":"0.67"},{"group_id":10002,"id":24303,"num":1,"name":"冰晶女巫","probability":"0.67"},{"group_id":10002,"id":24304,"num":1,"name":"娜迦侍女","probability":"0.67"},{"group_id":10002,"id":25300,"num":1,"name":"火枪艾克","probability":"0.67"},{"group_id":10002,"id":25301,"num":1,"name":"凯瑟琳","probability":"0.67"},{"group_id":10002,"id":25302,"num":1,"name":"阿伽门农","probability":"0.67"},{"group_id":10002,"id":25303,"num":1,"name":"雷诺蛮锤","probability":"0.67"},{"group_id":10002,"id":25304,"num":1,"name":"翼女","probability":"0.67"},{"group_id":10002,"id":26300,"num":1,"name":"吟游诗人","probability":"0.67"},{"group_id":10002,"id":26301,"num":1,"name":"亡灵收割者","probability":"0.67"},{"group_id":10002,"id":26302,"num":1,"name":"圣锤提尔","probability":"0.67"},{"group_id":10002,"id":26303,"num":1,"name":"甘道夫","probability":"0.67"},{"group_id":10002,"id":26304,"num":1,"name":"德鲁伊","probability":"0.67"},{"group_id":10002,"id":27300,"num":1,"name":"光明牧师","probability":"0.62"},{"group_id":10002,"id":27301,"num":1,"name":"月之祭司","probability":"0.62"},{"group_id":10002,"id":27302,"num":1,"name":"精灵王子","probability":"0.62"},{"group_id":10002,"id":27303,"num":1,"name":"丘比特","probability":"0.62"},{"group_id":10002,"id":28300,"num":1,"name":"毒咒女巫","probability":"0.62"},{"group_id":10002,"id":28301,"num":1,"name":"死亡骑士","probability":"0.62"},{"group_id":10002,"id":28302,"num":1,"name":"阿喀琉斯","probability":"0.62"},{"group_id":10002,"id":28303,"num":1,"name":"黑精灵密言","probability":"0.62"},{"group_id":10002,"id":24200,"num":1,"name":"魔法女学徒","probability":"4.8"},{"group_id":10002,"id":24201,"num":1,"name":"美狄亚","probability":"4.7"},{"group_id":10002,"id":24202,"num":1,"name":"破坏者","probability":"4.7"},{"group_id":10002,"id":24203,"num":1,"name":"咒法师","probability":"4.7"},{"group_id":10002,"id":24204,"num":1,"name":"月之骑士","probability":"4.7"},{"group_id":10002,"id":25200,"num":1,"name":"邪狼·加鲁鲁","probability":"4.7"},{"group_id":10002,"id":25201,"num":1,"name":"末日守卫","probability":"4.7"},{"group_id":10002,"id":25202,"num":1,"name":"吉尔伽美什","probability":"4.7"},{"group_id":10002,"id":25203,"num":1,"name":"地狱火","probability":"4.7"},{"group_id":10002,"id":25204,"num":1,"name":"奥杜尔·铜须","probability":"4.7"},{"group_id":10002,"id":26200,"num":1,"name":"树人","probability":"4.7"},{"group_id":10002,"id":26201,"num":1,"name":"风暴猎手","probability":"4.7"},{"group_id":10002,"id":26202,"num":1,"name":"雷霆狮鹫","probability":"4.7"},{"group_id":10002,"id":26203,"num":1,"name":"岩灵","probability":"4.7"},{"group_id":10002,"id":26204,"num":1,"name":"游侠射手","probability":"4.7"},{"group_id":10002,"id":28200,"num":1,"name":"巨魔巫医","probability":"4.7"},{"group_id":10002,"id":27200,"num":1,"name":"光之苏尔","probability":"4.7"}],
"10003":[{"group_id":10003,"id":24400,"num":1,"name":"娜迦公主","probability":"0.037"},{"group_id":10003,"id":24401,"num":1,"name":"冰雪女王","probability":"0.015"},{"group_id":10003,"id":24402,"num":1,"name":"冰霜巨龙","probability":"0.037"},{"group_id":10003,"id":24403,"num":1,"name":"泰坦","probability":"0.015"},{"group_id":10003,"id":24404,"num":1,"name":"波塞冬","probability":"0.78"},{"group_id":10003,"id":24405,"num":1,"name":"派西斯","probability":"0.185"},{"group_id":10003,"id":24406,"num":1,"name":"少年梅林","probability":"0.037"},{"group_id":10003,"id":24407,"num":1,"name":"海宁芙","probability":"0.185"},{"group_id":10003,"id":24408,"num":1,"name":"阿瑞斯","probability":"0.185"},{"group_id":10003,"id":25400,"num":1,"name":"炽天使","probability":"0.037"},{"group_id":10003,"id":25401,"num":1,"name":"炎魔之王","probability":"0.037"},{"group_id":10003,"id":25402,"num":1,"name":"剑豪卡赞","probability":"0.185"},{"group_id":10003,"id":25403,"num":1,"name":"菲尼克斯","probability":"0.78"},{"group_id":10003,"id":25404,"num":1,"name":"阿波罗","probability":"0.037"},{"group_id":10003,"id":25405,"num":1,"name":"吸血伯爵","probability":"0.185"},{"group_id":10003,"id":25406,"num":1,"name":"普罗米修斯","probability":"0.037"},{"group_id":10003,"id":25407,"num":1,"name":"瓦尔基里","probability":"0.015"},{"group_id":10003,"id":25408,"num":1,"name":"洛基","probability":"0.015"},{"group_id":10003,"id":26400,"num":1,"name":"奥丁","probability":"0.037"},{"group_id":10003,"id":26401,"num":1,"name":"影刹","probability":"0.114"},{"group_id":10003,"id":26402,"num":1,"name":"凯兰崔尔","probability":"0.185"},{"group_id":10003,"id":26403,"num":1,"name":"魅魔女王","probability":"0.037"},{"group_id":10003,"id":26404,"num":1,"name":"美杜莎","probability":"0.186"},{"group_id":10003,"id":26405,"num":1,"name":"雅典娜","probability":"0.037"},{"group_id":10003,"id":26406,"num":1,"name":"潘","probability":"0.015"},{"group_id":10003,"id":26407,"num":1,"name":"斯芬克斯","probability":"0.015"},{"group_id":10003,"id":27400,"num":1,"name":"伊西斯","probability":"0.075"},{"group_id":10003,"id":27401,"num":1,"name":"宙斯","probability":"0.94"},{"group_id":10003,"id":27402,"num":1,"name":"赫拉","probability":"0.058"},{"group_id":10003,"id":27403,"num":1,"name":"雷神","probability":"0.058"},{"group_id":10003,"id":27404,"num":1,"name":"盖亚","probability":"0.075"},{"group_id":10003,"id":27405,"num":1,"name":"艾蕾莉亚","probability":"0.058"},{"group_id":10003,"id":27406,"num":1,"name":"神灵大祭司","probability":"0.01"},{"group_id":10003,"id":28400,"num":1,"name":"蛇女墨莎","probability":"0.075"},{"group_id":10003,"id":28401,"num":1,"name":"哈迪斯","probability":"0.01"},{"group_id":10003,"id":28402,"num":1,"name":"亚巴顿","probability":"0.058"},{"group_id":10003,"id":28403,"num":1,"name":"黑暗之主","probability":"0.01"},{"group_id":10003,"id":28404,"num":1,"name":"阿努比斯","probability":"0.058"},{"group_id":10003,"id":28405,"num":1,"name":"路西法","probability":"0.075"},{"group_id":10003,"id":28406,"num":1,"name":"潘多拉","probability":"0.01"},{"group_id":10003,"id":24300,"num":1,"name":"亚瑟","probability":"0.66"},{"group_id":10003,"id":24301,"num":1,"name":"竖琴海妖","probability":"0.67"},{"group_id":10003,"id":24302,"num":1,"name":"水元素","probability":"0.67"},{"group_id":10003,"id":24303,"num":1,"name":"冰晶女巫","probability":"0.67"},{"group_id":10003,"id":24304,"num":1,"name":"娜迦侍女","probability":"0.67"},{"group_id":10003,"id":25300,"num":1,"name":"火枪艾克","probability":"0.67"},{"group_id":10003,"id":25301,"num":1,"name":"凯瑟琳","probability":"0.67"},{"group_id":10003,"id":25302,"num":1,"name":"阿伽门农","probability":"0.67"},{"group_id":10003,"id":25303,"num":1,"name":"雷诺蛮锤","probability":"0.67"},{"group_id":10003,"id":25304,"num":1,"name":"翼女","probability":"0.67"},{"group_id":10003,"id":26300,"num":1,"name":"吟游诗人","probability":"0.67"},{"group_id":10003,"id":26301,"num":1,"name":"亡灵收割者","probability":"0.67"},{"group_id":10003,"id":26302,"num":1,"name":"圣锤提尔","probability":"0.67"},{"group_id":10003,"id":26303,"num":1,"name":"甘道夫","probability":"0.67"},{"group_id":10003,"id":26304,"num":1,"name":"德鲁伊","probability":"0.67"},{"group_id":10003,"id":27300,"num":1,"name":"光明牧师","probability":"0.62"},{"group_id":10003,"id":27301,"num":1,"name":"月之祭司","probability":"0.62"},{"group_id":10003,"id":27302,"num":1,"name":"精灵王子","probability":"0.62"},{"group_id":10003,"id":27303,"num":1,"name":"丘比特","probability":"0.62"},{"group_id":10003,"id":28300,"num":1,"name":"毒咒女巫","probability":"0.62"},{"group_id":10003,"id":28301,"num":1,"name":"死亡骑士","probability":"0.62"},{"group_id":10003,"id":28302,"num":1,"name":"阿喀琉斯","probability":"0.62"},{"group_id":10003,"id":28303,"num":1,"name":"黑精灵密言","probability":"0.62"},{"group_id":10003,"id":24200,"num":1,"name":"魔法女学徒","probability":"4.8"},{"group_id":10003,"id":24201,"num":1,"name":"美狄亚","probability":"4.7"},{"group_id":10003,"id":24202,"num":1,"name":"破坏者","probability":"4.7"},{"group_id":10003,"id":24203,"num":1,"name":"咒法师","probability":"4.7"},{"group_id":10003,"id":24204,"num":1,"name":"月之骑士","probability":"4.7"},{"group_id":10003,"id":25200,"num":1,"name":"邪狼·加鲁鲁","probability":"4.7"},{"group_id":10003,"id":25201,"num":1,"name":"末日守卫","probability":"4.7"},{"group_id":10003,"id":25202,"num":1,"name":"吉尔伽美什","probability":"4.7"},{"group_id":10003,"id":25203,"num":1,"name":"地狱火","probability":"4.7"},{"group_id":10003,"id":25204,"num":1,"name":"奥杜尔·铜须","probability":"4.7"},{"group_id":10003,"id":26200,"num":1,"name":"树人","probability":"4.7"},{"group_id":10003,"id":26201,"num":1,"name":"风暴猎手","probability":"4.7"},{"group_id":10003,"id":26202,"num":1,"name":"雷霆狮鹫","probability":"4.7"},{"group_id":10003,"id":26203,"num":1,"name":"岩灵","probability":"4.7"},{"group_id":10003,"id":26204,"num":1,"name":"游侠射手","probability":"4.7"},{"group_id":10003,"id":28200,"num":1,"name":"巨魔巫医","probability":"4.7"},{"group_id":10003,"id":27200,"num":1,"name":"光之苏尔","probability":"4.7"}],
"10004":[{"group_id":10004,"id":24400,"num":1,"name":"娜迦公主","probability":"0.037"},{"group_id":10004,"id":24401,"num":1,"name":"冰雪女王","probability":"0.015"},{"group_id":10004,"id":24402,"num":1,"name":"冰霜巨龙","probability":"0.037"},{"group_id":10004,"id":24403,"num":1,"name":"泰坦","probability":"0.015"},{"group_id":10004,"id":24404,"num":1,"name":"波塞冬","probability":"0.037"},{"group_id":10004,"id":24405,"num":1,"name":"派西斯","probability":"0.185"},{"group_id":10004,"id":24406,"num":1,"name":"少年梅林","probability":"0.037"},{"group_id":10004,"id":24407,"num":1,"name":"海宁芙","probability":"0.185"},{"group_id":10004,"id":24408,"num":1,"name":"阿瑞斯","probability":"0.185"},{"group_id":10004,"id":25400,"num":1,"name":"炽天使","probability":"0.037"},{"group_id":10004,"id":25401,"num":1,"name":"炎魔之王","probability":"0.037"},{"group_id":10004,"id":25402,"num":1,"name":"剑豪卡赞","probability":"0.185"},{"group_id":10004,"id":25403,"num":1,"name":"菲尼克斯","probability":"0.015"},{"group_id":10004,"id":25404,"num":1,"name":"阿波罗","probability":"0.037"},{"group_id":10004,"id":25405,"num":1,"name":"吸血伯爵","probability":"0.185"},{"group_id":10004,"id":25406,"num":1,"name":"普罗米修斯","probability":"0.037"},{"group_id":10004,"id":25407,"num":1,"name":"瓦尔基里","probability":"0.015"},{"group_id":10004,"id":25408,"num":1,"name":"洛基","probability":"0.015"},{"group_id":10004,"id":26400,"num":1,"name":"奥丁","probability":"0.037"},{"group_id":10004,"id":26401,"num":1,"name":"影刹","probability":"0.114"},{"group_id":10004,"id":26402,"num":1,"name":"凯兰崔尔","probability":"0.185"},{"group_id":10004,"id":26403,"num":1,"name":"魅魔女王","probability":"0.037"},{"group_id":10004,"id":26404,"num":1,"name":"美杜莎","probability":"0.186"},{"group_id":10004,"id":26405,"num":1,"name":"雅典娜","probability":"0.78"},{"group_id":10004,"id":26406,"num":1,"name":"潘","probability":"0.015"},{"group_id":10004,"id":26407,"num":1,"name":"斯芬克斯","probability":"0.78"},{"group_id":10004,"id":27400,"num":1,"name":"伊西斯","probability":"0.075"},{"group_id":10004,"id":27401,"num":1,"name":"宙斯","probability":"0.01"},{"group_id":10004,"id":27402,"num":1,"name":"赫拉","probability":"0.058"},{"group_id":10004,"id":27403,"num":1,"name":"雷神","probability":"0.058"},{"group_id":10004,"id":27404,"num":1,"name":"盖亚","probability":"0.075"},{"group_id":10004,"id":27405,"num":1,"name":"艾蕾莉亚","probability":"0.058"},{"group_id":10004,"id":27406,"num":1,"name":"神灵大祭司","probability":"0.01"},{"group_id":10004,"id":28400,"num":1,"name":"蛇女墨莎","probability":"0.075"},{"group_id":10004,"id":28401,"num":1,"name":"哈迪斯","probability":"0.01"},{"group_id":10004,"id":28402,"num":1,"name":"亚巴顿","probability":"0.058"},{"group_id":10004,"id":28403,"num":1,"name":"黑暗之主","probability":"0.01"},{"group_id":10004,"id":28404,"num":1,"name":"阿努比斯","probability":"0.058"},{"group_id":10004,"id":28405,"num":1,"name":"路西法","probability":"0.075"},{"group_id":10004,"id":28406,"num":1,"name":"潘多拉","probability":"0.94"},{"group_id":10004,"id":24300,"num":1,"name":"亚瑟","probability":"0.66"},{"group_id":10004,"id":24301,"num":1,"name":"竖琴海妖","probability":"0.67"},{"group_id":10004,"id":24302,"num":1,"name":"水元素","probability":"0.67"},{"group_id":10004,"id":24303,"num":1,"name":"冰晶女巫","probability":"0.67"},{"group_id":10004,"id":24304,"num":1,"name":"娜迦侍女","probability":"0.67"},{"group_id":10004,"id":25300,"num":1,"name":"火枪艾克","probability":"0.67"},{"group_id":10004,"id":25301,"num":1,"name":"凯瑟琳","probability":"0.67"},{"group_id":10004,"id":25302,"num":1,"name":"阿伽门农","probability":"0.67"},{"group_id":10004,"id":25303,"num":1,"name":"雷诺蛮锤","probability":"0.67"},{"group_id":10004,"id":25304,"num":1,"name":"翼女","probability":"0.67"},{"group_id":10004,"id":26300,"num":1,"name":"吟游诗人","probability":"0.67"},{"group_id":10004,"id":26301,"num":1,"name":"亡灵收割者","probability":"0.67"},{"group_id":10004,"id":26302,"num":1,"name":"圣锤提尔","probability":"0.67"},{"group_id":10004,"id":26303,"num":1,"name":"甘道夫","probability":"0.67"},{"group_id":10004,"id":26304,"num":1,"name":"德鲁伊","probability":"0.67"},{"group_id":10004,"id":27300,"num":1,"name":"光明牧师","probability":"0.62"},{"group_id":10004,"id":27301,"num":1,"name":"月之祭司","probability":"0.62"},{"group_id":10004,"id":27302,"num":1,"name":"精灵王子","probability":"0.62"},{"group_id":10004,"id":27303,"num":1,"name":"丘比特","probability":"0.62"},{"group_id":10004,"id":28300,"num":1,"name":"毒咒女巫","probability":"0.62"},{"group_id":10004,"id":28301,"num":1,"name":"死亡骑士","probability":"0.62"},{"group_id":10004,"id":28302,"num":1,"name":"阿喀琉斯","probability":"0.62"},{"group_id":10004,"id":28303,"num":1,"name":"黑精灵密言","probability":"0.62"},{"group_id":10004,"id":24200,"num":1,"name":"魔法女学徒","probability":"4.8"},{"group_id":10004,"id":24201,"num":1,"name":"美狄亚","probability":"4.7"},{"group_id":10004,"id":24202,"num":1,"name":"破坏者","probability":"4.7"},{"group_id":10004,"id":24203,"num":1,"name":"咒法师","probability":"4.7"},{"group_id":10004,"id":24204,"num":1,"name":"月之骑士","probability":"4.7"},{"group_id":10004,"id":25200,"num":1,"name":"邪狼·加鲁鲁","probability":"4.7"},{"group_id":10004,"id":25201,"num":1,"name":"末日守卫","probability":"4.7"},{"group_id":10004,"id":25202,"num":1,"name":"吉尔伽美什","probability":"4.7"},{"group_id":10004,"id":25203,"num":1,"name":"地狱火","probability":"4.7"},{"group_id":10004,"id":25204,"num":1,"name":"奥杜尔·铜须","probability":"4.7"},{"group_id":10004,"id":26200,"num":1,"name":"树人","probability":"4.7"},{"group_id":10004,"id":26201,"num":1,"name":"风暴猎手","probability":"4.7"},{"group_id":10004,"id":26202,"num":1,"name":"雷霆狮鹫","probability":"4.7"},{"group_id":10004,"id":26203,"num":1,"name":"岩灵","probability":"4.7"},{"group_id":10004,"id":26204,"num":1,"name":"游侠射手","probability":"4.7"},{"group_id":10004,"id":28200,"num":1,"name":"巨魔巫医","probability":"4.7"},{"group_id":10004,"id":27200,"num":1,"name":"光之苏尔","probability":"4.7"}],
"10005":[{"group_id":10005,"id":24400,"num":1,"name":"娜迦公主","probability":"0.037"},{"group_id":10005,"id":24401,"num":1,"name":"冰雪女王","probability":"0.015"},{"group_id":10005,"id":24402,"num":1,"name":"冰霜巨龙","probability":"0.037"},{"group_id":10005,"id":24403,"num":1,"name":"泰坦","probability":"0.015"},{"group_id":10005,"id":24404,"num":1,"name":"波塞冬","probability":"0.78"},{"group_id":10005,"id":24405,"num":1,"name":"派西斯","probability":"0.185"},{"group_id":10005,"id":24406,"num":1,"name":"少年梅林","probability":"0.037"},{"group_id":10005,"id":24407,"num":1,"name":"海宁芙","probability":"0.185"},{"group_id":10005,"id":24408,"num":1,"name":"阿瑞斯","probability":"0.185"},{"group_id":10005,"id":25400,"num":1,"name":"炽天使","probability":"0.037"},{"group_id":10005,"id":25401,"num":1,"name":"炎魔之王","probability":"0.037"},{"group_id":10005,"id":25402,"num":1,"name":"剑豪卡赞","probability":"0.185"},{"group_id":10005,"id":25403,"num":1,"name":"菲尼克斯","probability":"0.015"},{"group_id":10005,"id":25404,"num":1,"name":"阿波罗","probability":"0.037"},{"group_id":10005,"id":25405,"num":1,"name":"吸血伯爵","probability":"0.185"},{"group_id":10005,"id":25406,"num":1,"name":"普罗米修斯","probability":"0.037"},{"group_id":10005,"id":25407,"num":1,"name":"瓦尔基里","probability":"0.78"},{"group_id":10005,"id":25408,"num":1,"name":"洛基","probability":"0.015"},{"group_id":10005,"id":26400,"num":1,"name":"奥丁","probability":"0.037"},{"group_id":10005,"id":26401,"num":1,"name":"影刹","probability":"0.114"},{"group_id":10005,"id":26402,"num":1,"name":"凯兰崔尔","probability":"0.185"},{"group_id":10005,"id":26403,"num":1,"name":"魅魔女王","probability":"0.037"},{"group_id":10005,"id":26404,"num":1,"name":"美杜莎","probability":"0.186"},{"group_id":10005,"id":26405,"num":1,"name":"雅典娜","probability":"0.037"},{"group_id":10005,"id":26406,"num":1,"name":"潘","probability":"0.015"},{"group_id":10005,"id":26407,"num":1,"name":"斯芬克斯","probability":"0.015"},{"group_id":10005,"id":27400,"num":1,"name":"伊西斯","probability":"0.075"},{"group_id":10005,"id":27401,"num":1,"name":"宙斯","probability":"0.01"},{"group_id":10005,"id":27402,"num":1,"name":"赫拉","probability":"0.058"},{"group_id":10005,"id":27403,"num":1,"name":"雷神","probability":"0.058"},{"group_id":10005,"id":27404,"num":1,"name":"盖亚","probability":"0.075"},{"group_id":10005,"id":27405,"num":1,"name":"艾蕾莉亚","probability":"0.058"},{"group_id":10005,"id":27406,"num":1,"name":"神灵大祭司","probability":"0.01"},{"group_id":10005,"id":28400,"num":1,"name":"蛇女墨莎","probability":"0.075"},{"group_id":10005,"id":28401,"num":1,"name":"哈迪斯","probability":"0.01"},{"group_id":10005,"id":28402,"num":1,"name":"亚巴顿","probability":"0.058"},{"group_id":10005,"id":28403,"num":1,"name":"黑暗之主","probability":"0.94"},{"group_id":10005,"id":28404,"num":1,"name":"阿努比斯","probability":"0.058"},{"group_id":10005,"id":28405,"num":1,"name":"路西法","probability":"0.075"},{"group_id":10005,"id":28406,"num":1,"name":"潘多拉","probability":"0.01"},{"group_id":10005,"id":24300,"num":1,"name":"亚瑟","probability":"0.66"},{"group_id":10005,"id":24301,"num":1,"name":"竖琴海妖","probability":"0.67"},{"group_id":10005,"id":24302,"num":1,"name":"水元素","probability":"0.67"},{"group_id":10005,"id":24303,"num":1,"name":"冰晶女巫","probability":"0.67"},{"group_id":10005,"id":24304,"num":1,"name":"娜迦侍女","probability":"0.67"},{"group_id":10005,"id":25300,"num":1,"name":"火枪艾克","probability":"0.67"},{"group_id":10005,"id":25301,"num":1,"name":"凯瑟琳","probability":"0.67"},{"group_id":10005,"id":25302,"num":1,"name":"阿伽门农","probability":"0.67"},{"group_id":10005,"id":25303,"num":1,"name":"雷诺蛮锤","probability":"0.67"},{"group_id":10005,"id":25304,"num":1,"name":"翼女","probability":"0.67"},{"group_id":10005,"id":26300,"num":1,"name":"吟游诗人","probability":"0.67"},{"group_id":10005,"id":26301,"num":1,"name":"亡灵收割者","probability":"0.67"},{"group_id":10005,"id":26302,"num":1,"name":"圣锤提尔","probability":"0.67"},{"group_id":10005,"id":26303,"num":1,"name":"甘道夫","probability":"0.67"},{"group_id":10005,"id":26304,"num":1,"name":"德鲁伊","probability":"0.67"},{"group_id":10005,"id":27300,"num":1,"name":"光明牧师","probability":"0.62"},{"group_id":10005,"id":27301,"num":1,"name":"月之祭司","probability":"0.62"},{"group_id":10005,"id":27302,"num":1,"name":"精灵王子","probability":"0.62"},{"group_id":10005,"id":27303,"num":1,"name":"丘比特","probability":"0.62"},{"group_id":10005,"id":28300,"num":1,"name":"毒咒女巫","probability":"0.62"},{"group_id":10005,"id":28301,"num":1,"name":"死亡骑士","probability":"0.62"},{"group_id":10005,"id":28302,"num":1,"name":"阿喀琉斯","probability":"0.62"},{"group_id":10005,"id":28303,"num":1,"name":"黑精灵密言","probability":"0.62"},{"group_id":10005,"id":24200,"num":1,"name":"魔法女学徒","probability":"4.8"},{"group_id":10005,"id":24201,"num":1,"name":"美狄亚","probability":"4.7"},{"group_id":10005,"id":24202,"num":1,"name":"破坏者","probability":"4.7"},{"group_id":10005,"id":24203,"num":1,"name":"咒法师","probability":"4.7"},{"group_id":10005,"id":24204,"num":1,"name":"月之骑士","probability":"4.7"},{"group_id":10005,"id":25200,"num":1,"name":"邪狼·加鲁鲁","probability":"4.7"},{"group_id":10005,"id":25201,"num":1,"name":"末日守卫","probability":"4.7"},{"group_id":10005,"id":25202,"num":1,"name":"吉尔伽美什","probability":"4.7"},{"group_id":10005,"id":25203,"num":1,"name":"地狱火","probability":"4.7"},{"group_id":10005,"id":25204,"num":1,"name":"奥杜尔·铜须","probability":"4.7"},{"group_id":10005,"id":26200,"num":1,"name":"树人","probability":"4.7"},{"group_id":10005,"id":26201,"num":1,"name":"风暴猎手","probability":"4.7"},{"group_id":10005,"id":26202,"num":1,"name":"雷霆狮鹫","probability":"4.7"},{"group_id":10005,"id":26203,"num":1,"name":"岩灵","probability":"4.7"},{"group_id":10005,"id":26204,"num":1,"name":"游侠射手","probability":"4.7"},{"group_id":10005,"id":28200,"num":1,"name":"巨魔巫医","probability":"4.7"},{"group_id":10005,"id":27200,"num":1,"name":"光之苏尔","probability":"4.7"}],
"10006":[{"group_id":10006,"id":24400,"num":1,"name":"娜迦公主","probability":"0.037"},{"group_id":10006,"id":24401,"num":1,"name":"冰雪女王","probability":"0.015"},{"group_id":10006,"id":24402,"num":1,"name":"冰霜巨龙","probability":"0.037"},{"group_id":10006,"id":24403,"num":1,"name":"泰坦","probability":"0.015"},{"group_id":10006,"id":24404,"num":1,"name":"波塞冬","probability":"0.015"},{"group_id":10006,"id":24405,"num":1,"name":"派西斯","probability":"0.185"},{"group_id":10006,"id":24406,"num":1,"name":"少年梅林","probability":"0.037"},{"group_id":10006,"id":24407,"num":1,"name":"海宁芙","probability":"0.185"},{"group_id":10006,"id":24408,"num":1,"name":"阿瑞斯","probability":"0.185"},{"group_id":10006,"id":25400,"num":1,"name":"炽天使","probability":"0.037"},{"group_id":10006,"id":25401,"num":1,"name":"炎魔之王","probability":"0.037"},{"group_id":10006,"id":25402,"num":1,"name":"剑豪卡赞","probability":"0.185"},{"group_id":10006,"id":25403,"num":1,"name":"菲尼克斯","probability":"0.015"},{"group_id":10006,"id":25404,"num":1,"name":"阿波罗","probability":"0.037"},{"group_id":10006,"id":25405,"num":1,"name":"吸血伯爵","probability":"0.185"},{"group_id":10006,"id":25406,"num":1,"name":"普罗米修斯","probability":"0.037"},{"group_id":10006,"id":25407,"num":1,"name":"瓦尔基里","probability":"0.015"},{"group_id":10006,"id":25408,"num":1,"name":"洛基","probability":"0.78"},{"group_id":10006,"id":26400,"num":1,"name":"奥丁","probability":"0.037"},{"group_id":10006,"id":26401,"num":1,"name":"影刹","probability":"0.114"},{"group_id":10006,"id":26402,"num":1,"name":"凯兰崔尔","probability":"0.185"},{"group_id":10006,"id":26403,"num":1,"name":"魅魔女王","probability":"0.037"},{"group_id":10006,"id":26404,"num":1,"name":"美杜莎","probability":"0.186"},{"group_id":10006,"id":26405,"num":1,"name":"雅典娜","probability":"0.037"},{"group_id":10006,"id":26406,"num":1,"name":"潘","probability":"0.78"},{"group_id":10006,"id":26407,"num":1,"name":"斯芬克斯","probability":"0.015"},{"group_id":10006,"id":27400,"num":1,"name":"伊西斯","probability":"0.075"},{"group_id":10006,"id":27401,"num":1,"name":"宙斯","probability":"0.01"},{"group_id":10006,"id":27402,"num":1,"name":"赫拉","probability":"0.058"},{"group_id":10006,"id":27403,"num":1,"name":"雷神","probability":"0.058"},{"group_id":10006,"id":27404,"num":1,"name":"盖亚","probability":"0.075"},{"group_id":10006,"id":27405,"num":1,"name":"艾蕾莉亚","probability":"0.058"},{"group_id":10006,"id":27406,"num":1,"name":"神灵大祭司","probability":"0.94"},{"group_id":10006,"id":28400,"num":1,"name":"蛇女墨莎","probability":"0.075"},{"group_id":10006,"id":28401,"num":1,"name":"哈迪斯","probability":"0.01"},{"group_id":10006,"id":28402,"num":1,"name":"亚巴顿","probability":"0.058"},{"group_id":10006,"id":28403,"num":1,"name":"黑暗之主","probability":"0.01"},{"group_id":10006,"id":28404,"num":1,"name":"阿努比斯","probability":"0.058"},{"group_id":10006,"id":28405,"num":1,"name":"路西法","probability":"0.075"},{"group_id":10006,"id":28406,"num":1,"name":"潘多拉","probability":"0.01"},{"group_id":10006,"id":24300,"num":1,"name":"亚瑟","probability":"0.66"},{"group_id":10006,"id":24301,"num":1,"name":"竖琴海妖","probability":"0.67"},{"group_id":10006,"id":24302,"num":1,"name":"水元素","probability":"0.67"},{"group_id":10006,"id":24303,"num":1,"name":"冰晶女巫","probability":"0.67"},{"group_id":10006,"id":24304,"num":1,"name":"娜迦侍女","probability":"0.67"},{"group_id":10006,"id":25300,"num":1,"name":"火枪艾克","probability":"0.67"},{"group_id":10006,"id":25301,"num":1,"name":"凯瑟琳","probability":"0.67"},{"group_id":10006,"id":25302,"num":1,"name":"阿伽门农","probability":"0.67"},{"group_id":10006,"id":25303,"num":1,"name":"雷诺蛮锤","probability":"0.67"},{"group_id":10006,"id":25304,"num":1,"name":"翼女","probability":"0.67"},{"group_id":10006,"id":26300,"num":1,"name":"吟游诗人","probability":"0.67"},{"group_id":10006,"id":26301,"num":1,"name":"亡灵收割者","probability":"0.67"},{"group_id":10006,"id":26302,"num":1,"name":"圣锤提尔","probability":"0.67"},{"group_id":10006,"id":26303,"num":1,"name":"甘道夫","probability":"0.67"},{"group_id":10006,"id":26304,"num":1,"name":"德鲁伊","probability":"0.67"},{"group_id":10006,"id":27300,"num":1,"name":"光明牧师","probability":"0.62"},{"group_id":10006,"id":27301,"num":1,"name":"月之祭司","probability":"0.62"},{"group_id":10006,"id":27302,"num":1,"name":"精灵王子","probability":"0.62"},{"group_id":10006,"id":27303,"num":1,"name":"丘比特","probability":"0.62"},{"group_id":10006,"id":28300,"num":1,"name":"毒咒女巫","probability":"0.62"},{"group_id":10006,"id":28301,"num":1,"name":"死亡骑士","probability":"0.62"},{"group_id":10006,"id":28302,"num":1,"name":"阿喀琉斯","probability":"0.62"},{"group_id":10006,"id":28303,"num":1,"name":"黑精灵密言","probability":"0.62"},{"group_id":10006,"id":24200,"num":1,"name":"魔法女学徒","probability":"4.8"},{"group_id":10006,"id":24201,"num":1,"name":"美狄亚","probability":"4.7"},{"group_id":10006,"id":24202,"num":1,"name":"破坏者","probability":"4.7"},{"group_id":10006,"id":24203,"num":1,"name":"咒法师","probability":"4.7"},{"group_id":10006,"id":24204,"num":1,"name":"月之骑士","probability":"4.7"},{"group_id":10006,"id":25200,"num":1,"name":"邪狼·加鲁鲁","probability":"4.7"},{"group_id":10006,"id":25201,"num":1,"name":"末日守卫","probability":"4.7"},{"group_id":10006,"id":25202,"num":1,"name":"吉尔伽美什","probability":"4.7"},{"group_id":10006,"id":25203,"num":1,"name":"地狱火","probability":"4.7"},{"group_id":10006,"id":25204,"num":1,"name":"奥杜尔·铜须","probability":"4.7"},{"group_id":10006,"id":26200,"num":1,"name":"树人","probability":"4.7"},{"group_id":10006,"id":26201,"num":1,"name":"风暴猎手","probability":"4.7"},{"group_id":10006,"id":26202,"num":1,"name":"雷霆狮鹫","probability":"4.7"},{"group_id":10006,"id":26203,"num":1,"name":"岩灵","probability":"4.7"},{"group_id":10006,"id":26204,"num":1,"name":"游侠射手","probability":"4.7"},{"group_id":10006,"id":28200,"num":1,"name":"巨魔巫医","probability":"4.7"},{"group_id":10006,"id":27200,"num":1,"name":"光之苏尔","probability":"4.7"}]
}
}