{"data_get_reward_length" : 14,
"data_get_reward" : {
	"0":{"label":"normal","lev":0,"gold":0,"price":[[3,0]],"old_price":[[3,238]],"items":[[1,200000],[22,100000],[37001,2]],"spe_reward":[10102],"spe_desc":["       ·竞技场次数购买<color=#289b14>3</color>次","       ·快速作战次数<color=#289b14>3</color>次","       ·试练塔购买次数购买<color=#289b14>3</color>次","       ·精灵商店刷新次数<color=#289b14>100</color>次"],"desc":"","ext_reward":[]},
	"1":{"label":"normal","lev":1,"gold":60,"price":[[3,238]],"old_price":[[3,888]],"items":[[10001,300],[37001,3],[1,2000000]],"spe_reward":[10004,10102],"spe_desc":["       ·  角色挂机经验<color=#289b14>+10%</color>--<img src='0001' />","       ·  金币挂机收益<color=#289b14>+10%</color>--<img src='0001' />","       ·  英雄经验挂机收益<color=#289b14>+10%</color>--<img src='0001' />","       ·  离线挂机收益时长<color=#289b14>+2小时</color>--<img src='0001' />","       ·  点金额外金币加成<color=#289b14>+20%</color>--<img src='0001' />","       ·  英雄背包数量上限<color=#289b14>+25</color>--<img src='0001' />","       ·  日常副本购买各<color=#289b14>1次</color>--<img src='0001' />"],"desc":"海量金币","ext_reward":[]},
	"2":{"label":"normal","lev":2,"gold":300,"price":[[3,688]],"old_price":[[3,2880]],"items":[[29404,30],[29504,30],[22,2000000]],"spe_reward":[44303],"spe_desc":["       ·  道具商城高级召唤券<color=#289b14>1折</color>购买--<img src='0001' />","       ·  开启幸运探宝<color=#289b14>15连抽</color>--<img src='0001' />","       ·  角色挂机经验<color=#289b14>+15%</color>","       ·  金币挂机收益<color=#289b14>+15%</color>","       ·  英雄经验挂机收益<color=#289b14>+15%</color>","       ·  离线挂机收益时长<color=#289b14>+3小时</color>","       ·  点金额外金币加成<color=#289b14>+30%</color>","       ·  英雄背包数量上限<color=#289b14>+50</color>","       ·  日常副本购买各<color=#289b14>1次</color>"],"desc":"4星光暗英雄","ext_reward":[]},
	"3":{"label":"normal","lev":3,"gold":1000,"price":[[3,988]],"old_price":[[3,4288]],"items":[[37002,1],[14001,1],[1,4000000]],"spe_reward":[44103],"spe_desc":["<color=#289b14>       ·  开启英雄积分召唤</color>--<img src='0001' />","       ·  角色挂机经验<color=#289b14>+20%</color>","       ·  金币挂机收益<color=#289b14>+20%</color>","       ·  英雄经验挂机收益<color=#289b14>+20%</color>","       ·  离线挂机收益时长<color=#289b14>+4小时</color>","       ·  点金额外金币加成<color=#289b14>+40%</color>","       ·  英雄背包数量上限<color=#289b14>+75</color>","       ·  日常副本购买各<color=#289b14>2次</color>"],"desc":"高级探宝券","ext_reward":[]},
	"4":{"label":"normal","lev":4,"gold":2000,"price":[[3,1888]],"old_price":[[3,8888]],"items":[[29905,50],[14001,1],[22,4000000]],"spe_reward":[10412],"spe_desc":["<color=#289b14>       ·  激活专属头像</color>--<img src='0001' />","       ·  角色挂机经验<color=#289b14>+30%</color>","       ·  金币挂机收益<color=#289b14>+30%</color>","       ·  英雄经验挂机收益<color=#289b14>+30%</color>","       ·  离线挂机收益时长<color=#289b14>+5小时</color>","       ·  点金额外金币加成<color=#289b14>+60%</color>","       ·  英雄背包数量上限<color=#289b14>+100</color>","       ·  日常副本购买各<color=#289b14>2次</color>"],"desc":"5星英雄","ext_reward":[[60001,1]]},
	"5":{"label":"normal","lev":5,"gold":5000,"price":[[3,2288]],"old_price":[[3,10880]],"items":[[26906,50],[14001,1],[1,6000000]],"spe_reward":[20023],"spe_desc":["<color=#289b14>       ·  激活专属头像框</color>--<img src='0001' />","       ·  角色挂机经验<color=#289b14>+40%</color>","       ·  金币挂机收益<color=#289b14>+40%</color>","       ·  英雄经验挂机收益<color=#289b14>+40%</color>","       ·  离线挂机收益时长<color=#289b14>+6小时</color>","       ·  点金额外金币加成<color=#289b14>+80%</color>","       ·  英雄背包数量上限<color=#289b14>+125</color>","       ·  日常副本购买各<color=#289b14>3次</color>"],"desc":"5星潘","ext_reward":[[60101,1]]},
	"6":{"label":"normal","lev":6,"gold":10000,"price":[[3,3888]],"old_price":[[3,18880]],"items":[[26907,50],[14001,2],[10453,1],[22,6000000]],"spe_reward":[10420,10430],"spe_desc":["       ·角色挂机经验<color=#289b14>+50%</color>","       ·金币挂机收益<color=#289b14>+50%</color>","       ·英雄经验挂机收益<color=#289b14>+50%</color>","       ·离线挂机收益时长<color=#289b14>+8小时</color>","       ·点金额外金币加成<color=#289b14>+100%</color>","       ·英雄背包数量上限<color=#289b14>+150</color>","       ·日常副本购买各<color=#289b14>3次</color>"],"desc":"5星斯芬克斯","ext_reward":[]},
	"7":{"label":"normal","lev":7,"gold":15000,"price":[[3,4188]],"old_price":[[3,20880]],"items":[[26907,50],[14001,3],[10453,1],[1,8000000]],"spe_reward":[10030],"spe_desc":["<color=#289b14>       ·  激活专属头像</color>--<img src='0001' />","       ·  角色挂机经验<color=#289b14>+60%</color>","       ·  金币挂机收益<color=#289b14>+60%</color>","       ·  英雄经验挂机收益<color=#289b14>+60%</color>","       ·  离线挂机收益时长<color=#289b14>+10小时</color>","       ·  点金额外金币加成<color=#289b14>+120%</color>","       ·  英雄背包数量上限<color=#289b14>+175</color>","       ·  日常副本购买各<color=#289b14>4次</color>"],"desc":"5星斯芬克斯","ext_reward":[[60002,1]]},
	"8":{"label":"normal","lev":8,"gold":20000,"price":[[3,4688]],"old_price":[[3,23880]],"items":[[28902,50],[14001,5],[40112,1],[22,8000000]],"spe_reward":[20023],"spe_desc":["       ·角色挂机经验<color=#289b14>+70%</color>","       ·金币挂机收益<color=#289b14>+70%</color>","       ·英雄经验挂机收益<color=#289b14>+70%</color>","       ·离线挂机收益时长<color=#289b14>+12小时</color>","       ·点金额外金币加成<color=#289b14>+140%</color>","       ·英雄背包数量上限<color=#289b14>+200</color>","       ·日常副本购买各<color=#289b14>4次</color>"],"desc":"5星亚巴顿","ext_reward":[]},
	"9":{"label":"normal","lev":9,"gold":30000,"price":[[3,4888]],"old_price":[[3,26880]],"items":[[27901,50],[14001,5],[40412,1],[10801,1],[1,10000000]],"spe_reward":[],"spe_desc":["       ·角色挂机经验<color=#289b14>+80%</color>","       ·金币挂机收益<color=#289b14>+80%</color>","       ·英雄经验挂机收益<color=#289b14>+80%</color>","       ·离线挂机收益时长<color=#289b14>+14小时</color>","       ·点金额外金币加成<color=#289b14>+160%</color>","       ·英雄背包数量上限<color=#289b14>+230</color>","       ·日常副本购买各<color=#289b14>5次</color>"],"desc":"5星宙斯","ext_reward":[]},
	"10":{"label":"normal","lev":10,"gold":50000,"price":[[3,6888]],"old_price":[[3,38880]],"items":[[28902,50],[10454,1],[40312,1],[22,10000000]],"spe_reward":[10421,10431],"spe_desc":["<color=#289b14>       ·  激活专属头像框</color>--<img src='0001' />","       ·  角色挂机经验<color=#289b14>+90%</color>","       ·  金币挂机收益<color=#289b14>+90%</color>","       ·  英雄经验挂机收益<color=#289b14>+90%</color>","       ·  离线挂机收益时长<color=#289b14>+16小时</color>","       ·  点金额外金币加成<color=#289b14>+180%</color>","       ·  英雄背包数量上限<color=#289b14>+260</color>","       ·  日常副本购买各<color=#289b14>5次</color>"],"desc":"彩虹符文","ext_reward":[[60102,1]]},
	"11":{"label":"normal","lev":11,"gold":100000,"price":[[3,9880]],"old_price":[[3,58880]],"items":[[29906,50],[27901,50],[10454,1],[40212,1],[1,15000000]],"spe_reward":[10412],"spe_desc":["       ·角色挂机经验<color=#289b14>+100%</color>","       ·金币挂机收益<color=#289b14>+100%</color>","       ·英雄经验挂机收益<color=#289b14>+100%</color>","       ·离线挂机收益时长<color=#289b14>+18小时</color>","       ·点金额外金币加成<color=#289b14>+200%</color>","       ·英雄背包数量上限<color=#289b14>+290</color>","       ·日常副本购买各<color=#289b14>6次</color>"],"desc":"5星光暗英雄","ext_reward":[]},
	"12":{"label":"normal","lev":12,"gold":150000,"price":[[3,15880]],"old_price":[[3,98880]],"items":[[29906,100],[28903,50],[10454,1],[14001,10],[22,15000000]],"spe_reward":[26058,10310],"spe_desc":["       ·角色挂机经验<color=#289b14>+110%</color>","       ·金币挂机收益<color=#289b14>+110%</color>","       ·英雄经验挂机收益<color=#289b14>+110%</color>","       ·离线挂机收益时长<color=#289b14>+20小时</color>","       ·点金额外金币加成<color=#289b14>+220%</color>","       ·英雄背包数量上限<color=#289b14>+320</color>","       ·日常副本购买各<color=#289b14>6次</color>"],"desc":"5星黑暗之主","ext_reward":[]},
	"13":{"label":"normal","lev":13,"gold":300000,"price":[[3,18880]],"old_price":[[3,118880]],"items":[[29906,150],[27906,50],[10454,2],[14001,10],[1,20000000]],"spe_reward":[20020,10030],"spe_desc":["       ·角色挂机经验<color=#289b14>+125%</color>","       ·金币挂机收益<color=#289b14>+125%</color>","       ·英雄经验挂机收益<color=#289b14>+125%</color>","       ·离线挂机收益时长<color=#289b14>+22小时</color>","       ·点金额外金币加成<color=#289b14>+240%</color>","       ·英雄背包数量上限<color=#289b14>+350</color>","       ·日常副本购买各<color=#289b14>7次</color>"],"desc":"5星神灵大祭司","ext_reward":[]}
},
"data_get_vip_icon_length" : 5,
"data_get_vip_icon" : {
	"5":{"vip_lev":5,"fun_id":900},
	"8":{"vip_lev":8,"fun_id":901},
	"12":{"vip_lev":12,"fun_id":902},
	"13":{"vip_lev":13,"fun_id":903},
	"14":{"vip_lev":14,"fun_id":904}
},
"data_vip_const_length" : 3,
"data_vip_const" : {
	"vip_hide_lev":{"val":75,"desc":"VIP隐藏选项开启等级"},
	"vip_give_time":{"val":600,"desc":"在线送vip所需在线时间"},
	"vip_give_reward":{"val":[[13105,1]],"desc":"在线送vip所获得奖励"}
}
}