{"data_get_length" : 4,
"data_get" : {
	"1":{"index":1,"activity":25,"rewards":[[3,20],[1,10000]]},
	"2":{"index":2,"activity":50,"rewards":[[3,30],[10401,2]]},
	"3":{"index":3,"activity":75,"rewards":[[3,50],[37001,1]]},
	"4":{"index":4,"activity":100,"rewards":[[3,100],[1,50000]]}
},
"data_sign_info_length" : 4,
"data_sign_info" : {
	"1":{"id":1,"desc":"<color=#d95014>冠军赛</color>马上开始！谁将登上冠军宝座，参与比赛和趣味竞猜可活动丰厚奖励哦~","items":[50012,1,8,29905],"time":10,"cancel":"取消","ok":"前往参与"},
	"2":{"id":2,"desc":"<color=#d95014>冠军赛</color>已经开始啦，正在进行竞猜阶段。是否前往参与竞猜？","items":[50012,1,8,29905],"time":10,"cancel":"取消","ok":"前往参与"},
	"3":{"id":3,"desc":"<color=#d95014>众神战场</color>马上开始啦，正在进行报名阶段，快来参与强者之间的较量吧！","items":[50603,8,10030,30302,2],"time":10,"cancel":"取消","ok":"前往报名"},
	"4":{"id":4,"desc":"<color=#d95014>众神战场</color>正在进行中，大量奖励等你来拿，是否进入？","items":[50603,8,10030,30302,2],"time":10,"cancel":"取消","ok":"进入战场"}
}
}