{"data_info_length" : 22,
"data_info" : {
	"0": {"bid":10005,"bg_music":"b_001","is_single_bg":0},
	"1": {"bid":10010,"bg_music":"b_001","is_single_bg":1},
	"2": {"bid":10005,"bg_music":"b_003","is_single_bg":1},
	"4": {"bid":10007,"bg_music":"b_004","is_single_bg":1},
	"5": {"bid":10007,"bg_music":"b_004","is_single_bg":1},
	"6": {"bid":10014,"bg_music":"b_004","is_single_bg":1},
	"7": {"bid":10009,"bg_music":"b_004","is_single_bg":1},
	"8": {"bid":10005,"bg_music":"b_004","is_single_bg":1},
	"9": {"bid":10007,"bg_music":"b_002","is_single_bg":1},
	"10": {"bid":10010,"bg_music":"b_003","is_single_bg":1},
	"11": {"bid":10011,"bg_music":"b_004","is_single_bg":1},
	"12": {"bid":10007,"bg_music":"b_004","is_single_bg":1},
	"13": {"bid":10012,"bg_music":"b_001","is_single_bg":1},
	"14": {"bid":10007,"bg_music":"b_001","is_single_bg":1},
	"15": {"bid":10013,"bg_music":"b_003","is_single_bg":1},
	"16": {"bid":10007,"bg_music":"b_004","is_single_bg":1},
	"17": {"bid":10009,"bg_music":"b_004","is_single_bg":1},
	"18": {"bid":10016,"bg_music":"b_004","is_single_bg":1},
	"19": {"bid":10007,"bg_music":"b_001","is_single_bg":1},
	"20": {"bid":10007,"bg_music":"b_001","is_single_bg":1},
	"21": {"bid":10015,"bg_music":"b_004","is_single_bg":1},
	"22": {"bid":10014,"bg_music":"b_004","is_single_bg":1}
},
"data_info2_length" : 1,
"data_info2" : {
	"3": {
		"10002": {"bid":10002,"bg_music":"b_002","is_single_bg":0,"fornt_effect":"E54506","bg_effect":"E54507"},
		"10003": {"bid":10003,"bg_music":"b_001","is_single_bg":0,"fornt_effect":"","bg_effect":""},
		"10006": {"bid":10006,"bg_music":"b_002","is_single_bg":0,"fornt_effect":"E54502","bg_effect":"E54503"},
		"10008": {"bid":10008,"bg_music":"b_001","is_single_bg":0,"fornt_effect":"","bg_effect":""}
	}
}
}