{"data_info_length" : 84,
"data_info" : {
	"0": {
		"action1": {
			"action1": {"move_model_x":-12,"move_model_y":0,"move_delay_time":0,"move_time":12,"back_delay_time":0,"back_move_time":8,"back_model_x":0,"is_move_map":0,"is_reverse":0,"is_move_area":0,"shadow_time":0,"is_col_act":0}
		}
	},
	"H30002": {
		"action1": {
			"action1": {"move_model_x":-16,"move_model_y":0,"move_delay_time":0,"move_time":12,"back_delay_time":0,"back_move_time":8,"back_model_x":0,"is_move_map":0,"is_reverse":0,"is_move_area":0,"shadow_time":0,"is_col_act":0}
		},
		"action2": {
			"action2": {"move_model_x":-17,"move_model_y":0,"move_delay_time":0,"move_time":12,"back_delay_time":3,"back_move_time":8,"back_model_x":0,"is_move_map":0,"is_reverse":0,"is_move_area":0,"shadow_time":0,"is_col_act":0}
		}
	},
	"H30001": {
		"action1": {
			"action1": {"move_model_x":-12,"move_model_y":0,"move_delay_time":0,"move_time":15,"back_delay_time":1,"back_move_time":8,"back_model_x":0,"is_move_map":0,"is_reverse":0,"is_move_area":0,"shadow_time":0,"is_col_act":0}
		},
		"action2": {
			"action2": {"move_model_x":-12,"move_model_y":0,"move_delay_time":0,"move_time":12,"back_delay_time":3,"back_move_time":8,"back_model_x":0,"is_move_map":0,"is_reverse":0,"is_move_area":0,"shadow_time":0,"is_col_act":0}
		}
	},
	"H30003": {
		"action2": {
			"action2": {"move_model_x":-27,"move_model_y":0,"move_delay_time":0,"move_time":12,"back_delay_time":0,"back_move_time":8,"back_model_x":0,"is_move_map":0,"is_reverse":0,"is_move_area":0,"shadow_time":0,"is_col_act":0}
		},
		"action3": {
			"action1": {"move_model_x":-30,"move_model_y":0,"move_delay_time":0,"move_time":20,"back_delay_time":1,"back_move_time":8,"back_model_x":0,"is_move_map":0,"is_reverse":0,"is_move_area":0,"shadow_time":0,"is_col_act":0}
		}
	},
	"H30004": {
		"action3": {
			"action3": {"move_model_x":-4,"move_model_y":-3,"move_delay_time":0,"move_time":8,"back_delay_time":0,"back_move_time":6,"back_model_x":0,"is_move_map":0,"is_reverse":0,"is_move_area":1,"shadow_time":0,"is_col_act":0}
		}
	},
	"H30006": {
		"action1": {
			"action1": {"move_model_x":-12,"move_model_y":0,"move_delay_time":0,"move_time":6,"back_delay_time":0,"back_move_time":6,"back_model_x":0,"is_move_map":0,"is_reverse":0,"is_move_area":0,"shadow_time":0,"is_col_act":0}
		}
	},
	"H30007": {
		"action1": {
			"action1": {"move_model_x":-15,"move_model_y":0,"move_delay_time":0,"move_time":6,"back_delay_time":0,"back_move_time":6,"back_model_x":0,"is_move_map":0,"is_reverse":0,"is_move_area":0,"shadow_time":0,"is_col_act":0},
			"action2": {"move_model_x":-15,"move_model_y":0,"move_delay_time":0,"move_time":6,"back_delay_time":0,"back_move_time":6,"back_model_x":0,"is_move_map":0,"is_reverse":0,"is_move_area":0,"shadow_time":0,"is_col_act":0},
			"action3": {"move_model_x":-15,"move_model_y":0,"move_delay_time":0,"move_time":6,"back_delay_time":0,"back_move_time":6,"back_model_x":0,"is_move_map":0,"is_reverse":0,"is_move_area":0,"shadow_time":0,"is_col_act":0}
		}
	},
	"H30009": {
		"action1": {
			"action1": {"move_model_x":-25,"move_model_y":0,"move_delay_time":0,"move_time":12,"back_delay_time":0,"back_move_time":8,"back_model_x":0,"is_move_map":0,"is_reverse":0,"is_move_area":0,"shadow_time":0,"is_col_act":0}
		},
		"action2": {
			"action2": {"move_model_x":-13,"move_model_y":0,"move_delay_time":0,"move_time":12,"back_delay_time":0,"back_move_time":8,"back_model_x":0,"is_move_map":0,"is_reverse":0,"is_move_area":0,"shadow_time":0,"is_col_act":0}
		}
	},
	"H30010": {
		"action1": {
			"action2": {"move_model_x":-12,"move_model_y":0,"move_delay_time":0,"move_time":8,"back_delay_time":0,"back_move_time":8,"back_model_x":0,"is_move_map":0,"is_reverse":0,"is_move_area":0,"shadow_time":0,"is_col_act":0},
			"action3": {"move_model_x":-12,"move_model_y":0,"move_delay_time":0,"move_time":8,"back_delay_time":0,"back_move_time":8,"back_model_x":0,"is_move_map":0,"is_reverse":0,"is_move_area":0,"shadow_time":0,"is_col_act":0}
		},
		"action4": {
			"action4": {"move_model_x":-8,"move_model_y":0,"move_delay_time":0,"move_time":6,"back_delay_time":0,"back_move_time":6,"back_model_x":0,"is_move_map":0,"is_reverse":0,"is_move_area":0,"shadow_time":0,"is_col_act":0}
		}
	},
	"H30014": {
		"action2": {
			"action2": {"move_model_x":4,"move_model_y":0,"move_delay_time":0,"move_time":10,"back_delay_time":0,"back_move_time":8,"back_model_x":0,"is_move_map":0,"is_reverse":0,"is_move_area":1,"shadow_time":0,"is_col_act":0}
		},
		"action3": {
			"action3": {"move_model_x":-11,"move_model_y":0,"move_delay_time":0,"move_time":8,"back_delay_time":0,"back_move_time":6,"back_model_x":0,"is_move_map":0,"is_reverse":0,"is_move_area":0,"shadow_time":0,"is_col_act":0}
		}
	},
	"H30015": {
		"action1": {
			"action2": {"move_model_x":-9,"move_model_y":-3,"move_delay_time":0,"move_time":8,"back_delay_time":3,"back_move_time":8,"back_model_x":0,"is_move_map":0,"is_reverse":0,"is_move_area":1,"shadow_time":0,"is_col_act":0}
		}
	},
	"H30019": {
		"action2": {
			"action2": {"move_model_x":-12,"move_model_y":0,"move_delay_time":0,"move_time":12,"back_delay_time":4,"back_move_time":8,"back_model_x":0,"is_move_map":0,"is_reverse":0,"is_move_area":0,"shadow_time":0,"is_col_act":0}
		}
	},
	"H31019": {
		"action2": {
			"action2": {"move_model_x":-12,"move_model_y":0,"move_delay_time":0,"move_time":12,"back_delay_time":4,"back_move_time":8,"back_model_x":0,"is_move_map":0,"is_reverse":0,"is_move_area":0,"shadow_time":0,"is_col_act":0}
		}
	},
	"H32019": {
		"action2": {
			"action2": {"move_model_x":-12,"move_model_y":0,"move_delay_time":0,"move_time":12,"back_delay_time":4,"back_move_time":8,"back_model_x":0,"is_move_map":0,"is_reverse":0,"is_move_area":0,"shadow_time":0,"is_col_act":0}
		}
	},
	"H30020": {
		"action1": {
			"action3": {"move_model_x":-22,"move_model_y":-4,"move_delay_time":0,"move_time":6,"back_delay_time":5,"back_move_time":7,"back_model_x":0,"is_move_map":0,"is_reverse":0,"is_move_area":1,"shadow_time":0,"is_col_act":0}
		}
	},
	"H30021": {
		"action2": {
			"action2": {"move_model_x":-12,"move_model_y":-1,"move_delay_time":0,"move_time":12,"back_delay_time":0,"back_move_time":8,"back_model_x":0,"is_move_map":0,"is_reverse":0,"is_move_area":1,"shadow_time":0,"is_col_act":0},
			"action3": {"move_model_x":-25,"move_model_y":0,"move_delay_time":0,"move_time":12,"back_delay_time":0,"back_move_time":8,"back_model_x":0,"is_move_map":0,"is_reverse":0,"is_move_area":0,"shadow_time":0,"is_col_act":0}
		}
	},
	"H31021": {
		"action2": {
			"action2": {"move_model_x":-12,"move_model_y":-1,"move_delay_time":0,"move_time":12,"back_delay_time":0,"back_move_time":8,"back_model_x":0,"is_move_map":0,"is_reverse":0,"is_move_area":1,"shadow_time":0,"is_col_act":0},
			"action3": {"move_model_x":-25,"move_model_y":0,"move_delay_time":0,"move_time":12,"back_delay_time":0,"back_move_time":8,"back_model_x":0,"is_move_map":0,"is_reverse":0,"is_move_area":0,"shadow_time":0,"is_col_act":0}
		}
	},
	"H32021": {
		"action2": {
			"action2": {"move_model_x":-12,"move_model_y":-1,"move_delay_time":0,"move_time":12,"back_delay_time":0,"back_move_time":8,"back_model_x":0,"is_move_map":0,"is_reverse":0,"is_move_area":1,"shadow_time":0,"is_col_act":0},
			"action3": {"move_model_x":-25,"move_model_y":0,"move_delay_time":0,"move_time":12,"back_delay_time":0,"back_move_time":8,"back_model_x":0,"is_move_map":0,"is_reverse":0,"is_move_area":0,"shadow_time":0,"is_col_act":0}
		}
	},
	"H30031": {
		"action2": {
			"action2": {"move_model_x":-20,"move_model_y":0,"move_delay_time":0,"move_time":8,"back_delay_time":8,"back_move_time":8,"back_model_x":0,"is_move_map":0,"is_reverse":0,"is_move_area":1,"shadow_time":0,"is_col_act":0}
		}
	},
	"H31031": {
		"action2": {
			"action2": {"move_model_x":-20,"move_model_y":0,"move_delay_time":0,"move_time":8,"back_delay_time":8,"back_move_time":8,"back_model_x":0,"is_move_map":0,"is_reverse":0,"is_move_area":1,"shadow_time":0,"is_col_act":0}
		}
	},
	"H32031": {
		"action2": {
			"action2": {"move_model_x":-20,"move_model_y":0,"move_delay_time":0,"move_time":8,"back_delay_time":8,"back_move_time":8,"back_model_x":0,"is_move_map":0,"is_reverse":0,"is_move_area":1,"shadow_time":0,"is_col_act":0}
		}
	},
	"H30035": {
		"action1": {
			"action1": {"move_model_x":-17,"move_model_y":0,"move_delay_time":0,"move_time":12,"back_delay_time":0,"back_move_time":8,"back_model_x":0,"is_move_map":0,"is_reverse":0,"is_move_area":0,"shadow_time":0,"is_col_act":0}
		}
	},
	"H30036": {
		"action1": {
			"action1": {"move_model_x":-10,"move_model_y":0,"move_delay_time":0,"move_time":6,"back_delay_time":0,"back_move_time":6,"back_model_x":0,"is_move_map":0,"is_reverse":0,"is_move_area":0,"shadow_time":0,"is_col_act":0}
		},
		"action2": {
			"action1": {"move_model_x":-20,"move_model_y":0,"move_delay_time":0,"move_time":6,"back_delay_time":0,"back_move_time":0,"back_model_x":0,"is_move_map":1,"is_reverse":0,"is_move_area":0,"shadow_time":0,"is_col_act":0},
			"action2": {"move_model_x":0,"move_model_y":0,"move_delay_time":0,"move_time":0,"back_delay_time":0,"back_move_time":6,"back_model_x":0,"is_move_map":1,"is_reverse":0,"is_move_area":0,"shadow_time":0,"is_col_act":0},
			"action3": {"move_model_x":-8,"move_model_y":0,"move_delay_time":0,"move_time":6,"back_delay_time":3,"back_move_time":6,"back_model_x":0,"is_move_map":0,"is_reverse":0,"is_move_area":0,"shadow_time":0,"is_col_act":0}
		}
	},
	"H30037": {
		"action1": {
			"action1": {"move_model_x":-18,"move_model_y":0,"move_delay_time":0,"move_time":15,"back_delay_time":1,"back_move_time":8,"back_model_x":0,"is_move_map":0,"is_reverse":0,"is_move_area":0,"shadow_time":0,"is_col_act":0}
		}
	},
	"H30038": {
		"action1": {
			"action1": {"move_model_x":-8,"move_model_y":0,"move_delay_time":0,"move_time":15,"back_delay_time":0,"back_move_time":10,"back_model_x":0,"is_move_map":0,"is_reverse":0,"is_move_area":0,"shadow_time":0,"is_col_act":0}
		}
	},
	"H30041": {
		"action2": {
			"action2": {"move_model_x":-6,"move_model_y":-3,"move_delay_time":0,"move_time":10,"back_delay_time":2,"back_move_time":6,"back_model_x":0,"is_move_map":0,"is_reverse":0,"is_move_area":1,"shadow_time":0,"is_col_act":0}
		}
	},
	"H31041": {
		"action2": {
			"action2": {"move_model_x":-6,"move_model_y":-3,"move_delay_time":0,"move_time":10,"back_delay_time":2,"back_move_time":6,"back_model_x":0,"is_move_map":0,"is_reverse":0,"is_move_area":1,"shadow_time":0,"is_col_act":0}
		}
	},
	"H30047": {
		"action2": {
			"action2": {"move_model_x":-5,"move_model_y":0,"move_delay_time":0,"move_time":10,"back_delay_time":2,"back_move_time":6,"back_model_x":0,"is_move_map":0,"is_reverse":0,"is_move_area":1,"shadow_time":0,"is_col_act":0}
		}
	},
	"H30050": {
		"action2": {
			"action2": {"move_model_x":16,"move_model_y":-4,"move_delay_time":0,"move_time":12,"back_delay_time":0,"back_move_time":8,"back_model_x":0,"is_move_map":0,"is_reverse":0,"is_move_area":1,"shadow_time":0,"is_col_act":0}
		},
		"action1": {
			"action1": {"move_model_x":-1,"move_model_y":0,"move_delay_time":2,"move_time":8,"back_delay_time":0,"back_move_time":0,"back_model_x":0,"is_move_map":0,"is_reverse":0,"is_move_area":0,"shadow_time":0,"is_col_act":0},
			"action2": {"move_model_x":-1,"move_model_y":0,"move_delay_time":0,"move_time":0,"back_delay_time":0,"back_move_time":0,"back_model_x":0,"is_move_map":0,"is_reverse":0,"is_move_area":0,"shadow_time":0,"is_col_act":0},
			"action3": {"move_model_x":-25,"move_model_y":0,"move_delay_time":0,"move_time":0,"back_delay_time":0,"back_move_time":6,"back_model_x":0,"is_move_map":0,"is_reverse":0,"is_move_area":0,"shadow_time":0,"is_col_act":0},
			"action4": {"move_model_x":-12,"move_model_y":0,"move_delay_time":0,"move_time":12,"back_delay_time":0,"back_move_time":8,"back_model_x":0,"is_move_map":0,"is_reverse":0,"is_move_area":0,"shadow_time":0,"is_col_act":0}
		}
	},
	"H31050": {
		"action2": {
			"action2": {"move_model_x":16,"move_model_y":-4,"move_delay_time":0,"move_time":12,"back_delay_time":0,"back_move_time":8,"back_model_x":0,"is_move_map":0,"is_reverse":0,"is_move_area":1,"shadow_time":0,"is_col_act":0}
		},
		"action1": {
			"action1": {"move_model_x":-1,"move_model_y":0,"move_delay_time":2,"move_time":8,"back_delay_time":0,"back_move_time":0,"back_model_x":0,"is_move_map":0,"is_reverse":0,"is_move_area":0,"shadow_time":0,"is_col_act":0},
			"action2": {"move_model_x":-1,"move_model_y":0,"move_delay_time":0,"move_time":0,"back_delay_time":0,"back_move_time":0,"back_model_x":0,"is_move_map":0,"is_reverse":0,"is_move_area":0,"shadow_time":0,"is_col_act":0},
			"action3": {"move_model_x":-25,"move_model_y":0,"move_delay_time":0,"move_time":0,"back_delay_time":0,"back_move_time":6,"back_model_x":0,"is_move_map":0,"is_reverse":0,"is_move_area":0,"shadow_time":0,"is_col_act":0},
			"action4": {"move_model_x":-12,"move_model_y":0,"move_delay_time":0,"move_time":12,"back_delay_time":0,"back_move_time":8,"back_model_x":0,"is_move_map":0,"is_reverse":0,"is_move_area":0,"shadow_time":0,"is_col_act":0}
		}
	},
	"H30052": {
		"action1": {
			"action1": {"move_model_x":-14,"move_model_y":1,"move_delay_time":0,"move_time":10,"back_delay_time":3,"back_move_time":8,"back_model_x":0,"is_move_map":0,"is_reverse":0,"is_move_area":0,"shadow_time":0,"is_col_act":0}
		},
		"action3": {
			"action3": {"move_model_x":-2,"move_model_y":-3,"move_delay_time":0,"move_time":10,"back_delay_time":0,"back_move_time":8,"back_model_x":0,"is_move_map":0,"is_reverse":0,"is_move_area":1,"shadow_time":0,"is_col_act":0}
		}
	},
	"H31052": {
		"action1": {
			"action1": {"move_model_x":-14,"move_model_y":1,"move_delay_time":0,"move_time":10,"back_delay_time":3,"back_move_time":8,"back_model_x":0,"is_move_map":0,"is_reverse":0,"is_move_area":0,"shadow_time":0,"is_col_act":0}
		},
		"action3": {
			"action3": {"move_model_x":-2,"move_model_y":-3,"move_delay_time":0,"move_time":10,"back_delay_time":0,"back_move_time":8,"back_model_x":0,"is_move_map":0,"is_reverse":0,"is_move_area":1,"shadow_time":0,"is_col_act":0}
		}
	},
	"H32052": {
		"action1": {
			"action1": {"move_model_x":-14,"move_model_y":1,"move_delay_time":0,"move_time":10,"back_delay_time":3,"back_move_time":8,"back_model_x":0,"is_move_map":0,"is_reverse":0,"is_move_area":0,"shadow_time":0,"is_col_act":0}
		},
		"action3": {
			"action3": {"move_model_x":-2,"move_model_y":-3,"move_delay_time":0,"move_time":10,"back_delay_time":0,"back_move_time":8,"back_model_x":0,"is_move_map":0,"is_reverse":0,"is_move_area":1,"shadow_time":0,"is_col_act":0}
		}
	},
	"H30053": {
		"action2": {
			"action2": {"move_model_x":-19,"move_model_y":0,"move_delay_time":0,"move_time":8,"back_delay_time":2,"back_move_time":6,"back_model_x":0,"is_move_map":1,"is_reverse":0,"is_move_area":0,"shadow_time":0,"is_col_act":0}
		}
	},
	"H31053": {
		"action2": {
			"action2": {"move_model_x":-19,"move_model_y":0,"move_delay_time":0,"move_time":8,"back_delay_time":2,"back_move_time":6,"back_model_x":0,"is_move_map":1,"is_reverse":0,"is_move_area":0,"shadow_time":0,"is_col_act":0}
		}
	},
	"H32053": {
		"action2": {
			"action2": {"move_model_x":-19,"move_model_y":0,"move_delay_time":0,"move_time":8,"back_delay_time":2,"back_move_time":6,"back_model_x":0,"is_move_map":1,"is_reverse":0,"is_move_area":0,"shadow_time":0,"is_col_act":0}
		}
	},
	"H30055": {
		"action1": {
			"action1": {"move_model_x":-14,"move_model_y":0,"move_delay_time":0,"move_time":10,"back_delay_time":0,"back_move_time":8,"back_model_x":0,"is_move_map":0,"is_reverse":0,"is_move_area":0,"shadow_time":0,"is_col_act":0}
		},
		"action2": {
			"action2": {"move_model_x":-18,"move_model_y":0,"move_delay_time":0,"move_time":10,"back_delay_time":0,"back_move_time":8,"back_model_x":0,"is_move_map":0,"is_reverse":0,"is_move_area":0,"shadow_time":0,"is_col_act":0}
		}
	},
	"H30056": {
		"action3": {
			"action1": {"move_model_x":-14,"move_model_y":0,"move_delay_time":0,"move_time":8,"back_delay_time":0,"back_move_time":0,"back_model_x":0,"is_move_map":0,"is_reverse":0,"is_move_area":0,"shadow_time":0,"is_col_act":0},
			"action2": {"move_model_x":-14,"move_model_y":0,"move_delay_time":0,"move_time":0,"back_delay_time":0,"back_move_time":0,"back_model_x":0,"is_move_map":0,"is_reverse":0,"is_move_area":0,"shadow_time":0,"is_col_act":0},
			"action3": {"move_model_x":-14,"move_model_y":0,"move_delay_time":0,"move_time":0,"back_delay_time":0,"back_move_time":6,"back_model_x":0,"is_move_map":0,"is_reverse":0,"is_move_area":0,"shadow_time":0,"is_col_act":0}
		}
	},
	"H30060": {
		"action1": {
			"action2": {"move_model_x":-33,"move_model_y":0,"move_delay_time":0,"move_time":8,"back_delay_time":3,"back_move_time":8,"back_model_x":0,"is_move_map":0,"is_reverse":0,"is_move_area":0,"shadow_time":0,"is_col_act":0}
		}
	},
	"H30062": {
		"action1": {
			"action1": {"move_model_x":-11,"move_model_y":0,"move_delay_time":0,"move_time":10,"back_delay_time":0,"back_move_time":8,"back_model_x":0,"is_move_map":0,"is_reverse":0,"is_move_area":0,"shadow_time":0,"is_col_act":0},
			"action2": {"move_model_x":-35,"move_model_y":0,"move_delay_time":0,"move_time":8,"back_delay_time":3,"back_move_time":8,"back_model_x":0,"is_move_map":1,"is_reverse":0,"is_move_area":0,"shadow_time":0,"is_col_act":0}
		},
		"action2": {
			"action2": {"move_model_x":-17,"move_model_y":0,"move_delay_time":0,"move_time":8,"back_delay_time":3,"back_move_time":8,"back_model_x":0,"is_move_map":0,"is_reverse":0,"is_move_area":0,"shadow_time":0,"is_col_act":0}
		}
	},
	"H30063": {
		"action1": {
			"action1": {"move_model_x":-15,"move_model_y":0,"move_delay_time":0,"move_time":8,"back_delay_time":0,"back_move_time":6,"back_model_x":0,"is_move_map":0,"is_reverse":0,"is_move_area":0,"shadow_time":0,"is_col_act":0},
			"action2": {"move_model_x":-9,"move_model_y":0,"move_delay_time":0,"move_time":8,"back_delay_time":3,"back_move_time":8,"back_model_x":0,"is_move_map":0,"is_reverse":0,"is_move_area":1,"shadow_time":0,"is_col_act":0}
		},
		"action2": {
			"action2": {"move_model_x":-20,"move_model_y":3,"move_delay_time":0,"move_time":8,"back_delay_time":0,"back_move_time":8,"back_model_x":0,"is_move_map":0,"is_reverse":0,"is_move_area":0,"shadow_time":0,"is_col_act":1}
		}
	},
	"H30064": {
		"action1": {
			"action1": {"move_model_x":-15,"move_model_y":0,"move_delay_time":0,"move_time":12,"back_delay_time":0,"back_move_time":8,"back_model_x":0,"is_move_map":0,"is_reverse":0,"is_move_area":0,"shadow_time":0,"is_col_act":0}
		},
		"action2": {
			"action2": {"move_model_x":-8,"move_model_y":-2,"move_delay_time":0,"move_time":10,"back_delay_time":0,"back_move_time":8,"back_model_x":0,"is_move_map":0,"is_reverse":0,"is_move_area":1,"shadow_time":0,"is_col_act":0}
		}
	},
	"H31064": {
		"action1": {
			"action1": {"move_model_x":-15,"move_model_y":0,"move_delay_time":0,"move_time":12,"back_delay_time":0,"back_move_time":8,"back_model_x":0,"is_move_map":0,"is_reverse":0,"is_move_area":0,"shadow_time":0,"is_col_act":0}
		},
		"action2": {
			"action2": {"move_model_x":-8,"move_model_y":-2,"move_delay_time":0,"move_time":10,"back_delay_time":0,"back_move_time":8,"back_model_x":0,"is_move_map":0,"is_reverse":0,"is_move_area":1,"shadow_time":0,"is_col_act":0}
		}
	},
	"H32064": {
		"action1": {
			"action1": {"move_model_x":-15,"move_model_y":0,"move_delay_time":0,"move_time":12,"back_delay_time":0,"back_move_time":8,"back_model_x":0,"is_move_map":0,"is_reverse":0,"is_move_area":0,"shadow_time":0,"is_col_act":0}
		},
		"action2": {
			"action2": {"move_model_x":-8,"move_model_y":-2,"move_delay_time":0,"move_time":10,"back_delay_time":0,"back_move_time":8,"back_model_x":0,"is_move_map":0,"is_reverse":0,"is_move_area":1,"shadow_time":0,"is_col_act":0}
		}
	},
	"H30065": {
		"action3": {
			"action3": {"move_model_x":-3,"move_model_y":-2,"move_delay_time":0,"move_time":8,"back_delay_time":8,"back_move_time":8,"back_model_x":0,"is_move_map":0,"is_reverse":0,"is_move_area":1,"shadow_time":0,"is_col_act":0}
		},
		"action2": {
			"action2": {"move_model_x":-1,"move_model_y":1,"move_delay_time":0,"move_time":10,"back_delay_time":7,"back_move_time":8,"back_model_x":0,"is_move_map":0,"is_reverse":0,"is_move_area":1,"shadow_time":0,"is_col_act":0}
		},
		"action1": {
			"action2": {"move_model_x":-17,"move_model_y":0,"move_delay_time":0,"move_time":10,"back_delay_time":7,"back_move_time":8,"back_model_x":0,"is_move_map":0,"is_reverse":0,"is_move_area":0,"shadow_time":0,"is_col_act":0}
		}
	},
	"H31065": {
		"action3": {
			"action3": {"move_model_x":-3,"move_model_y":-2,"move_delay_time":0,"move_time":8,"back_delay_time":8,"back_move_time":8,"back_model_x":0,"is_move_map":0,"is_reverse":0,"is_move_area":1,"shadow_time":0,"is_col_act":0}
		},
		"action2": {
			"action2": {"move_model_x":-1,"move_model_y":1,"move_delay_time":0,"move_time":10,"back_delay_time":7,"back_move_time":8,"back_model_x":0,"is_move_map":0,"is_reverse":0,"is_move_area":1,"shadow_time":0,"is_col_act":0}
		},
		"action1": {
			"action2": {"move_model_x":-17,"move_model_y":0,"move_delay_time":0,"move_time":10,"back_delay_time":7,"back_move_time":8,"back_model_x":0,"is_move_map":0,"is_reverse":0,"is_move_area":0,"shadow_time":0,"is_col_act":0}
		}
	},
	"H32065": {
		"action3": {
			"action3": {"move_model_x":-3,"move_model_y":-2,"move_delay_time":0,"move_time":8,"back_delay_time":8,"back_move_time":8,"back_model_x":0,"is_move_map":0,"is_reverse":0,"is_move_area":1,"shadow_time":0,"is_col_act":0}
		},
		"action2": {
			"action2": {"move_model_x":-1,"move_model_y":1,"move_delay_time":0,"move_time":10,"back_delay_time":7,"back_move_time":8,"back_model_x":0,"is_move_map":0,"is_reverse":0,"is_move_area":1,"shadow_time":0,"is_col_act":0}
		},
		"action1": {
			"action2": {"move_model_x":-17,"move_model_y":0,"move_delay_time":0,"move_time":10,"back_delay_time":7,"back_move_time":8,"back_model_x":0,"is_move_map":0,"is_reverse":0,"is_move_area":0,"shadow_time":0,"is_col_act":0}
		}
	},
	"H30068": {
		"action2": {
			"action2": {"move_model_x":-1,"move_model_y":0,"move_delay_time":0,"move_time":8,"back_delay_time":15,"back_move_time":8,"back_model_x":0,"is_move_map":0,"is_reverse":0,"is_move_area":1,"shadow_time":0,"is_col_act":0}
		}
	},
	"H30072": {
		"action2": {
			"action1": {"move_model_x":-3,"move_model_y":-1,"move_delay_time":0,"move_time":8,"back_delay_time":8,"back_move_time":8,"back_model_x":0,"is_move_map":0,"is_reverse":0,"is_move_area":1,"shadow_time":0,"is_col_act":0}
		}
	},
	"H31072": {
		"action2": {
			"action1": {"move_model_x":-3,"move_model_y":-1,"move_delay_time":0,"move_time":8,"back_delay_time":8,"back_move_time":8,"back_model_x":0,"is_move_map":0,"is_reverse":0,"is_move_area":1,"shadow_time":0,"is_col_act":0}
		}
	},
	"H32072": {
		"action2": {
			"action1": {"move_model_x":-3,"move_model_y":-1,"move_delay_time":0,"move_time":8,"back_delay_time":8,"back_move_time":8,"back_model_x":0,"is_move_map":0,"is_reverse":0,"is_move_area":1,"shadow_time":0,"is_col_act":0}
		}
	},
	"H30073": {
		"action2": {
			"action2": {"move_model_x":-11,"move_model_y":1,"move_delay_time":0,"move_time":8,"back_delay_time":0,"back_move_time":8,"back_model_x":0,"is_move_map":1,"is_reverse":0,"is_move_area":0,"shadow_time":0,"is_col_act":0}
		}
	},
	"H30075": {
		"action1": {
			"action5": {"move_model_x":-14,"move_model_y":0,"move_delay_time":0,"move_time":12,"back_delay_time":0,"back_move_time":8,"back_model_x":0,"is_move_map":0,"is_reverse":0,"is_move_area":0,"shadow_time":0,"is_col_act":0}
		},
		"action2": {
			"action1": {"move_model_x":-3,"move_model_y":-2,"move_delay_time":0,"move_time":8,"back_delay_time":0,"back_move_time":8,"back_model_x":0,"is_move_map":0,"is_reverse":0,"is_move_area":1,"shadow_time":0,"is_col_act":0},
			"action2": {"move_model_x":-3,"move_model_y":-2,"move_delay_time":0,"move_time":8,"back_delay_time":0,"back_move_time":8,"back_model_x":0,"is_move_map":0,"is_reverse":0,"is_move_area":1,"shadow_time":0,"is_col_act":0},
			"action3": {"move_model_x":-3,"move_model_y":-2,"move_delay_time":0,"move_time":8,"back_delay_time":0,"back_move_time":8,"back_model_x":0,"is_move_map":0,"is_reverse":0,"is_move_area":1,"shadow_time":0,"is_col_act":0},
			"action4": {"move_model_x":-3,"move_model_y":-2,"move_delay_time":0,"move_time":8,"back_delay_time":0,"back_move_time":8,"back_model_x":0,"is_move_map":0,"is_reverse":0,"is_move_area":1,"shadow_time":0,"is_col_act":0},
			"action5": {"move_model_x":-3,"move_model_y":-2,"move_delay_time":0,"move_time":8,"back_delay_time":0,"back_move_time":8,"back_model_x":0,"is_move_map":0,"is_reverse":0,"is_move_area":1,"shadow_time":0,"is_col_act":0}
		}
	},
	"H31075": {
		"action1": {
			"action5": {"move_model_x":-14,"move_model_y":0,"move_delay_time":0,"move_time":12,"back_delay_time":0,"back_move_time":8,"back_model_x":0,"is_move_map":0,"is_reverse":0,"is_move_area":0,"shadow_time":0,"is_col_act":0}
		},
		"action2": {
			"action1": {"move_model_x":-3,"move_model_y":-2,"move_delay_time":0,"move_time":8,"back_delay_time":0,"back_move_time":8,"back_model_x":0,"is_move_map":0,"is_reverse":0,"is_move_area":1,"shadow_time":0,"is_col_act":0},
			"action2": {"move_model_x":-3,"move_model_y":-2,"move_delay_time":0,"move_time":8,"back_delay_time":0,"back_move_time":8,"back_model_x":0,"is_move_map":0,"is_reverse":0,"is_move_area":1,"shadow_time":0,"is_col_act":0},
			"action3": {"move_model_x":-3,"move_model_y":-2,"move_delay_time":0,"move_time":8,"back_delay_time":0,"back_move_time":8,"back_model_x":0,"is_move_map":0,"is_reverse":0,"is_move_area":1,"shadow_time":0,"is_col_act":0},
			"action4": {"move_model_x":-3,"move_model_y":-2,"move_delay_time":0,"move_time":8,"back_delay_time":0,"back_move_time":8,"back_model_x":0,"is_move_map":0,"is_reverse":0,"is_move_area":1,"shadow_time":0,"is_col_act":0},
			"action5": {"move_model_x":-3,"move_model_y":-2,"move_delay_time":0,"move_time":8,"back_delay_time":0,"back_move_time":8,"back_model_x":0,"is_move_map":0,"is_reverse":0,"is_move_area":1,"shadow_time":0,"is_col_act":0}
		}
	},
	"H32075": {
		"action1": {
			"action5": {"move_model_x":-14,"move_model_y":0,"move_delay_time":0,"move_time":12,"back_delay_time":0,"back_move_time":8,"back_model_x":0,"is_move_map":0,"is_reverse":0,"is_move_area":0,"shadow_time":0,"is_col_act":0}
		},
		"action2": {
			"action1": {"move_model_x":-3,"move_model_y":-2,"move_delay_time":0,"move_time":8,"back_delay_time":0,"back_move_time":8,"back_model_x":0,"is_move_map":0,"is_reverse":0,"is_move_area":1,"shadow_time":0,"is_col_act":0},
			"action2": {"move_model_x":-3,"move_model_y":-2,"move_delay_time":0,"move_time":8,"back_delay_time":0,"back_move_time":8,"back_model_x":0,"is_move_map":0,"is_reverse":0,"is_move_area":1,"shadow_time":0,"is_col_act":0},
			"action3": {"move_model_x":-3,"move_model_y":-2,"move_delay_time":0,"move_time":8,"back_delay_time":0,"back_move_time":8,"back_model_x":0,"is_move_map":0,"is_reverse":0,"is_move_area":1,"shadow_time":0,"is_col_act":0},
			"action4": {"move_model_x":-3,"move_model_y":-2,"move_delay_time":0,"move_time":8,"back_delay_time":0,"back_move_time":8,"back_model_x":0,"is_move_map":0,"is_reverse":0,"is_move_area":1,"shadow_time":0,"is_col_act":0},
			"action5": {"move_model_x":-3,"move_model_y":-2,"move_delay_time":0,"move_time":8,"back_delay_time":0,"back_move_time":8,"back_model_x":0,"is_move_map":0,"is_reverse":0,"is_move_area":1,"shadow_time":0,"is_col_act":0}
		}
	},
	"H30076": {
		"action1": {
			"action2": {"move_model_x":-23,"move_model_y":0,"move_delay_time":0,"move_time":8,"back_delay_time":0,"back_move_time":0,"back_model_x":0,"is_move_map":0,"is_reverse":0,"is_move_area":0,"shadow_time":0,"is_col_act":0},
			"action3": {"move_model_x":-23,"move_model_y":0,"move_delay_time":0,"move_time":0,"back_delay_time":0,"back_move_time":0,"back_model_x":0,"is_move_map":0,"is_reverse":0,"is_move_area":0,"shadow_time":0,"is_col_act":0},
			"action4": {"move_model_x":-23,"move_model_y":0,"move_delay_time":0,"move_time":0,"back_delay_time":0,"back_move_time":8,"back_model_x":0,"is_move_map":0,"is_reverse":0,"is_move_area":0,"shadow_time":0,"is_col_act":0}
		},
		"action2": {
			"action2": {"move_model_x":-28,"move_model_y":0,"move_delay_time":0,"move_time":12,"back_delay_time":0,"back_move_time":12,"back_model_x":0,"is_move_map":0,"is_reverse":0,"is_move_area":1,"shadow_time":0,"is_col_act":0}
		}
	},
	"H30086": {
		"action2": {
			"action2": {"move_model_x":-1,"move_model_y":0,"move_delay_time":0,"move_time":8,"back_delay_time":15,"back_move_time":8,"back_model_x":0,"is_move_map":0,"is_reverse":0,"is_move_area":1,"shadow_time":0,"is_col_act":0}
		}
	},
	"H40001": {
		"action1": {
			"action2": {"move_model_x":-8,"move_model_y":10,"move_delay_time":0,"move_time":12,"back_delay_time":0,"back_move_time":8,"back_model_x":0,"is_move_map":0,"is_reverse":0,"is_move_area":1,"shadow_time":0,"is_col_act":0}
		}
	},
	"H40000": {
		"action1": {
			"action1": {"move_model_x":-20,"move_model_y":0,"move_delay_time":0,"move_time":12,"back_delay_time":0,"back_move_time":8,"back_model_x":0,"is_move_map":0,"is_reverse":0,"is_move_area":0,"shadow_time":0,"is_col_act":0}
		},
		"action2": {
			"action2": {"move_model_x":-6,"move_model_y":2,"move_delay_time":0,"move_time":12,"back_delay_time":0,"back_move_time":8,"back_model_x":0,"is_move_map":0,"is_reverse":0,"is_move_area":1,"shadow_time":0,"is_col_act":0}
		}
	},
	"H31060": {
		"action1": {
			"action2": {"move_model_x":-33,"move_model_y":0,"move_delay_time":0,"move_time":8,"back_delay_time":3,"back_move_time":8,"back_model_x":0,"is_move_map":0,"is_reverse":0,"is_move_area":0,"shadow_time":0,"is_col_act":0}
		}
	},
	"H30080": {
		"action3": {
			"action3": {"move_model_x":-8,"move_model_y":0,"move_delay_time":0,"move_time":12,"back_delay_time":0,"back_move_time":8,"back_model_x":0,"is_move_map":0,"is_reverse":0,"is_move_area":0,"shadow_time":0,"is_col_act":0}
		}
	},
	"H31080": {
		"action3": {
			"action3": {"move_model_x":-8,"move_model_y":0,"move_delay_time":0,"move_time":12,"back_delay_time":0,"back_move_time":8,"back_model_x":0,"is_move_map":0,"is_reverse":0,"is_move_area":0,"shadow_time":0,"is_col_act":0}
		}
	},
	"H32080": {
		"action3": {
			"action3": {"move_model_x":-8,"move_model_y":0,"move_delay_time":0,"move_time":12,"back_delay_time":0,"back_move_time":8,"back_model_x":0,"is_move_map":0,"is_reverse":0,"is_move_area":0,"shadow_time":0,"is_col_act":0}
		}
	},
	"H30095": {
		"action2": {
			"action2": {"move_model_x":-3,"move_model_y":-4,"move_delay_time":0,"move_time":8,"back_delay_time":8,"back_move_time":8,"back_model_x":0,"is_move_map":0,"is_reverse":0,"is_move_area":1,"shadow_time":0,"is_col_act":0}
		}
	},
	"H31095": {
		"action2": {
			"action2": {"move_model_x":-3,"move_model_y":-4,"move_delay_time":0,"move_time":8,"back_delay_time":8,"back_move_time":8,"back_model_x":0,"is_move_map":0,"is_reverse":0,"is_move_area":1,"shadow_time":0,"is_col_act":0}
		}
	},
	"H32095": {
		"action2": {
			"action2": {"move_model_x":-3,"move_model_y":-4,"move_delay_time":0,"move_time":8,"back_delay_time":8,"back_move_time":8,"back_model_x":0,"is_move_map":0,"is_reverse":0,"is_move_area":1,"shadow_time":0,"is_col_act":0}
		}
	},
	"H50000": {
		"action2": {
			"action2": {"move_model_x":-3,"move_model_y":-4,"move_delay_time":0,"move_time":8,"back_delay_time":8,"back_move_time":8,"back_model_x":0,"is_move_map":0,"is_reverse":0,"is_move_area":1,"shadow_time":0,"is_col_act":0}
		}
	},
	"H30093": {
		"action3": {
			"action3": {"move_model_x":-5,"move_model_y":-3,"move_delay_time":0,"move_time":8,"back_delay_time":8,"back_move_time":8,"back_model_x":0,"is_move_map":0,"is_reverse":0,"is_move_area":1,"shadow_time":0,"is_col_act":0}
		},
		"action2": {
			"action1": {"move_model_x":-20,"move_model_y":0,"move_delay_time":0,"move_time":12,"back_delay_time":0,"back_move_time":8,"back_model_x":0,"is_move_map":0,"is_reverse":0,"is_move_area":0,"shadow_time":0,"is_col_act":0},
			"action2": {"move_model_x":-20,"move_model_y":0,"move_delay_time":0,"move_time":12,"back_delay_time":0,"back_move_time":8,"back_model_x":0,"is_move_map":0,"is_reverse":0,"is_move_area":0,"shadow_time":0,"is_col_act":0}
		}
	},
	"H31093": {
		"action3": {
			"action3": {"move_model_x":-5,"move_model_y":-3,"move_delay_time":0,"move_time":8,"back_delay_time":8,"back_move_time":8,"back_model_x":0,"is_move_map":0,"is_reverse":0,"is_move_area":1,"shadow_time":0,"is_col_act":0}
		},
		"action2": {
			"action1": {"move_model_x":-20,"move_model_y":0,"move_delay_time":0,"move_time":12,"back_delay_time":0,"back_move_time":8,"back_model_x":0,"is_move_map":0,"is_reverse":0,"is_move_area":0,"shadow_time":0,"is_col_act":0},
			"action2": {"move_model_x":-20,"move_model_y":0,"move_delay_time":0,"move_time":12,"back_delay_time":0,"back_move_time":8,"back_model_x":0,"is_move_map":0,"is_reverse":0,"is_move_area":0,"shadow_time":0,"is_col_act":0}
		}
	},
	"H32093": {
		"action3": {
			"action3": {"move_model_x":-5,"move_model_y":-3,"move_delay_time":0,"move_time":8,"back_delay_time":8,"back_move_time":8,"back_model_x":0,"is_move_map":0,"is_reverse":0,"is_move_area":1,"shadow_time":0,"is_col_act":0}
		},
		"action2": {
			"action1": {"move_model_x":-20,"move_model_y":0,"move_delay_time":0,"move_time":12,"back_delay_time":0,"back_move_time":8,"back_model_x":0,"is_move_map":0,"is_reverse":0,"is_move_area":0,"shadow_time":0,"is_col_act":0},
			"action2": {"move_model_x":-20,"move_model_y":0,"move_delay_time":0,"move_time":12,"back_delay_time":0,"back_move_time":8,"back_model_x":0,"is_move_map":0,"is_reverse":0,"is_move_area":0,"shadow_time":0,"is_col_act":0}
		}
	},
	"H30059": {
		"action1": {
			"action1": {"move_model_x":-8,"move_model_y":0,"move_delay_time":0,"move_time":8,"back_delay_time":0,"back_move_time":6,"back_model_x":0,"is_move_map":1,"is_reverse":1,"is_move_area":0,"shadow_time":0,"is_col_act":0},
			"action2": {"move_model_x":-2,"move_model_y":-3,"move_delay_time":0,"move_time":10,"back_delay_time":0,"back_move_time":10,"back_model_x":0,"is_move_map":0,"is_reverse":0,"is_move_area":1,"shadow_time":0,"is_col_act":0},
			"action3": {"move_model_x":-25,"move_model_y":-2,"move_delay_time":0,"move_time":12,"back_delay_time":0,"back_move_time":0,"back_model_x":0,"is_move_map":0,"is_reverse":0,"is_move_area":0,"shadow_time":0,"is_col_act":0},
			"action4": {"move_model_x":-25,"move_model_y":-2,"move_delay_time":0,"move_time":0,"back_delay_time":0,"back_move_time":0,"back_model_x":0,"is_move_map":0,"is_reverse":0,"is_move_area":0,"shadow_time":0,"is_col_act":0},
			"action5": {"move_model_x":-25,"move_model_y":-2,"move_delay_time":0,"move_time":0,"back_delay_time":0,"back_move_time":6,"back_model_x":0,"is_move_map":0,"is_reverse":0,"is_move_area":0,"shadow_time":0,"is_col_act":0}
		},
		"action2": {
			"action2": {"move_model_x":-14,"move_model_y":0,"move_delay_time":0,"move_time":12,"back_delay_time":0,"back_move_time":8,"back_model_x":0,"is_move_map":0,"is_reverse":0,"is_move_area":0,"shadow_time":0,"is_col_act":0}
		}
	},
	"H31059": {
		"action1": {
			"action1": {"move_model_x":-8,"move_model_y":0,"move_delay_time":0,"move_time":8,"back_delay_time":0,"back_move_time":6,"back_model_x":0,"is_move_map":1,"is_reverse":1,"is_move_area":0,"shadow_time":0,"is_col_act":0},
			"action2": {"move_model_x":-2,"move_model_y":-3,"move_delay_time":0,"move_time":10,"back_delay_time":0,"back_move_time":10,"back_model_x":0,"is_move_map":0,"is_reverse":0,"is_move_area":1,"shadow_time":0,"is_col_act":0},
			"action3": {"move_model_x":-25,"move_model_y":-2,"move_delay_time":0,"move_time":12,"back_delay_time":0,"back_move_time":0,"back_model_x":0,"is_move_map":0,"is_reverse":0,"is_move_area":0,"shadow_time":0,"is_col_act":0},
			"action4": {"move_model_x":-25,"move_model_y":-2,"move_delay_time":0,"move_time":0,"back_delay_time":0,"back_move_time":0,"back_model_x":0,"is_move_map":0,"is_reverse":0,"is_move_area":0,"shadow_time":0,"is_col_act":0},
			"action5": {"move_model_x":-25,"move_model_y":-2,"move_delay_time":0,"move_time":0,"back_delay_time":0,"back_move_time":6,"back_model_x":0,"is_move_map":0,"is_reverse":0,"is_move_area":0,"shadow_time":0,"is_col_act":0}
		},
		"action2": {
			"action2": {"move_model_x":-14,"move_model_y":0,"move_delay_time":0,"move_time":12,"back_delay_time":0,"back_move_time":8,"back_model_x":0,"is_move_map":0,"is_reverse":0,"is_move_area":0,"shadow_time":0,"is_col_act":0}
		}
	},
	"H32059": {
		"action1": {
			"action1": {"move_model_x":-8,"move_model_y":0,"move_delay_time":0,"move_time":8,"back_delay_time":0,"back_move_time":6,"back_model_x":0,"is_move_map":1,"is_reverse":1,"is_move_area":0,"shadow_time":0,"is_col_act":0},
			"action2": {"move_model_x":-2,"move_model_y":-3,"move_delay_time":0,"move_time":10,"back_delay_time":0,"back_move_time":10,"back_model_x":0,"is_move_map":0,"is_reverse":0,"is_move_area":1,"shadow_time":0,"is_col_act":0},
			"action3": {"move_model_x":-25,"move_model_y":-2,"move_delay_time":0,"move_time":12,"back_delay_time":0,"back_move_time":0,"back_model_x":0,"is_move_map":0,"is_reverse":0,"is_move_area":0,"shadow_time":0,"is_col_act":0},
			"action4": {"move_model_x":-25,"move_model_y":-2,"move_delay_time":0,"move_time":0,"back_delay_time":0,"back_move_time":0,"back_model_x":0,"is_move_map":0,"is_reverse":0,"is_move_area":0,"shadow_time":0,"is_col_act":0},
			"action5": {"move_model_x":-25,"move_model_y":-2,"move_delay_time":0,"move_time":0,"back_delay_time":0,"back_move_time":6,"back_model_x":0,"is_move_map":0,"is_reverse":0,"is_move_area":0,"shadow_time":0,"is_col_act":0}
		},
		"action2": {
			"action2": {"move_model_x":-14,"move_model_y":0,"move_delay_time":0,"move_time":12,"back_delay_time":0,"back_move_time":8,"back_model_x":0,"is_move_map":0,"is_reverse":0,"is_move_area":0,"shadow_time":0,"is_col_act":0}
		}
	},
	"H30085": {
		"action2": {
			"action2": {"move_model_x":-6,"move_model_y":-3,"move_delay_time":0,"move_time":10,"back_delay_time":2,"back_move_time":6,"back_model_x":0,"is_move_map":0,"is_reverse":0,"is_move_area":1,"shadow_time":0,"is_col_act":0}
		}
	},
	"H31085": {
		"action2": {
			"action2": {"move_model_x":-6,"move_model_y":-3,"move_delay_time":0,"move_time":10,"back_delay_time":2,"back_move_time":6,"back_model_x":0,"is_move_map":0,"is_reverse":0,"is_move_area":1,"shadow_time":0,"is_col_act":0}
		}
	},
	"H30096": {
		"action1": {
			"action1": {"move_model_x":-20,"move_model_y":0,"move_delay_time":0,"move_time":12,"back_delay_time":0,"back_move_time":8,"back_model_x":0,"is_move_map":0,"is_reverse":0,"is_move_area":0,"shadow_time":0,"is_col_act":0}
		},
		"action2": {
			"action2": {"move_model_x":-13,"move_model_y":-30,"move_delay_time":0,"move_time":8,"back_delay_time":0,"back_move_time":8,"back_model_x":0,"is_move_map":0,"is_reverse":0,"is_move_area":0,"shadow_time":0,"is_col_act":1}
		}
	},
	"H31096": {
		"action1": {
			"action1": {"move_model_x":-20,"move_model_y":0,"move_delay_time":0,"move_time":12,"back_delay_time":0,"back_move_time":8,"back_model_x":0,"is_move_map":0,"is_reverse":0,"is_move_area":0,"shadow_time":0,"is_col_act":0}
		},
		"action2": {
			"action2": {"move_model_x":-13,"move_model_y":-30,"move_delay_time":0,"move_time":8,"back_delay_time":0,"back_move_time":8,"back_model_x":0,"is_move_map":0,"is_reverse":0,"is_move_area":0,"shadow_time":0,"is_col_act":1}
		}
	},
	"H32096": {
		"action1": {
			"action1": {"move_model_x":-20,"move_model_y":0,"move_delay_time":0,"move_time":12,"back_delay_time":0,"back_move_time":8,"back_model_x":0,"is_move_map":0,"is_reverse":0,"is_move_area":0,"shadow_time":0,"is_col_act":0}
		},
		"action2": {
			"action2": {"move_model_x":-13,"move_model_y":-30,"move_delay_time":0,"move_time":8,"back_delay_time":0,"back_move_time":8,"back_model_x":0,"is_move_map":0,"is_reverse":0,"is_move_area":0,"shadow_time":0,"is_col_act":1}
		}
	},
	"H30099": {
		"action1": {
			"action1": {"move_model_x":-22,"move_model_y":0,"move_delay_time":0,"move_time":8,"back_delay_time":0,"back_move_time":8,"back_model_x":0,"is_move_map":0,"is_reverse":0,"is_move_area":0,"shadow_time":0,"is_col_act":0}
		},
		"action3": {
			"action1": {"move_model_x":-22,"move_model_y":0,"move_delay_time":0,"move_time":8,"back_delay_time":0,"back_move_time":8,"back_model_x":0,"is_move_map":0,"is_reverse":0,"is_move_area":0,"shadow_time":0,"is_col_act":0},
			"action2": {"move_model_x":-22,"move_model_y":0,"move_delay_time":0,"move_time":8,"back_delay_time":0,"back_move_time":8,"back_model_x":0,"is_move_map":0,"is_reverse":0,"is_move_area":0,"shadow_time":0,"is_col_act":0},
			"action3": {"move_model_x":-22,"move_model_y":0,"move_delay_time":0,"move_time":8,"back_delay_time":0,"back_move_time":8,"back_model_x":0,"is_move_map":0,"is_reverse":0,"is_move_area":0,"shadow_time":0,"is_col_act":0},
			"action4": {"move_model_x":-22,"move_model_y":0,"move_delay_time":0,"move_time":8,"back_delay_time":0,"back_move_time":8,"back_model_x":0,"is_move_map":0,"is_reverse":0,"is_move_area":0,"shadow_time":0,"is_col_act":0},
			"action5": {"move_model_x":-22,"move_model_y":0,"move_delay_time":0,"move_time":8,"back_delay_time":0,"back_move_time":8,"back_model_x":0,"is_move_map":0,"is_reverse":0,"is_move_area":0,"shadow_time":0,"is_col_act":0}
		}
	},
	"H31099": {
		"action1": {
			"action1": {"move_model_x":-22,"move_model_y":0,"move_delay_time":0,"move_time":8,"back_delay_time":0,"back_move_time":8,"back_model_x":0,"is_move_map":0,"is_reverse":0,"is_move_area":0,"shadow_time":0,"is_col_act":0}
		},
		"action3": {
			"action1": {"move_model_x":-22,"move_model_y":0,"move_delay_time":0,"move_time":8,"back_delay_time":0,"back_move_time":8,"back_model_x":0,"is_move_map":0,"is_reverse":0,"is_move_area":0,"shadow_time":0,"is_col_act":0},
			"action2": {"move_model_x":-22,"move_model_y":0,"move_delay_time":0,"move_time":8,"back_delay_time":0,"back_move_time":8,"back_model_x":0,"is_move_map":0,"is_reverse":0,"is_move_area":0,"shadow_time":0,"is_col_act":0},
			"action3": {"move_model_x":-22,"move_model_y":0,"move_delay_time":0,"move_time":8,"back_delay_time":0,"back_move_time":8,"back_model_x":0,"is_move_map":0,"is_reverse":0,"is_move_area":0,"shadow_time":0,"is_col_act":0},
			"action4": {"move_model_x":-22,"move_model_y":0,"move_delay_time":0,"move_time":8,"back_delay_time":0,"back_move_time":8,"back_model_x":0,"is_move_map":0,"is_reverse":0,"is_move_area":0,"shadow_time":0,"is_col_act":0},
			"action5": {"move_model_x":-22,"move_model_y":0,"move_delay_time":0,"move_time":8,"back_delay_time":0,"back_move_time":8,"back_model_x":0,"is_move_map":0,"is_reverse":0,"is_move_area":0,"shadow_time":0,"is_col_act":0}
		}
	},
	"H32099": {
		"action1": {
			"action1": {"move_model_x":-22,"move_model_y":0,"move_delay_time":0,"move_time":8,"back_delay_time":0,"back_move_time":8,"back_model_x":0,"is_move_map":0,"is_reverse":0,"is_move_area":0,"shadow_time":0,"is_col_act":0}
		},
		"action3": {
			"action1": {"move_model_x":-22,"move_model_y":0,"move_delay_time":0,"move_time":8,"back_delay_time":0,"back_move_time":8,"back_model_x":0,"is_move_map":0,"is_reverse":0,"is_move_area":0,"shadow_time":0,"is_col_act":0},
			"action2": {"move_model_x":-22,"move_model_y":0,"move_delay_time":0,"move_time":8,"back_delay_time":0,"back_move_time":8,"back_model_x":0,"is_move_map":0,"is_reverse":0,"is_move_area":0,"shadow_time":0,"is_col_act":0},
			"action3": {"move_model_x":-22,"move_model_y":0,"move_delay_time":0,"move_time":8,"back_delay_time":0,"back_move_time":8,"back_model_x":0,"is_move_map":0,"is_reverse":0,"is_move_area":0,"shadow_time":0,"is_col_act":0},
			"action4": {"move_model_x":-22,"move_model_y":0,"move_delay_time":0,"move_time":8,"back_delay_time":0,"back_move_time":8,"back_model_x":0,"is_move_map":0,"is_reverse":0,"is_move_area":0,"shadow_time":0,"is_col_act":0},
			"action5": {"move_model_x":-22,"move_model_y":0,"move_delay_time":0,"move_time":8,"back_delay_time":0,"back_move_time":8,"back_model_x":0,"is_move_map":0,"is_reverse":0,"is_move_area":0,"shadow_time":0,"is_col_act":0}
		}
	},
	"H30100": {
		"action3": {
			"action3": {"move_model_x":15,"move_model_y":-3,"move_delay_time":0,"move_time":10,"back_delay_time":0,"back_move_time":10,"back_model_x":0,"is_move_map":0,"is_reverse":0,"is_move_area":1,"shadow_time":0,"is_col_act":0}
		}
	},
	"H31100": {
		"action3": {
			"action3": {"move_model_x":15,"move_model_y":-3,"move_delay_time":0,"move_time":10,"back_delay_time":0,"back_move_time":10,"back_model_x":0,"is_move_map":0,"is_reverse":0,"is_move_area":1,"shadow_time":0,"is_col_act":0}
		}
	},
	"H32100": {
		"action3": {
			"action3": {"move_model_x":15,"move_model_y":-3,"move_delay_time":0,"move_time":10,"back_delay_time":0,"back_move_time":10,"back_model_x":0,"is_move_map":0,"is_reverse":0,"is_move_area":1,"shadow_time":0,"is_col_act":0}
		}
	}
},
"data_get_act_data_length" : 64,
"data_get_act_data" : {
	"skill_bg_move_time":{"val_key":"skill_bg_move_time","val":8},
	"skill_bg_fadeIn":{"val_key":"skill_bg_fadeIn","val":10},
	"skill_bg_move_slow_time":{"val_key":"skill_bg_move_slow_time","val":40},
	"skill_bg_fadeOut":{"val_key":"skill_bg_fadeOut","val":30},
	"skill_name_delay_time":{"val_key":"skill_name_delay_time","val":30},
	"skill_name_delay_time2":{"val_key":"skill_name_delay_time2","val":50},
	"skill_name_fadeOut":{"val_key":"skill_name_fadeOut","val":30},
	"hurt_num_bigger":{"val_key":"hurt_num_bigger","val":280},
	"hurt_num_bigger2":{"val_key":"hurt_num_bigger2","val":200},
	"hurt_num_smaller":{"val_key":"hurt_num_smaller","val":120},
	"hurt_num_bigger3":{"val_key":"hurt_num_bigger3","val":80},
	"hurt_num_scale_time1":{"val_key":"hurt_num_scale_time1","val":60},
	"hurt_num_scale_time2":{"val_key":"hurt_num_scale_time2","val":560},
	"hurt_num_scale_time3":{"val_key":"hurt_num_scale_time3","val":560},
	"hurt_num_scale_time4":{"val_key":"hurt_num_scale_time4","val":560},
	"hurt_num_delay_time":{"val_key":"hurt_num_delay_time","val":200},
	"hurt_num_move_time":{"val_key":"hurt_num_move_time","val":4800},
	"hurt_num_move_distance":{"val_key":"hurt_num_move_distance","val":6000},
	"hurt_num_hide_time":{"val_key":"hurt_num_hide_time","val":3600},
	"delay_die_act":{"val_key":"delay_die_act","val":50},
	"delay_show_die_act":{"val_key":"delay_show_die_act","val":26},
	"speed_scale":{"val_key":"speed_scale","val":150},
	"base_speed_scale":{"val_key":"base_speed_scale","val":120},
	"machine_speed":{"val_key":"machine_speed","val":296},
	"role_speed":{"val_key":"role_speed","val":10},
	"role_machine_speed":{"val_key":"role_machine_speed","val":626},
	"pass_bg_show_delay_time":{"val_key":"pass_bg_show_delay_time","val":150},
	"pass_bg_fadein":{"val_key":"pass_bg_fadein","val":20},
	"pass_bg_scaleTime":{"val_key":"pass_bg_scaleTime","val":20},
	"pass_bg_delay_time":{"val_key":"pass_bg_delay_time","val":120},
	"pass_bg_fadeout":{"val_key":"pass_bg_fadeout","val":20},
	"pass_bg_out_scaleTime":{"val_key":"pass_bg_out_scaleTime","val":20},
	"hook_stand_time":{"val_key":"hook_stand_time","val":300},
	"hook_item_stand_time":{"val_key":"hook_item_stand_time","val":20},
	"round_distance":{"val_key":"round_distance","val":60000},
	"base_speed":{"val_key":"base_speed","val":350},
	"first_speed":{"val_key":"first_speed","val":20},
	"third_speed":{"val_key":"third_speed","val":60},
	"four_speed":{"val_key":"four_speed","val":40},
	"act_first_map_distance":{"val_key":"act_first_map_distance","val":16000},
	"act_second_map_distance":{"val_key":"act_second_map_distance","val":10000},
	"act_third_map_distance":{"val_key":"act_third_map_distance","val":6000},
	"first_offset_distance":{"val_key":"first_offset_distance","val":15000},
	"second_offset_distance":{"val_key":"second_offset_distance","val":10000},
	"third_offset_distance":{"val_key":"third_offset_distance","val":20000},
	"double_base_speed":{"val_key":"double_base_speed","val":1000},
	"trial_lround_distance":{"val_key":"trial_lround_distance","val":120000},
	"trial_base_speed":{"val_key":"trial_base_speed","val":1200},
	"trial_double_base_speed":{"val_key":"trial_double_base_speed","val":2200},
	"trial_third_speed":{"val_key":"trial_third_speed","val":60},
	"trial_four_speed":{"val_key":"trial_four_speed","val":40},
	"boss_image_stand":{"val_key":"boss_image_stand","val":30},
	"boss_image_fadeout":{"val_key":"boss_image_fadeout","val":30},
	"role_show_time_deley":{"val_key":"role_show_time_deley","val":20},
	"is_diff_enter":{"val_key":"is_diff_enter","val":0},
	"real_battle_enter_time":{"val_key":"real_battle_enter_time","val":50},
	"normal_battle_per_distance":{"val_key":"normal_battle_per_distance","val":50},
	"normal_distance":{"val_key":"normal_distance","val":20000},
	"next_enemy_distance":{"val_key":"next_enemy_distance","val":18000},
	"new_hook_base_speed":{"val_key":"new_hook_base_speed","val":200},
	"new_hook_move_time":{"val_key":"new_hook_move_time","val":200},
	"new_hook_next_mon_time":{"val_key":"new_hook_next_mon_time","val":560},
	"new_hook_act_mon_time":{"val_key":"new_hook_act_mon_time","val":159},
	"spine_scale":{"val_key":"spine_scale","val":100}
},
"data_get_fail_data_length" : 4,
"data_get_fail_data" : {
	"1":{"val_key":1,"icon_name":"英雄召唤","icon":"battle_fail_btn_1","open_dungeon":10010},
	"2":{"val_key":2,"icon_name":"英雄培养","icon":"battle_fail_btn_2","open_dungeon":10010},
	"3":{"val_key":3,"icon_name":"更换装备","icon":"battle_fail_btn_3","open_dungeon":10010},
	"4":{"val_key":4,"icon_name":"提升神器","icon":"battle_fail_btn_4","open_dungeon":10010}
}
}