{"data_constant_length" : 25,
"data_constant" : {
	"month_card1_items":{"key":"month_card1_items","val":[[3,200]],"desc":"至尊月卡每日领取","id":0},
	"month_card2_items":{"key":"month_card2_items","val":[[3,120]],"desc":"荣耀月卡每日领取","id":0},
	"first_charge":{"key":"first_charge","val":[[26059,1,1],[44201,1,1],[44401,1,1],[10801,1],[10102,1,100],[2,1,100000]],"desc":"首充奖励","id":0},
	"chapter_first_charge":{"key":"chapter_first_charge","val":10204,"desc":"首次弹首充","id":0},
	"ally_id":{"key":"ally_id","val":50015,"desc":"首次试玩己方场景怪","id":0},
	"enemy_id":{"key":"enemy_id","val":50016,"desc":"首次试玩敌方场景怪","id":0},
	"triple_charge_rule":{"key":"triple_charge_rule","val":0,"desc":"1、每次三倍返利机会可让你在下次充值时，额外获得充值钻石数目2倍的红钻；例如充值<size=24><color=#289b14>￥648</color></size>，可额外获得<size=24><color=#289b14>6480*2=12960红钻</color></size>。\n2、荣誉月卡和至尊月卡不计入三倍返利中。\n3、三倍返利状态下，投资计划、月卡不会触发三倍返利","id":0},
	"month_card1_text":{"key":"month_card1_text","val":0,"desc":"","id":0},
	"month_card2_text":{"key":"month_card2_text","val":0,"desc":"","id":0},
	"month_card1_bag_num":{"key":"month_card1_bag_num","val":40,"desc":"荣耀月卡增加背包数","id":0},
	"month_card2_bag_num":{"key":"month_card2_bag_num","val":80,"desc":"至尊月卡增加背包数","id":0},
	"month_card1_return":{"key":"month_card1_return","val":[[3,6000]],"desc":"至尊月卡返还","id":0},
	"month_card1_cont_day":{"key":"month_card1_cont_day","val":30,"desc":"至尊月卡持续天数","id":0},
	"month_card1_sun":{"key":"month_card1_sun","val":98,"desc":"至尊月卡充值累计可激活","id":0},
	"month_card2_return":{"key":"month_card2_return","val":[[3,3600]],"desc":"荣耀月卡返还","id":0},
	"month_card2_cont_day":{"key":"month_card2_cont_day","val":30,"desc":"荣耀月卡持续天数","id":0},
	"month_card2_sun":{"key":"month_card2_sun","val":30,"desc":"荣耀月卡充值累计可激活","id":0},
	"open_lv":{"key":"open_lv","val":1,"desc":"1级开启充值","id":0},
	"day_gift_gift":{"key":"day_gift_gift","val":[[37001,1]],"desc":"每日礼包每日礼","id":0},
	"day_charge_goal":{"key":"day_charge_goal","val":180,"desc":"每日首充钻石额度","id":0},
	"first_charge_new":{"key":"first_charge_new","val":[[1,25400],[2,26405],[3,24404]],"desc":"新版每日首冲","id":0},
	"skin_award":{"key":"skin_award","val":[[3,3280],[23001,1],[10403,20],[1,1000000]],"desc":"开服皮肤直购奖励","id":101},
	"skin_reg_day":{"key":"skin_reg_day","val":[4,7],"desc":"开服皮肤直购活动时间","id":0},
	"skin_package_id":{"key":"skin_package_id","val":1308,"desc":"开服皮肤直购充值id","id":0},
	"skin_battle_preview":{"key":"skin_battle_preview","val":[99980,99981],"desc":"开服皮肤直购战斗预览","id":0}
},
"data_charge_data_length" : 101,
"data_charge_data" : {
	"3":{"id":3,"name":"普通充值6","val":6,"gold":60,"first_add":60,"add":0,"vip_exp":60,"pic":1,"type":0,"items":[[3,60]],"lose_gold":0,"sort":3,"is_iosverify":1,"pay_id":3},
	"4":{"id":4,"name":"普通充值30","val":30,"gold":300,"first_add":300,"add":58,"vip_exp":300,"pic":2,"type":0,"items":[[3,300]],"lose_gold":0,"sort":4,"is_iosverify":1,"pay_id":4},
	"5":{"id":5,"name":"普通充值98","val":98,"gold":980,"first_add":980,"add":198,"vip_exp":980,"pic":3,"type":0,"items":[[3,980]],"lose_gold":0,"sort":0,"is_iosverify":1,"pay_id":5},
	"6":{"id":6,"name":"普通充值198","val":198,"gold":1980,"first_add":1980,"add":398,"vip_exp":1980,"pic":4,"type":0,"items":[[3,1980]],"lose_gold":0,"sort":7,"is_iosverify":1,"pay_id":6},
	"7":{"id":7,"name":"普通充值328","val":328,"gold":3280,"first_add":3280,"add":658,"vip_exp":3280,"pic":5,"type":0,"items":[[3,3280]],"lose_gold":0,"sort":8,"is_iosverify":1,"pay_id":7},
	"8":{"id":8,"name":"普通充值648","val":648,"gold":6480,"first_add":6480,"add":1298,"vip_exp":6480,"pic":6,"type":0,"items":[[3,6480]],"lose_gold":0,"sort":9,"is_iosverify":1,"pay_id":8},
	"20":{"id":20,"name":"普通充值68","val":68,"gold":680,"first_add":680,"add":138,"vip_exp":680,"pic":3,"type":0,"items":[[3,680]],"lose_gold":0,"sort":5,"is_iosverify":1,"pay_id":20},
	"21":{"id":21,"name":"普通充值128","val":128,"gold":1280,"first_add":1280,"add":258,"vip_exp":1280,"pic":4,"type":0,"items":[[3,1280]],"lose_gold":0,"sort":6,"is_iosverify":1,"pay_id":21},
	"101":{"id":101,"name":"成长基金","val":98,"gold":0,"first_add":0,"add":0,"vip_exp":980,"pic":9,"type":2,"items":[],"lose_gold":0,"sort":0,"is_iosverify":0,"pay_id":5},
	"102":{"id":102,"name":"128基金","val":128,"gold":1280,"first_add":0,"add":0,"vip_exp":1280,"pic":9,"type":2,"items":[],"lose_gold":0,"sort":0,"is_iosverify":0,"pay_id":21},
	"103":{"id":103,"name":"328基金","val":328,"gold":3280,"first_add":0,"add":0,"vip_exp":3280,"pic":9,"type":2,"items":[],"lose_gold":0,"sort":0,"is_iosverify":0,"pay_id":7},
	"201":{"id":201,"name":"5星级养成","val":30,"gold":0,"first_add":0,"add":0,"vip_exp":300,"pic":9,"type":2,"items":[],"lose_gold":0,"sort":0,"is_iosverify":0,"pay_id":4},
	"202":{"id":202,"name":"6星级养成","val":68,"gold":0,"first_add":0,"add":0,"vip_exp":680,"pic":9,"type":2,"items":[],"lose_gold":0,"sort":0,"is_iosverify":0,"pay_id":20},
	"203":{"id":203,"name":"7星级养成","val":128,"gold":0,"first_add":0,"add":0,"vip_exp":1280,"pic":9,"type":2,"items":[],"lose_gold":0,"sort":0,"is_iosverify":0,"pay_id":21},
	"204":{"id":204,"name":"8星级养成","val":328,"gold":0,"first_add":0,"add":0,"vip_exp":3280,"pic":9,"type":2,"items":[],"lose_gold":0,"sort":0,"is_iosverify":0,"pay_id":7},
	"205":{"id":205,"name":"9星级养成","val":328,"gold":0,"first_add":0,"add":0,"vip_exp":3280,"pic":9,"type":2,"items":[],"lose_gold":0,"sort":0,"is_iosverify":0,"pay_id":7},
	"206":{"id":206,"name":"10星级养成","val":448,"gold":0,"first_add":0,"add":0,"vip_exp":4480,"pic":9,"type":2,"items":[],"lose_gold":0,"sort":0,"is_iosverify":0,"pay_id":405},
	"207":{"id":207,"name":"11星级养成","val":648,"gold":0,"first_add":0,"add":0,"vip_exp":6480,"pic":9,"type":2,"items":[],"lose_gold":0,"sort":0,"is_iosverify":0,"pay_id":8},
	"211":{"id":211,"name":"18等级礼包","val":18,"gold":0,"first_add":0,"add":0,"vip_exp":180,"pic":9,"type":2,"items":[[3,180]],"lose_gold":0,"sort":0,"is_iosverify":1,"pay_id":211},
	"212":{"id":212,"name":"48等级礼包","val":68,"gold":0,"first_add":0,"add":0,"vip_exp":680,"pic":9,"type":2,"items":[],"lose_gold":0,"sort":0,"is_iosverify":0,"pay_id":20},
	"213":{"id":213,"name":"68等级礼包","val":128,"gold":0,"first_add":0,"add":0,"vip_exp":1280,"pic":9,"type":2,"items":[],"lose_gold":0,"sort":0,"is_iosverify":0,"pay_id":21},
	"214":{"id":214,"name":"78等级礼包","val":128,"gold":0,"first_add":0,"add":0,"vip_exp":1280,"pic":9,"type":2,"items":[],"lose_gold":0,"sort":0,"is_iosverify":0,"pay_id":21},
	"215":{"id":215,"name":"88等级礼包","val":328,"gold":0,"first_add":0,"add":0,"vip_exp":3280,"pic":9,"type":2,"items":[],"lose_gold":0,"sort":0,"is_iosverify":0,"pay_id":7},
	"216":{"id":216,"name":"98等级礼包","val":328,"gold":0,"first_add":0,"add":0,"vip_exp":3280,"pic":9,"type":2,"items":[],"lose_gold":0,"sort":0,"is_iosverify":0,"pay_id":7},
	"217":{"id":217,"name":"108等级礼包","val":328,"gold":0,"first_add":0,"add":0,"vip_exp":3280,"pic":9,"type":2,"items":[],"lose_gold":0,"sort":0,"is_iosverify":0,"pay_id":7},
	"218":{"id":218,"name":"118等级礼包","val":448,"gold":0,"first_add":0,"add":0,"vip_exp":4480,"pic":9,"type":2,"items":[],"lose_gold":0,"sort":0,"is_iosverify":0,"pay_id":405},
	"219":{"id":219,"name":"128等级礼包","val":448,"gold":0,"first_add":0,"add":0,"vip_exp":4480,"pic":9,"type":2,"items":[],"lose_gold":0,"sort":0,"is_iosverify":0,"pay_id":405},
	"220":{"id":220,"name":"138等级礼包","val":648,"gold":0,"first_add":0,"add":0,"vip_exp":6480,"pic":9,"type":2,"items":[],"lose_gold":0,"sort":0,"is_iosverify":0,"pay_id":8},
	"221":{"id":221,"name":"150等级礼包","val":648,"gold":0,"first_add":0,"add":0,"vip_exp":6480,"pic":9,"type":2,"items":[],"lose_gold":0,"sort":0,"is_iosverify":0,"pay_id":8},
	"301":{"id":301,"name":"1元礼包","val":1,"gold":0,"first_add":0,"add":0,"vip_exp":10,"pic":9,"type":2,"items":[[3,10]],"lose_gold":0,"sort":0,"is_iosverify":1,"pay_id":301},
	"302":{"id":302,"name":"6元V1礼包","val":6,"gold":0,"first_add":0,"add":0,"vip_exp":60,"pic":9,"type":2,"items":[],"lose_gold":0,"sort":0,"is_iosverify":0,"pay_id":3},
	"303":{"id":303,"name":"12元V2礼包","val":12,"gold":0,"first_add":0,"add":0,"vip_exp":120,"pic":9,"type":2,"items":[[3,120]],"lose_gold":0,"sort":0,"is_iosverify":1,"pay_id":303},
	"304":{"id":304,"name":"30先知水晶礼包","val":30,"gold":0,"first_add":0,"add":0,"vip_exp":300,"pic":9,"type":2,"items":[],"lose_gold":0,"sort":0,"is_iosverify":0,"pay_id":4},
	"305":{"id":305,"name":"68快速作战礼包","val":68,"gold":0,"first_add":0,"add":0,"vip_exp":680,"pic":9,"type":2,"items":[],"lose_gold":0,"sort":0,"is_iosverify":0,"pay_id":20},
	"306":{"id":306,"name":"3元礼包（备用）","val":3,"gold":0,"first_add":0,"add":0,"vip_exp":30,"pic":9,"type":2,"items":[[3,30]],"lose_gold":0,"sort":0,"is_iosverify":1,"pay_id":306},
	"307":{"id":307,"name":"元素圣殿礼包","val":30,"gold":0,"first_add":0,"add":0,"vip_exp":300,"pic":9,"type":2,"items":[],"lose_gold":0,"sort":0,"is_iosverify":0,"pay_id":307},
	"308":{"id":308,"name":"68元每日礼包","val":68,"gold":0,"first_add":0,"add":0,"vip_exp":680,"pic":9,"type":2,"items":[],"lose_gold":0,"sort":0,"is_iosverify":0,"pay_id":20},
	"309":{"id":309,"name":"128元每日礼包","val":128,"gold":0,"first_add":0,"add":0,"vip_exp":1280,"pic":9,"type":2,"items":[],"lose_gold":0,"sort":0,"is_iosverify":0,"pay_id":21},
	"401":{"id":401,"name":"30每周常驻礼包","val":30,"gold":0,"first_add":0,"add":0,"vip_exp":300,"pic":9,"type":2,"items":[],"lose_gold":0,"sort":0,"is_iosverify":0,"pay_id":4},
	"402":{"id":402,"name":"68每周常驻礼包","val":68,"gold":0,"first_add":0,"add":0,"vip_exp":680,"pic":9,"type":2,"items":[],"lose_gold":0,"sort":0,"is_iosverify":0,"pay_id":20},
	"403":{"id":403,"name":"128每周常驻礼包","val":128,"gold":0,"first_add":0,"add":0,"vip_exp":1280,"pic":9,"type":2,"items":[],"lose_gold":0,"sort":0,"is_iosverify":0,"pay_id":21},
	"404":{"id":404,"name":"328每周常驻礼包","val":328,"gold":0,"first_add":0,"add":0,"vip_exp":3280,"pic":9,"type":2,"items":[],"lose_gold":0,"sort":0,"is_iosverify":0,"pay_id":7},
	"405":{"id":405,"name":"448每周常驻礼包","val":448,"gold":0,"first_add":0,"add":0,"vip_exp":4480,"pic":9,"type":2,"items":[[3,4480]],"lose_gold":0,"sort":0,"is_iosverify":1,"pay_id":405},
	"406":{"id":406,"name":"648每周常驻礼包","val":648,"gold":0,"first_add":0,"add":0,"vip_exp":6480,"pic":9,"type":2,"items":[],"lose_gold":0,"sort":0,"is_iosverify":0,"pay_id":8},
	"411":{"id":411,"name":"30月度常驻礼包","val":30,"gold":0,"first_add":0,"add":0,"vip_exp":300,"pic":9,"type":2,"items":[],"lose_gold":0,"sort":0,"is_iosverify":0,"pay_id":4},
	"412":{"id":412,"name":"68月度常驻礼包","val":68,"gold":0,"first_add":0,"add":0,"vip_exp":680,"pic":9,"type":2,"items":[],"lose_gold":0,"sort":0,"is_iosverify":0,"pay_id":20},
	"413":{"id":413,"name":"128月度常驻礼包","val":128,"gold":0,"first_add":0,"add":0,"vip_exp":1280,"pic":9,"type":2,"items":[],"lose_gold":0,"sort":0,"is_iosverify":0,"pay_id":21},
	"414":{"id":414,"name":"328月度常驻礼包","val":328,"gold":0,"first_add":0,"add":0,"vip_exp":3280,"pic":9,"type":2,"items":[],"lose_gold":0,"sort":0,"is_iosverify":0,"pay_id":7},
	"415":{"id":415,"name":"448月度常驻礼包","val":448,"gold":0,"first_add":0,"add":0,"vip_exp":4480,"pic":9,"type":2,"items":[],"lose_gold":0,"sort":0,"is_iosverify":0,"pay_id":405},
	"416":{"id":416,"name":"648月度常驻礼包","val":648,"gold":0,"first_add":0,"add":0,"vip_exp":6480,"pic":9,"type":2,"items":[],"lose_gold":0,"sort":0,"is_iosverify":0,"pay_id":8},
	"417":{"id":417,"name":"648月度常驻礼包","val":648,"gold":0,"first_add":0,"add":0,"vip_exp":6480,"pic":9,"type":2,"items":[],"lose_gold":0,"sort":0,"is_iosverify":0,"pay_id":8},
	"501":{"id":501,"name":"低档红包","val":12,"gold":0,"first_add":0,"add":0,"vip_exp":120,"pic":9,"type":2,"items":[],"lose_gold":0,"sort":0,"is_iosverify":0,"pay_id":303},
	"502":{"id":502,"name":"中档红包","val":50,"gold":0,"first_add":0,"add":0,"vip_exp":500,"pic":9,"type":2,"items":[[3,500]],"lose_gold":0,"sort":0,"is_iosverify":1,"pay_id":502},
	"503":{"id":503,"name":"高档红包","val":648,"gold":0,"first_add":0,"add":0,"vip_exp":6480,"pic":9,"type":2,"items":[],"lose_gold":0,"sort":0,"is_iosverify":0,"pay_id":8},
	"601":{"id":601,"name":"30元限时礼包","val":30,"gold":0,"first_add":0,"add":0,"vip_exp":300,"pic":9,"type":2,"items":[],"lose_gold":0,"sort":0,"is_iosverify":0,"pay_id":4},
	"602":{"id":602,"name":"68元限时礼包","val":68,"gold":0,"first_add":0,"add":0,"vip_exp":680,"pic":9,"type":2,"items":[],"lose_gold":0,"sort":0,"is_iosverify":0,"pay_id":20},
	"603":{"id":603,"name":"198元限时礼包","val":198,"gold":0,"first_add":0,"add":0,"vip_exp":1980,"pic":9,"type":2,"items":[],"lose_gold":0,"sort":0,"is_iosverify":0,"pay_id":6},
	"604":{"id":604,"name":"328元限时礼包","val":328,"gold":0,"first_add":0,"add":0,"vip_exp":3280,"pic":9,"type":2,"items":[],"lose_gold":0,"sort":0,"is_iosverify":0,"pay_id":7},
	"605":{"id":605,"name":"448元限时礼包","val":448,"gold":0,"first_add":0,"add":0,"vip_exp":4480,"pic":9,"type":2,"items":[],"lose_gold":0,"sort":0,"is_iosverify":0,"pay_id":405},
	"606":{"id":606,"name":"648元限时礼包","val":648,"gold":0,"first_add":0,"add":0,"vip_exp":6480,"pic":9,"type":2,"items":[],"lose_gold":0,"sort":0,"is_iosverify":0,"pay_id":8},
	"607":{"id":607,"name":"648元光暗限时礼包","val":648,"gold":0,"first_add":0,"add":0,"vip_exp":6480,"pic":9,"type":2,"items":[],"lose_gold":0,"sort":0,"is_iosverify":0,"pay_id":8},
	"701":{"id":701,"name":"128元活动礼包","val":128,"gold":0,"first_add":0,"add":0,"vip_exp":1280,"pic":9,"type":2,"items":[],"lose_gold":0,"sort":0,"is_iosverify":0,"pay_id":21},
	"702":{"id":702,"name":"328元活动礼包","val":328,"gold":0,"first_add":0,"add":0,"vip_exp":3280,"pic":9,"type":2,"items":[],"lose_gold":0,"sort":0,"is_iosverify":0,"pay_id":7},
	"703":{"id":703,"name":"30元活动礼包","val":30,"gold":0,"first_add":0,"add":0,"vip_exp":300,"pic":9,"type":2,"items":[],"lose_gold":0,"sort":0,"is_iosverify":0,"pay_id":4},
	"704":{"id":704,"name":"198元活动礼包","val":198,"gold":0,"first_add":0,"add":0,"vip_exp":1980,"pic":9,"type":2,"items":[],"lose_gold":0,"sort":0,"is_iosverify":0,"pay_id":6},
	"705":{"id":705,"name":"448元活动礼包","val":448,"gold":0,"first_add":0,"add":0,"vip_exp":4480,"pic":9,"type":2,"items":[],"lose_gold":0,"sort":0,"is_iosverify":0,"pay_id":405},
	"706":{"id":706,"name":"648元活动礼包","val":648,"gold":0,"first_add":0,"add":0,"vip_exp":6480,"pic":9,"type":2,"items":[],"lose_gold":0,"sort":0,"is_iosverify":0,"pay_id":8},
	"707":{"id":707,"name":"12元活动礼包","val":12,"gold":0,"first_add":0,"add":0,"vip_exp":120,"pic":9,"type":2,"items":[],"lose_gold":0,"sort":0,"is_iosverify":0,"pay_id":303},
	"708":{"id":708,"name":"6元活动礼包","val":6,"gold":0,"first_add":0,"add":0,"vip_exp":60,"pic":9,"type":2,"items":[],"lose_gold":0,"sort":0,"is_iosverify":0,"pay_id":3},
	"709":{"id":709,"name":"6节日活动礼包","val":6,"gold":0,"first_add":0,"add":0,"vip_exp":60,"pic":9,"type":2,"items":[],"lose_gold":0,"sort":0,"is_iosverify":0,"pay_id":3},
	"710":{"id":710,"name":"18节日活动礼包","val":18,"gold":0,"first_add":0,"add":0,"vip_exp":180,"pic":9,"type":2,"items":[],"lose_gold":0,"sort":0,"is_iosverify":0,"pay_id":211},
	"711":{"id":711,"name":"50节日活动礼包","val":50,"gold":0,"first_add":0,"add":0,"vip_exp":500,"pic":9,"type":2,"items":[],"lose_gold":0,"sort":0,"is_iosverify":0,"pay_id":502},
	"714":{"id":714,"name":"68周卡礼包","val":68,"gold":0,"first_add":0,"add":0,"vip_exp":680,"pic":9,"type":2,"items":[],"lose_gold":0,"sort":0,"is_iosverify":0,"pay_id":20},
	"721":{"id":721,"name":"128元神装限购礼包","val":128,"gold":0,"first_add":0,"add":0,"vip_exp":1280,"pic":9,"type":2,"items":[],"lose_gold":0,"sort":0,"is_iosverify":0,"pay_id":21},
	"722":{"id":722,"name":"328元神装限购礼包","val":328,"gold":0,"first_add":0,"add":0,"vip_exp":3280,"pic":9,"type":2,"items":[],"lose_gold":0,"sort":0,"is_iosverify":0,"pay_id":7},
	"725":{"id":725,"name":"128元神装超值礼包","val":128,"gold":0,"first_add":0,"add":0,"vip_exp":1280,"pic":9,"type":2,"items":[],"lose_gold":0,"sort":0,"is_iosverify":0,"pay_id":21},
	"726":{"id":726,"name":"198元神装超值礼包","val":198,"gold":0,"first_add":0,"add":0,"vip_exp":1980,"pic":9,"type":2,"items":[],"lose_gold":0,"sort":0,"is_iosverify":0,"pay_id":6},
	"727":{"id":727,"name":"328元神装超值礼包","val":328,"gold":0,"first_add":0,"add":0,"vip_exp":3280,"pic":9,"type":2,"items":[],"lose_gold":0,"sort":0,"is_iosverify":0,"pay_id":7},
	"728":{"id":728,"name":"448元神装超值礼包","val":448,"gold":0,"first_add":0,"add":0,"vip_exp":4480,"pic":9,"type":2,"items":[],"lose_gold":0,"sort":0,"is_iosverify":0,"pay_id":405},
	"801":{"id":801,"name":"3元限购礼包","val":3,"gold":0,"first_add":0,"add":0,"vip_exp":30,"pic":9,"type":2,"items":[],"lose_gold":0,"sort":0,"is_iosverify":0,"pay_id":306},
	"802":{"id":802,"name":"6元限购礼包","val":6,"gold":0,"first_add":0,"add":0,"vip_exp":60,"pic":9,"type":2,"items":[],"lose_gold":0,"sort":0,"is_iosverify":0,"pay_id":3},
	"803":{"id":803,"name":"18元限购礼包","val":18,"gold":0,"first_add":0,"add":0,"vip_exp":180,"pic":9,"type":2,"items":[],"lose_gold":0,"sort":0,"is_iosverify":0,"pay_id":211},
	"804":{"id":804,"name":"50元限购礼包","val":50,"gold":0,"first_add":0,"add":0,"vip_exp":500,"pic":9,"type":2,"items":[],"lose_gold":0,"sort":0,"is_iosverify":0,"pay_id":502},
	"805":{"id":805,"name":"68元限购礼包","val":68,"gold":0,"first_add":0,"add":0,"vip_exp":680,"pic":9,"type":2,"items":[],"lose_gold":0,"sort":0,"is_iosverify":0,"pay_id":20},
	"806":{"id":806,"name":"98元限购礼包","val":98,"gold":0,"first_add":0,"add":0,"vip_exp":980,"pic":9,"type":2,"items":[],"lose_gold":0,"sort":0,"is_iosverify":0,"pay_id":5},
	"807":{"id":807,"name":"198元限购礼包","val":198,"gold":0,"first_add":0,"add":0,"vip_exp":1980,"pic":4,"type":2,"items":[],"lose_gold":0,"sort":0,"is_iosverify":0,"pay_id":6},
	"808":{"id":808,"name":"328元限购礼包","val":328,"gold":0,"first_add":0,"add":0,"vip_exp":3280,"pic":9,"type":2,"items":[],"lose_gold":0,"sort":0,"is_iosverify":0,"pay_id":7},
	"901":{"id":901,"name":"198元进阶卡","val":198,"gold":0,"first_add":0,"add":0,"vip_exp":1980,"pic":9,"type":2,"items":[],"lose_gold":0,"sort":0,"is_iosverify":0,"pay_id":6},
	"902":{"id":902,"name":"328皮肤礼包","val":328,"gold":0,"first_add":0,"add":0,"vip_exp":3280,"pic":9,"type":2,"items":[],"lose_gold":0,"sort":0,"is_iosverify":0,"pay_id":7},
	"1001":{"id":1001,"name":"30元极品神装礼","val":30,"gold":0,"first_add":0,"add":0,"vip_exp":300,"pic":9,"type":2,"items":[],"lose_gold":0,"sort":0,"is_iosverify":0,"pay_id":4},
	"1002":{"id":1002,"name":"68元极品神装礼","val":68,"gold":0,"first_add":0,"add":0,"vip_exp":680,"pic":9,"type":2,"items":[],"lose_gold":0,"sort":0,"is_iosverify":0,"pay_id":20},
	"1003":{"id":1003,"name":"128元极品神装礼","val":128,"gold":0,"first_add":0,"add":0,"vip_exp":1280,"pic":9,"type":2,"items":[],"lose_gold":0,"sort":0,"is_iosverify":0,"pay_id":21},
	"1004":{"id":1004,"name":"328元极品神装礼","val":328,"gold":0,"first_add":0,"add":0,"vip_exp":3280,"pic":9,"type":2,"items":[],"lose_gold":0,"sort":0,"is_iosverify":0,"pay_id":7},
	"1301":{"id":1301,"name":"首充6元直购","val":6,"gold":0,"first_add":0,"add":0,"vip_exp":60,"pic":9,"type":2,"items":[],"lose_gold":0,"sort":0,"is_iosverify":0,"pay_id":3},
	"1302":{"id":1302,"name":"首充30元直购","val":30,"gold":0,"first_add":0,"add":0,"vip_exp":300,"pic":9,"type":2,"items":[],"lose_gold":0,"sort":0,"is_iosverify":0,"pay_id":4},
	"1303":{"id":1303,"name":"首充98元直购","val":98,"gold":0,"first_add":0,"add":0,"vip_exp":980,"pic":9,"type":2,"items":[],"lose_gold":0,"sort":0,"is_iosverify":0,"pay_id":5},
	"1304":{"id":1304,"name":"首充198元直购","val":198,"gold":0,"first_add":0,"add":0,"vip_exp":1980,"pic":9,"type":2,"items":[],"lose_gold":0,"sort":0,"is_iosverify":0,"pay_id":6},
	"1305":{"id":1305,"name":"触发礼包30元","val":30,"gold":0,"first_add":0,"add":0,"vip_exp":300,"pic":9,"type":2,"items":[],"lose_gold":0,"sort":0,"is_iosverify":0,"pay_id":4},
	"1306":{"id":1306,"name":"触发礼包128元","val":128,"gold":0,"first_add":0,"add":0,"vip_exp":1280,"pic":9,"type":2,"items":[],"lose_gold":0,"sort":0,"is_iosverify":0,"pay_id":21},
	"1307":{"id":1307,"name":"触发礼包198元","val":198,"gold":0,"first_add":0,"add":0,"vip_exp":1980,"pic":9,"type":2,"items":[],"lose_gold":0,"sort":0,"is_iosverify":0,"pay_id":6},
	"1308":{"id":1308,"name":"开服皮肤直购","val":328,"gold":0,"first_add":0,"add":0,"vip_exp":3280,"pic":9,"type":2,"items":[],"lose_gold":0,"sort":0,"is_iosverify":0,"pay_id":7}
},
"data_charge_reward_data_length" : 10,
"data_charge_reward_data" : {
	"1":{"id":1,"charge_sum":200,"item_list":[[10007,100],[10102,200],[1,1000]],"spe_item_list":[10007]},
	"2":{"id":2,"charge_sum":1000,"item_list":[[44102,1],[10102,300],[1,2000]],"spe_item_list":[44102]},
	"3":{"id":3,"charge_sum":2000,"item_list":[[10030,5],[10151,1],[11,500],[1,3000]],"spe_item_list":[10030,10151]},
	"4":{"id":4,"charge_sum":5000,"item_list":[[10420,1],[10102,500],[11,800],[1,5000]],"spe_item_list":[10420]},
	"5":{"id":5,"charge_sum":10000,"item_list":[[10430,5],[10151,2],[11,1000],[1,8000]],"spe_item_list":[10431,10151]},
	"6":{"id":6,"charge_sum":15000,"item_list":[[10421,1],[10102,800],[11,1500],[1,10000]],"spe_item_list":[10421]},
	"7":{"id":7,"charge_sum":20000,"item_list":[[10431,5],[10152,1],[11,2000],[1,12000]],"spe_item_list":[10432,10152]},
	"8":{"id":8,"charge_sum":30000,"item_list":[[30015,1],[10102,1000],[11,2500],[1,15000]],"spe_item_list":[30015]},
	"9":{"id":9,"charge_sum":50000,"item_list":[[44107,1],[10152,2],[11,3000],[1,18000]],"spe_item_list":[44107,10152]},
	"10":{"id":10,"charge_sum":100000,"item_list":[[30019,1],[10102,2000],[11,4000],[1,20000]],"spe_item_list":[30019]}
},
"data_first_reward_data_length" : 3,
"data_first_reward_data" : {
	"1":{"id":1,"charge_sum":6,"item_list":[],"button":502,"effect_list":[26059,44202,44402]},
	"2":{"id":2,"charge_sum":10,"item_list":[],"button":905,"effect_list":[44103,44303]},
	"3":{"id":3,"charge_sum":88,"item_list":[],"button":906,"effect_list":[44104,44204,44304,44404]}
},
"data_first_charge_data_length" : 6,
"data_first_charge_data" : {
	"1":{"id":1,"fid":1,"day":1,"item_list":[[26405,1],[10403,1]],"need_exp":60,"effect_list":[[534,263]]},
	"2":{"id":2,"fid":1,"day":2,"item_list":[[40108,1],[40208,1]],"need_exp":60,"effect_list":[[263,263]]},
	"3":{"id":3,"fid":1,"day":3,"item_list":[[40308,1],[40408,1]],"need_exp":60,"effect_list":[[263,263]]},
	"4":{"id":4,"fid":2,"day":1,"item_list":[[40111,1],[40211,1]],"need_exp":1000,"effect_list":[[263,263]]},
	"5":{"id":5,"fid":2,"day":2,"item_list":[[40311,1],[14001,1]],"need_exp":1000,"effect_list":[[263,263]]},
	"6":{"id":6,"fid":2,"day":3,"item_list":[[40411,1],[14001,2]],"need_exp":1000,"effect_list":[[263,263]]}
},
"data_daily_gift_data_length" : 3,
"data_daily_gift_data" : {
	"201":{"id":201,"name":"超值礼包","charge_id":301,"val":1,"limit_count":3,"limit_vip":0,"show_lv":1,"show_vip_lv":0,"bg_res":"txt_cn_bigbg_25","desc":"<outline color=#0f4f4e width=2 >          全民礼包，立赠</outline><color=#ff9ea1><outline color=#7b1431 width=1 > 20 %s</outline></color><outline color=#0f4f4e width=2 >\n和价值</outline><color=#ff9ea1><outline color=#651d00 width=1 > 488 %s</outline></color><outline color=#0f4f4e width=2 >的超值礼包！</outline>","sort_id":1,"is_double":1,"old_price":0},
	"202":{"id":202,"name":"豪华礼包","charge_id":302,"val":6,"limit_count":3,"limit_vip":0,"show_lv":1,"show_vip_lv":0,"bg_res":"txt_cn_bigbg_26","desc":"<outline color=#4e0f65 width=2 >         豪华礼包，立赠</outline><color=#fee387><outline color=#651d00 width=1 > 120 %s</outline></color><outline color=#4e0f65 width=2 >\n和价值</outline><color=#fee387><outline color=#651d00 width=1 > 888 %s</outline></color><outline color=#4e0f65 width=2 >的超值礼包！</outline>","sort_id":2,"is_double":1,"old_price":0},
	"203":{"id":203,"name":"至尊礼包","charge_id":303,"val":12,"limit_count":3,"limit_vip":0,"show_lv":1,"show_vip_lv":0,"bg_res":"txt_cn_bigbg_27","desc":"<outline color=#C65307 width=2 >         至尊礼包，立赠</outline><color=#84fff8><outline color=#022487 width=1 > 240 %s</outline></color><outline color=#C65307 width=2 >\n和价值</outline><color=#84fff8><outline color=#022487 width=1 > 1688 %s</outline></color><outline color=#C65307 width=2 >的超值礼包！</outline>","sort_id":3,"is_double":1,"old_price":0}
},
"data_daily_gift_award_length" : 3,
"data_daily_gift_award" : {"201":[{"min":1,"max":80,"reward":[[3,20],[37001,4],[10002,3],[22,300000]]},{"min":81,"max":300,"reward":[[3,20],[37001,5],[10002,3],[22,350000]]}],
"202":[{"min":1,"max":80,"reward":[[3,120],[10403,1],[10002,5],[22,500000]]},{"min":81,"max":300,"reward":[[3,120],[10403,1],[10002,5],[22,500000]]}],
"203":[{"min":1,"max":80,"reward":[[3,240],[10403,2],[37001,6],[22,800000]]},{"min":81,"max":300,"reward":[[3,240],[10403,2],[37001,6],[22,800000]]}]
},
"data_supre_reward_data_length" : 16,
"data_supre_reward_data" : {
	"0":{"id":1,"vip":0,"reward":[[3,1],[37001,1]]},
	"1":{"id":1,"vip":1,"reward":[[3,20],[37001,1]]},
	"2":{"id":1,"vip":2,"reward":[[3,40],[37001,1]]},
	"3":{"id":1,"vip":3,"reward":[[3,60],[37001,1]]},
	"4":{"id":1,"vip":4,"reward":[[3,80],[37001,1]]},
	"5":{"id":1,"vip":5,"reward":[[3,100],[37001,2]]},
	"6":{"id":1,"vip":6,"reward":[[3,110],[29905,1]]},
	"7":{"id":1,"vip":7,"reward":[[3,120],[29905,1]]},
	"8":{"id":1,"vip":8,"reward":[[3,130],[29905,1]]},
	"9":{"id":1,"vip":9,"reward":[[3,140],[29905,1]]},
	"10":{"id":1,"vip":10,"reward":[[3,150],[29905,2]]},
	"11":{"id":1,"vip":11,"reward":[[3,160],[29905,2]]},
	"12":{"id":1,"vip":12,"reward":[[3,170],[29905,2]]},
	"13":{"id":1,"vip":13,"reward":[[3,180],[29905,2]]},
	"14":{"id":1,"vip":14,"reward":[[3,190],[29905,2]]},
	"15":{"id":1,"vip":15,"reward":[[3,200],[29905,2]]}
},
"data_daily_reward_length" : 6,
"data_daily_reward" : {
	"1": {"id":1,"min":1,"max":7,"reward":[[72003,1],[10403,1],[3,200],[10001,100]]},
	"2": {"id":2,"min":8,"max":15,"reward":[[72003,1],[10403,1],[3,200],[10450,100]]},
	"3": {"id":3,"min":16,"max":30,"reward":[[72003,1],[10403,1],[3,200],[10450,150]]},
	"4": {"id":4,"min":31,"max":60,"reward":[[72003,1],[10403,1],[3,200],[72001,10]]},
	"5": {"id":5,"min":61,"max":100,"reward":[[72003,1],[10403,1],[3,200],[72001,15]]},
	"6": {"id":6,"min":101,"max":9999,"reward":[[72003,1],[10403,1],[3,200],[72001,20]]}
},
"data_new_first_charge_data_length" : 6,
"data_new_first_charge_data" : {
	"1":{"id":1,"fid":1,"day":1,"item_list":[[10403,1],[10001,100]],"need_exp":60},
	"2":{"id":2,"fid":1,"day":2,"item_list":[[40108,1],[40208,1]],"need_exp":60},
	"3":{"id":3,"fid":1,"day":3,"item_list":[[40308,1],[40408,1]],"need_exp":60},
	"4":{"id":4,"fid":2,"day":1,"item_list":[[40111,1],[40211,1]],"need_exp":1000},
	"5":{"id":5,"fid":2,"day":2,"item_list":[[40311,1],[14001,1]],"need_exp":1000},
	"6":{"id":6,"fid":2,"day":3,"item_list":[[40411,1],[14001,2]],"need_exp":1000}
},
"data_quadruple_rebate_length" : 4,
"data_quadruple_rebate" : {
	"1":{"id":1,"charge_id":1301,"name":"首充6元","val":6,"gold":240,"star":0},
	"2":{"id":2,"charge_id":1302,"name":"首充30元","val":30,"gold":1200,"star":0},
	"3":{"id":3,"charge_id":1303,"name":"首充98元","val":98,"gold":3920,"star":0},
	"4":{"id":4,"charge_id":1304,"name":"首充198元","val":198,"gold":7920,"star":1}
}
}