{"data_base_length" : 13,
"data_base" : {
	"1":{"name":"商城","activate":[["lev",1]],"desc":"1级解锁"},
	"2":{"name":"铁匠铺","activate":[["lev",5]],"desc":"5级解锁"},
	"3":{"name":"竞技场","activate":[["lev",8]],"desc":"8级解锁"},
	"4":{"name":"试练塔","activate":[["lev",16]],"desc":"16级解锁"},
	"5":{"name":"召唤","activate":[["lev",1]],"desc":"1级解锁"},
	"6":{"name":"融合祭坛","activate":[["lev",1]],"desc":"1级解锁"},
	"7":{"name":"祭祀小屋","activate":[["lev",20]],"desc":"20级解锁"},
	"8":{"name":"先知圣殿","activate":[["lev",20]],"desc":"20级解锁"},
	"9":{"name":"图书馆","activate":[["lev",10]],"desc":"10级解锁"},
	"10":{"name":"杂货店","activate":[["dun",10020]],"desc":"2关解锁"},
	"11":{"name":"冒险","activate":[["lev",55]],"desc":"55级解锁"},
	"12":{"name":"跨服天梯","activate":[["lev",55]],"desc":"55级解锁"},
	"13":{"name":"跨服时空","activate":[["world_lev",108]],"desc":"世界108级解锁"}
}
}