{"data_game_color_length" : 27,
"data_game_color" : {
	"white":{"color":"#52392e","desc":"白"},
	"green":{"color":"#289b14","desc":"绿"},
	"blue":{"color":"#186fb3","desc":"蓝"},
	"purple":{"color":"#d63cfc","desc":"紫"},
	"orange":{"color":"#c26706","desc":"橙"},
	"default":{"color":"#ebebeb","desc":"默认色"},
	"black":{"color":"#000000","desc":"黑"},
	"red":{"color":"#ef3a3a","desc":"红"},
	"yellow":{"color":"#fff000","desc":"黄"},
	"golden":{"color":"#c41e1e","desc":"金色"},
	"cyan":{"color":"#06ffea","desc":"青"},
	"pink":{"color":"#ff00a8","desc":"粉红"},
	"chocolate":{"color":"#7d4304","desc":"巧克力色"},
	"rumor_role":{"color":"#13a5e2","desc":"传闻名字颜色"},
	"rumor_guild":{"color":"#13a5e2","desc":"传闻帮派名字"},
	"rumor_boss":{"color":"#13a5e2","desc":"传闻boss名字"},
	"rumor_map":{"color":"#13a5e2","desc":"传闻地图名字"},
	"role_name":{"color":"#13a5e2","desc":"角色名字"},
	"deep_green":{"color":"#c26706","desc":"邮件角色/帮会名"},
	"deep_red":{"color":"#c26706","desc":"传闻中红色"},
	"curtain2":{"color":"#c26706","desc":"传闻英雄名字"},
	"star1":{"color":"#c26706","desc":"传闻观星文字颜色"},
	"mail_num":{"color":"#c26706","desc":"邮件数字配色"},
	"orange_2":{"color":"#c26706","desc":"橙2"},
	"godwar_score":{"color":"#c26706","desc":"众神战场传闻积分颜色"},
	"godwar_team1":{"color":"#186fb3","desc":"众神战场传闻宙斯颜色"},
	"godwar_team2":{"color":"#186fb3","desc":"众神战场传闻炎魔颜色"}
},
"data_color16_length" : 266,
"data_color16" : {
	"1":"#ffffff",
	"2":"#000000",
	"3":"#191e28",
	"4":"#96c8dc",
	"5":"#465a78",
	"6":"#00ebff",
	"7":"#b4dcf0",
	"8":"#1e3246",
	"9":"#0a0f0f",
	"10":"#dc64fa",
	"11":"#c81414",
	"12":"#6e2819",
	"13":"#27e40d",
	"14":"#96d2eb",
	"15":"#ff0000",
	"16":"#5f7382",
	"17":"#412d0a",
	"18":"#5a503c",
	"19":"#82aabe",
	"20":"#b4b4b4",
	"21":"#1a3950",
	"22":"#bff1f4",
	"23":"#cbcabe",
	"24":"#84d8f3",
	"25":"#90c3ec",
	"26":"#3df424",
	"27":"#a3b4c7",
	"28":"#ffead7",
	"29":"#ffb400",
	"30":"#00f6ff",
	"31":"#ffb400",
	"32":"#dc64fa",
	"33":"#14b4f0",
	"34":"#64e678",
	"35":"#3dbf5f",
	"36":"#bff1f4",
	"37":"#23283c",
	"38":"#c81414",
	"39":"#969696",
	"40":"#5d260c",
	"41":"#41272b",
	"42":"#f4ecbe",
	"43":"#14b4f0",
	"44":"#64e678",
	"45":"#de6529",
	"46":"#e1d200",
	"47":"#231414",
	"48":"#e6e6c8",
	"49":"#f0f0b4",
	"50":"#dccda0",
	"51":"#aafaff",
	"52":"#1e282d",
	"53":"#50ff64",
	"54":"#14ff32",
	"55":"#4cb1ff",
	"56":"#4d79aa",
	"57":"#503c3c",
	"58":"#693705",
	"59":"#c8aaab",
	"60":"#9d9d9d",
	"61":"#0587d2",
	"62":"#5f646e",
	"63":"#462305",
	"64":"#aa6400",
	"65":"#289b14",
	"66":"#695555",
	"67":"#37465a",
	"68":"#827676",
	"69":"#91c3eb",
	"70":"#8f8181",
	"71":"#0a2355",
	"72":"#c85a00",
	"73":"#462304",
	"74":"#32527b",
	"75":"#860a0a",
	"76":"#822801",
	"77":"#320000",
	"78":"#402717",
	"79":"#282828",
	"80":"#146ea0",
	"81":"#693707",
	"82":"#be6e0a",
	"83":"#460305",
	"84":"#555555",
	"85":"#fffca3",
	"86":"#1c820a",
	"87":"#c03e0b",
	"88":"#7c08b2",
	"89":"#ff7d00",
	"90":"#1e050a",
	"91":"#ffffff",
	"92":"#ff4500",
	"93":"#f8e515",
	"94":"#2deeff",
	"95":"#0de363",
	"96":"#fe2aa7",
	"97":"#fff1ae",
	"98":"#fff1ae",
	"99":"#8c8c8c",
	"100":"#62200c",
	"101":"#9a8282",
	"102":"#4b5d98",
	"103":"#70f3ff",
	"104":"#580000",
	"105":"#2a0101",
	"106":"#f8eb56",
	"107":"#984609",
	"108":"#dcd2dc",
	"109":"#ffff91",
	"110":"#aa4b1e",
	"111":"#5a281e",
	"112":"#cb5616",
	"113":"#330101",
	"114":"#bb6a0a",
	"115":"#735a3d",
	"116":"#fff2c7",
	"117":"#ca7224",
	"118":"#063f99",
	"119":"#9097ff",
	"120":"#1496dc",
	"121":"#732d1d",
	"122":"#9ec0e4",
	"123":"#fcff00",
	"124":"#48d3fb",
	"125":"#fafa64",
	"126":"#9b9b9b",
	"127":"#ff4747",
	"128":"#4c322b",
	"129":"#362b4c",
	"130":"#262121",
	"131":"#ffdd55",
	"132":"#4a4a4a",
	"133":"#fcceff",
	"134":"#ebd7af",
	"135":"#0f4985",
	"136":"#fa4646",
	"137":"#320000",
	"138":"#a28484",
	"139":"#146ea0",
	"140":"#593429",
	"141":"#f5e0b9",
	"145":"#e84dff",
	"146":"#d36c44",
	"147":"#a19b85",
	"148":"#883e3e",
	"149":"#38a014",
	"150":"#d67900",
	"151":"#acabab",
	"152":"#3b2f27",
	"153":"#b83535",
	"154":"#c45a14",
	"155":"#ad6443",
	"156":"#764519",
	"157":"#c45a14",
	"158":"#957c6a",
	"159":"#ffffdc",
	"160":"#7b5132",
	"161":"#ffeed1",
	"162":"#5f2b01",
	"163":"#340d00",
	"164":"#a8511d",
	"165":"#1bbcff",
	"166":"#ffba36",
	"167":"#478425",
	"168":"#673417",
	"169":"#f7d3a2",
	"170":"#653511",
	"171":"#9e5815",
	"172":"#ffd67f",
	"173":"#b05300",
	"174":"#FFE6C9",
	"175":"#68452a",
	"176":"#d053ff",
	"177":"#478425",
	"178":"#249003",
	"179":"#693705",
	"180":"#643423",
	"181":"#a95a1d",
	"182":"#a9521b",
	"183":"#d95014",
	"184":"#b35800",
	"185":"#a838bc",
	"186":"#a95f0f",
	"187":"#edcda2",
	"188":"#a95f0f",
	"189":"#581818",
	"190":"#35ff14",
	"191":"#5b2c06",
	"192":"#16350f",
	"193":"#fffbe2",
	"194":"#311901",
	"195":"#fffeba",
	"196":"#b33300",
	"197":"#fffde6",
	"198":"#8be8ff",
	"199":"#000f24",
	"200":"#006bb9",
	"201":"#8e1100",
	"202":"#249003",
	"203":"#3a78c4",
	"204":"#e838bc",
	"205":"#e28700",
	"206":"#d95014",
	"207":"#ffe28b",
	"208":"#7a370e",
	"209":"#a23d00",
	"210":"#8ff147",
	"211":"#ffb431",
	"212":"#ff612a",
	"213":"#74350b",
	"214":"#970d02",
	"215":"#c45a14",
	"216":"#3c7c20",
	"217":"#ffe380",
	"218":"#ac5023",
	"219":"#ffe380",
	"220":"#ac5023",
	"221":"#d2ffa6",
	"222":"#465726",
	"223":"#d0dfe7",
	"224":"#313e4f",
	"225":"#d0dfe7",
	"226":"#313e4f",
	"227":"#d2ffa6",
	"228":"#465726",
	"229":"#d2ffa6",
	"230":"#465726",
	"235":"#d0dfe7",
	"236":"#313e4f",
	"240":"#ff8a22",
	"241":"#fdad78",
	"242":"#d9d9d9",
	"243":"#8bff8e",
	"244":"#98fbff",
	"245":"#d4aeff",
	"246":"#ffed8b",
	"247":"#ff9c97",
	"248":"#52392e",
	"249":"#289b14",
	"250":"#14b4f0",
	"251":"#d63cfc",
	"252":"#ffb400",
	"253":"#ef3a3a",
	"254":"#ffffff",
	"255":"#ffffff",
	"256":"#ffffff",
	"257":"#ffffff",
	"258":"#ffffff",
	"259":"#ffffff",
	"260":"#ffffff",
	"261":"#ffffff",
	"262":"#ffffff",
	"263":"#2b610d",
	"264":"#6c2b00",
	"265":"#6a6a6a",
	"266":"#30740f",
	"267":"#186fb3",
	"268":"#770c9f",
	"269":"#c26706",
	"270":"#ba1c0c",
	"271":"#4e200c",
	"272":"#7f5130",
	"273":"#cea478",
	"274":"#643223",
	"275":"#ffeeac",
	"276":"#2a150d"
}
}