{"data_const_length" : 0,
"data_const" : {

},
"data_halo_length" : 21,
"data_halo" : {
	"1":{"id":1,"pos_info":[[1,5]],"attrs":[["hp_max_per",220],["atk_per",160],["hit_magic",30]]},
	"2":{"id":2,"pos_info":[[2,5]],"attrs":[["hp_max_per",220],["atk_per",160],["crit_rate",30]]},
	"3":{"id":3,"pos_info":[[3,5]],"attrs":[["hp_max_per",220],["atk_per",160],["dodge_rate",30]]},
	"4":{"id":4,"pos_info":[[4,5]],"attrs":[["hp_max_per",300],["atk_per",200],["res",30]]},
	"5":{"id":5,"pos_info":[[5,5]],"attrs":[["hp_max_per",300],["atk_per",200],["dam",30]]},
	"6":{"id":6,"pos_info":[[1,4]],"attrs":[["hp_max_per",160],["atk_per",120]]},
	"7":{"id":7,"pos_info":[[2,4]],"attrs":[["hp_max_per",160],["atk_per",120]]},
	"8":{"id":8,"pos_info":[[3,4]],"attrs":[["hp_max_per",160],["atk_per",120]]},
	"9":{"id":9,"pos_info":[[4,4]],"attrs":[["hp_max_per",220],["atk_per",150]]},
	"10":{"id":10,"pos_info":[[5,4]],"attrs":[["hp_max_per",220],["atk_per",150]]},
	"11":{"id":11,"pos_info":[[1,3]],"attrs":[["hp_max_per",110],["atk_per",80]]},
	"12":{"id":12,"pos_info":[[2,3]],"attrs":[["hp_max_per",110],["atk_per",80]]},
	"13":{"id":13,"pos_info":[[3,3]],"attrs":[["hp_max_per",110],["atk_per",80]]},
	"14":{"id":14,"pos_info":[[4,3]],"attrs":[["hp_max_per",150],["atk_per",110]]},
	"15":{"id":15,"pos_info":[[5,3]],"attrs":[["hp_max_per",150],["atk_per",110]]},
	"16":{"id":16,"pos_info":[[1,2]],"attrs":[["hp_max_per",70],["atk_per",50]]},
	"17":{"id":17,"pos_info":[[2,2]],"attrs":[["hp_max_per",70],["atk_per",50]]},
	"18":{"id":18,"pos_info":[[3,2]],"attrs":[["hp_max_per",70],["atk_per",50]]},
	"19":{"id":19,"pos_info":[[4,2]],"attrs":[["hp_max_per",100],["atk_per",70]]},
	"20":{"id":20,"pos_info":[[5,2]],"attrs":[["hp_max_per",100],["atk_per",70]]},
	"21":{"id":21,"pos_info":[[1,1],[2,1],[3,1],[4,1],[5,1]],"attrs":[["hp_max_per",170],["atk_per",120]]}
},
"data_halo_icon_length" : 51,
"data_halo_icon" : {
	"1":{"id":1,"icon":1001,"nums":[5]},
	"2":{"id":2,"icon":1002,"nums":[5]},
	"3":{"id":3,"icon":1003,"nums":[5]},
	"4":{"id":4,"icon":1004,"nums":[5]},
	"5":{"id":5,"icon":1005,"nums":[5]},
	"6":{"id":6,"icon":1001,"nums":[4]},
	"7":{"id":7,"icon":1002,"nums":[4]},
	"8":{"id":8,"icon":1003,"nums":[4]},
	"9":{"id":9,"icon":1004,"nums":[4]},
	"10":{"id":10,"icon":1005,"nums":[4]},
	"11":{"id":11,"icon":1001,"nums":[3]},
	"12":{"id":12,"icon":1002,"nums":[3]},
	"13":{"id":13,"icon":1003,"nums":[3]},
	"14":{"id":14,"icon":1004,"nums":[3]},
	"15":{"id":15,"icon":1005,"nums":[3]},
	"16":{"id":16,"icon":1001,"nums":[2]},
	"17":{"id":17,"icon":1002,"nums":[2]},
	"18":{"id":18,"icon":1003,"nums":[2]},
	"19":{"id":19,"icon":1004,"nums":[2]},
	"20":{"id":20,"icon":1005,"nums":[2]},
	"21":{"id":21,"icon":1006,"nums":[]},
	"1117":{"id":1117,"icon":1026,"nums":[3,2]},
	"1118":{"id":1118,"icon":1025,"nums":[3,2]},
	"1119":{"id":1119,"icon":1023,"nums":[3,2]},
	"1120":{"id":1120,"icon":1024,"nums":[3,2]},
	"1216":{"id":1216,"icon":1022,"nums":[3,2]},
	"1218":{"id":1218,"icon":1021,"nums":[3,2]},
	"1219":{"id":1219,"icon":1019,"nums":[3,2]},
	"1220":{"id":1220,"icon":1020,"nums":[3,2]},
	"1316":{"id":1316,"icon":1014,"nums":[3,2]},
	"1317":{"id":1317,"icon":1013,"nums":[3,2]},
	"1319":{"id":1319,"icon":1011,"nums":[3,2]},
	"1320":{"id":1320,"icon":1012,"nums":[3,2]},
	"1416":{"id":1416,"icon":1018,"nums":[3,2]},
	"1417":{"id":1417,"icon":1017,"nums":[3,2]},
	"1418":{"id":1418,"icon":1016,"nums":[3,2]},
	"1420":{"id":1420,"icon":1015,"nums":[3,2]},
	"1516":{"id":1516,"icon":1010,"nums":[3,2]},
	"1517":{"id":1517,"icon":1009,"nums":[3,2]},
	"1518":{"id":1518,"icon":1008,"nums":[3,2]},
	"1519":{"id":1519,"icon":1007,"nums":[3,2]},
	"1617":{"id":1617,"icon":1022,"nums":[2,2]},
	"1618":{"id":1618,"icon":1014,"nums":[2,2]},
	"1619":{"id":1619,"icon":1018,"nums":[2,2]},
	"1620":{"id":1620,"icon":1010,"nums":[2,2]},
	"1718":{"id":1718,"icon":1013,"nums":[2,2]},
	"1719":{"id":1719,"icon":1017,"nums":[2,2]},
	"1720":{"id":1720,"icon":1009,"nums":[2,2]},
	"1819":{"id":1819,"icon":1016,"nums":[2,2]},
	"1820":{"id":1820,"icon":1008,"nums":[2,2]},
	"1920":{"id":1920,"icon":1007,"nums":[2,2]}
},
"data_halo_show_length" : 6,
"data_halo_show" : {
	"1": {
		"1": {"name":"深蓝之力","icon":1001,"desc":"上阵2个水系英雄","attrs":[["hp_max_per",70],["atk_per",50]],"pos_info":[[1,2]]},
		"2": {"name":"深蓝之力","icon":0,"desc":"上阵3个水系英雄","attrs":[["hp_max_per",110],["atk_per",80]],"pos_info":[[1,3]]},
		"3": {"name":"深蓝之力","icon":0,"desc":"上阵4个水系英雄","attrs":[["hp_max_per",160],["atk_per",120]],"pos_info":[[1,4]]},
		"4": {"name":"深蓝之力","icon":0,"desc":"上阵5个水系英雄","attrs":[["hp_max_per",220],["atk_per",160],["hit_magic",30]],"pos_info":[[1,5]]}
	},
	"2": {
		"1": {"name":"永燃之力","icon":1002,"desc":"上阵2个火系英雄","attrs":[["hp_max_per",70],["atk_per",50]],"pos_info":[[2,2]]},
		"2": {"name":"永燃之力","icon":0,"desc":"上阵3个火系英雄","attrs":[["hp_max_per",110],["atk_per",80]],"pos_info":[[2,3]]},
		"3": {"name":"永燃之力","icon":0,"desc":"上阵4个火系英雄","attrs":[["hp_max_per",160],["atk_per",120]],"pos_info":[[2,4]]},
		"4": {"name":"永燃之力","icon":0,"desc":"上阵5个火系英雄","attrs":[["hp_max_per",220],["atk_per",160],["crit_rate",30]],"pos_info":[[2,5]]}
	},
	"3": {
		"1": {"name":"苍翠之力","icon":1003,"desc":"上阵2个风系英雄","attrs":[["hp_max_per",70],["atk_per",50]],"pos_info":[[3,2]]},
		"2": {"name":"苍翠之力","icon":0,"desc":"上阵3个风系英雄","attrs":[["hp_max_per",110],["atk_per",80]],"pos_info":[[3,3]]},
		"3": {"name":"苍翠之力","icon":0,"desc":"上阵4个风系英雄","attrs":[["hp_max_per",160],["atk_per",120]],"pos_info":[[3,4]]},
		"4": {"name":"苍翠之力","icon":0,"desc":"上阵5个风系英雄","attrs":[["hp_max_per",220],["atk_per",160],["dodge_rate",30]],"pos_info":[[3,5]]}
	},
	"4": {
		"1": {"name":"辉光之力","icon":1004,"desc":"上阵2个光系英雄","attrs":[["hp_max_per",100],["atk_per",70]],"pos_info":[[4,2]]},
		"2": {"name":"辉光之力","icon":0,"desc":"上阵3个光系英雄","attrs":[["hp_max_per",150],["atk_per",110]],"pos_info":[[4,3]]},
		"3": {"name":"辉光之力","icon":0,"desc":"上阵4个光系英雄","attrs":[["hp_max_per",220],["atk_per",150]],"pos_info":[[4,4]]},
		"4": {"name":"辉光之力","icon":0,"desc":"上阵5个光系英雄","attrs":[["hp_max_per",300],["atk_per",200],["res",30]],"pos_info":[[4,5]]}
	},
	"5": {
		"1": {"name":"深黯之力","icon":1005,"desc":"上阵2个暗系英雄","attrs":[["hp_max_per",100],["atk_per",70]],"pos_info":[[5,2]]},
		"2": {"name":"深黯之力","icon":0,"desc":"上阵3个暗系英雄","attrs":[["hp_max_per",150],["atk_per",110]],"pos_info":[[5,3]]},
		"3": {"name":"深黯之力","icon":0,"desc":"上阵4个暗系英雄","attrs":[["hp_max_per",220],["atk_per",150]],"pos_info":[[5,4]]},
		"4": {"name":"深黯之力","icon":0,"desc":"上阵5个暗系英雄","attrs":[["hp_max_per",300],["atk_per",200],["dam",30]],"pos_info":[[5,5]]}
	},
	"6": {
		"1": {"name":"融合之力","icon":1006,"desc":"上阵5个不同种族的英雄","attrs":[["hp_max_per",170],["atk_per",120]],"pos_info":[[1,1],[2,1],[3,1],[4,1],[5,1]]}
	}
}
}