{"data_base_length" : 2,
"data_base" : {
	"1":{"index":1,"id":1001,"name":"跨服天梯","open_limit":[["lev",55]],"award":[50801,38101,21,10450],"desc":"每周六0点-周日23点开启","res_id":1},
	"2":{"index":2,"id":1002,"name":"精英大赛","open_limit":[["world_lev",100],["lev",100]],"award":[51001,72111,10454,27,3],"desc":"每日00:00-23:30开启","res_id":2}
},
"data_adventure_activity_length" : 3,
"data_adventure_activity" : {
	"1":{"id":1,"activate":[["lev",55]],"award":[[1,1],[22,1],[72001,1],[10450,1]],"desc":"55级开启","desc2":"","res_id":1,"retrue_id":1,"item_desc":"神界冒险每2天重置1次"},
	"2":{"id":2,"activate":[["lev",90]],"award":[[17011,1],[17001,1],[17002,1],[17003,1],[17004,1],[17005,1]],"desc":"90级开启","desc2":"","res_id":2,"retrue_id":2,"item_desc":"周一到周五轮流开启，周末全部开启"},
	"3":{"id":3,"activate":[["world_lev",110],["lev",105]],"award":[[17193,1],[28,1],[10030,1],[3,1]],"desc":"105级开启","desc2":"世界等级110级开启","res_id":3,"retrue_id":3,"item_desc":"全天开放，参与获英雄神装"}
}
}