{"data_constant_length" : 4,
"data_constant" : {
	"over_time":{"label":"over_time","val":7,"desc":"结束时间"},
	"task_total":{"label":"task_total","val":119,"desc":"全目标总任务数量"},
	"rule_desc":{"label":"rule_desc","val":1,"desc":"1、快速作战可直接收益"},
	"day_item":{"label":"day_item","val":[10001,10403,8,10002,25,37001,40307],"desc":"七日目标图标展示"}
},
"data_welfarecollection_length" : 1,
"data_welfarecollection" : {"1":{"1":[{"period":1,"goal_id":20000,"day":1,"desc":"登陆1次","condition":[["login",1]],"show_icon":401,"award1":[[3,100],[10001,100]],"id":1,"extend":[]},{"period":1,"goal_id":20001,"day":1,"desc":"开服累充100元","condition":[["charge_rmb",100]],"show_icon":131,"award1":[[3,500],[10001,500]],"id":2,"extend":[]}],
"2":[{"period":1,"goal_id":30000,"day":2,"desc":"登陆1次","condition":[["login",2]],"show_icon":401,"award1":[[3,150],[10403,1]],"id":1,"extend":[]},{"period":1,"goal_id":30001,"day":2,"desc":"开服累充200元","condition":[["charge_rmb",200]],"show_icon":131,"award1":[[3,1000],[10450,1000]],"id":2,"extend":[]}],
"3":[{"period":1,"goal_id":40000,"day":3,"desc":"登陆1次","condition":[["login",3]],"show_icon":401,"award1":[[3,200],[10103,5]],"id":1,"extend":[]},{"period":1,"goal_id":40001,"day":3,"desc":"开服累充500元","condition":[["charge_rmb",500]],"show_icon":131,"award1":[[3,1500],[37002,1]],"id":2,"extend":[]}],
"4":[{"period":1,"goal_id":50000,"day":4,"desc":"登陆1次","condition":[["login",4]],"show_icon":401,"award1":[[3,250],[10002,1]],"id":1,"extend":[]},{"period":1,"goal_id":50001,"day":4,"desc":"开服累充1000元","condition":[["charge_rmb",1000]],"show_icon":131,"award1":[[3,2000],[14001,1]],"id":2,"extend":[]}],
"5":[{"period":1,"goal_id":60000,"day":5,"desc":"登陆1次","condition":[["login",5]],"show_icon":401,"award1":[[3,300],[40108,1]],"id":1,"extend":[]},{"period":1,"goal_id":60001,"day":5,"desc":"开服累充2000元","condition":[["charge_rmb",2000]],"show_icon":131,"award1":[[3,5000],[10450,5000]],"id":2,"extend":[]}],
"6":[{"period":1,"goal_id":70000,"day":6,"desc":"登陆1次","condition":[["login",6]],"show_icon":401,"award1":[[3,350],[37001,5]],"id":1,"extend":[]},{"period":1,"goal_id":70001,"day":6,"desc":"开服累充3000元","condition":[["charge_rmb",3000]],"show_icon":131,"award1":[[3,7000],[14002,500]],"id":2,"extend":[]}],
"7":[{"period":1,"goal_id":80000,"day":7,"desc":"登陆1次","condition":[["login",7]],"show_icon":401,"award1":[[3,400],[27306,1]],"id":1,"extend":[]},{"period":1,"goal_id":80001,"day":7,"desc":"开服累充5000元","condition":[["charge_rmb",5000]],"show_icon":131,"award1":[[3,15000],[27906,50]],"id":2,"extend":[]}]
}
},
"data_growthtarget_length" : 1,
"data_growthtarget" : {"1":{"1":[{"period":1,"goal_id":11010,"day":1,"target_type":1,"type_name":"剧情探索","desc":"通关剧情副本第20关","progress":[{"cli_label":"evt_dungeon_pass","target":10200,"target_val":1,"param":["chapter"]}],"show_icon":157,"award1":[[1,20000],[10001,30]],"lev":1,"id":1,"extend":[]},{"period":1,"goal_id":11020,"day":1,"target_type":1,"type_name":"剧情探索","desc":"通关剧情副本第30关","progress":[{"cli_label":"evt_dungeon_pass","target":10300,"target_val":1,"param":["chapter"]}],"show_icon":157,"award1":[[1,30000],[10001,30]],"lev":1,"id":2,"extend":[]},{"period":1,"goal_id":11030,"day":1,"target_type":1,"type_name":"剧情探索","desc":"通关剧情副本第40关","progress":[{"cli_label":"evt_dungeon_pass","target":10400,"target_val":1,"param":["chapter"]}],"show_icon":157,"award1":[[1,50000],[10001,30]],"lev":1,"id":3,"extend":[]},{"period":1,"goal_id":11040,"day":1,"target_type":1,"type_name":"剧情探索","desc":"通关剧情副本第50关","progress":[{"cli_label":"evt_dungeon_pass","target":20080,"target_val":1,"param":["chapter"]}],"show_icon":157,"award1":[[1,80000],[10001,50]],"lev":1,"id":4,"extend":[]},{"period":1,"goal_id":11050,"day":1,"target_type":1,"type_name":"剧情探索","desc":"通关剧情副本第60关","progress":[{"cli_label":"evt_dungeon_pass","target":20200,"target_val":1,"param":["chapter"]}],"show_icon":157,"award1":[[1,100000],[10001,50]],"lev":1,"id":5,"extend":[]},{"period":1,"goal_id":11060,"day":1,"target_type":1,"type_name":"剧情探索","desc":"通关剧情副本第70关","progress":[{"cli_label":"evt_dungeon_pass","target":20300,"target_val":1,"param":["chapter"]}],"show_icon":157,"award1":[[1,100000],[10001,100]],"lev":1,"id":6,"extend":[]},{"period":1,"goal_id":12010,"day":1,"target_type":2,"type_name":"公会发展","desc":"公会捐献1次","progress":[{"cli_label":"evt_guild_donate","target":0,"target_val":1,"param":[]}],"show_icon":145,"award1":[[1,20000],[26700,20]],"lev":1,"id":7,"extend":[]},{"period":1,"goal_id":12020,"day":1,"target_type":2,"type_name":"公会发展","desc":"公会捐献3次","progress":[{"cli_label":"evt_guild_donate","target":0,"target_val":3,"param":[]}],"show_icon":145,"award1":[[1,30000],[26701,20]],"lev":1,"id":8,"extend":[]},{"period":1,"goal_id":12030,"day":1,"target_type":2,"type_name":"公会发展","desc":"公会捐献5次","progress":[{"cli_label":"evt_guild_donate","target":0,"target_val":5,"param":[]}],"show_icon":145,"award1":[[1,50000],[26702,20]],"lev":1,"id":9,"extend":[]},{"period":1,"goal_id":12040,"day":1,"target_type":2,"type_name":"公会发展","desc":"公会副本挑战2次","progress":[{"cli_label":"evt_guild_dun_fight","target":0,"target_val":2,"param":[]}],"show_icon":146,"award1":[[1,80000],[26703,20]],"lev":1,"id":10,"extend":[]},{"period":1,"goal_id":12050,"day":1,"target_type":2,"type_name":"公会发展","desc":"公会副本挑战5次","progress":[{"cli_label":"evt_guild_dun_fight","target":0,"target_val":5,"param":[]}],"show_icon":146,"award1":[[1,100000],[26704,20]],"lev":1,"id":11,"extend":[]},{"period":1,"goal_id":12060,"day":1,"target_type":2,"type_name":"公会发展","desc":"公会副本挑战10次","progress":[{"cli_label":"evt_guild_dun_fight","target":0,"target_val":10,"param":[]}],"show_icon":146,"award1":[[1,100000],[26704,40]],"lev":1,"id":12,"extend":[]}],
"2":[{"period":1,"goal_id":13010,"day":2,"target_type":1,"type_name":"试炼冒险","desc":"试练塔达到10层","progress":[{"cli_label":"evt_star_tower_floor_pass","target":0,"target_val":10,"param":[]}],"show_icon":160,"award1":[[1,20000],[10103,2]],"lev":1,"id":1,"extend":[]},{"period":1,"goal_id":13020,"day":2,"target_type":1,"type_name":"试炼冒险","desc":"试练塔达到15层","progress":[{"cli_label":"evt_star_tower_floor_pass","target":0,"target_val":15,"param":[]}],"show_icon":160,"award1":[[1,30000],[10103,2]],"lev":1,"id":2,"extend":[]},{"period":1,"goal_id":13030,"day":2,"target_type":1,"type_name":"试炼冒险","desc":"试练塔达到20层","progress":[{"cli_label":"evt_star_tower_floor_pass","target":0,"target_val":20,"param":[]}],"show_icon":160,"award1":[[1,50000],[10451,1]],"lev":1,"id":3,"extend":[]},{"period":1,"goal_id":13040,"day":2,"target_type":1,"type_name":"试炼冒险","desc":"试练塔达到30层","progress":[{"cli_label":"evt_star_tower_floor_pass","target":0,"target_val":30,"param":[]}],"show_icon":160,"award1":[[1,80000],[10103,2]],"lev":1,"id":4,"extend":[]},{"period":1,"goal_id":13050,"day":2,"target_type":1,"type_name":"试炼冒险","desc":"试练塔达到40层","progress":[{"cli_label":"evt_star_tower_floor_pass","target":0,"target_val":40,"param":[]}],"show_icon":160,"award1":[[1,100000],[10103,2]],"lev":1,"id":5,"extend":[]},{"period":1,"goal_id":13060,"day":2,"target_type":1,"type_name":"试炼冒险","desc":"试练塔达到50层","progress":[{"cli_label":"evt_star_tower_floor_pass","target":0,"target_val":50,"param":[]}],"show_icon":160,"award1":[[1,100000],[10452,1]],"lev":1,"id":6,"extend":[]},{"period":1,"goal_id":14010,"day":2,"target_type":2,"type_name":"幸运召唤","desc":"普通召唤10次","progress":[{"cli_label":"evt_recruit","target":0,"target_val":10,"param":[]}],"show_icon":120,"award1":[[1,20000],[10001,50]],"lev":1,"id":7,"extend":[]},{"period":1,"goal_id":14020,"day":2,"target_type":2,"type_name":"幸运召唤","desc":"普通召唤20次","progress":[{"cli_label":"evt_recruit","target":0,"target_val":20,"param":[]}],"show_icon":120,"award1":[[1,30000],[10450,80]],"lev":1,"id":8,"extend":[]},{"period":1,"goal_id":14030,"day":2,"target_type":2,"type_name":"幸运召唤","desc":"高级召唤5次","progress":[{"cli_label":"evt_recruit","target":300,"target_val":5,"param":[]}],"show_icon":120,"award1":[[1,50000],[10001,80]],"lev":1,"id":9,"extend":[]},{"period":1,"goal_id":14040,"day":2,"target_type":2,"type_name":"幸运召唤","desc":"高级召唤10次","progress":[{"cli_label":"evt_recruit","target":300,"target_val":10,"param":[]}],"show_icon":120,"award1":[[1,80000],[10450,100]],"lev":1,"id":10,"extend":[]},{"period":1,"goal_id":14050,"day":2,"target_type":2,"type_name":"幸运召唤","desc":"高级召唤20次","progress":[{"cli_label":"evt_recruit","target":300,"target_val":20,"param":[]}],"show_icon":120,"award1":[[1,100000],[10001,150]],"lev":1,"id":11,"extend":[]},{"period":1,"goal_id":14060,"day":2,"target_type":2,"type_name":"幸运召唤","desc":"高级召唤40次","progress":[{"cli_label":"evt_recruit","target":300,"target_val":40,"param":[]}],"show_icon":120,"award1":[[1,100000],[10450,200]],"lev":1,"id":12,"extend":[]}],
"3":[{"period":1,"goal_id":15010,"day":3,"target_type":1,"type_name":"竞技风云","desc":"挑战5次竞技场","progress":[{"cli_label":"evt_arena_fight","target":0,"target_val":5,"param":[]}],"show_icon":158,"award1":[[1,20000],[10103,2]],"lev":1,"id":1,"extend":[]},{"period":1,"goal_id":15020,"day":3,"target_type":1,"type_name":"竞技风云","desc":"挑战10次竞技场","progress":[{"cli_label":"evt_arena_fight","target":0,"target_val":10,"param":[]}],"show_icon":158,"award1":[[1,30000],[37001,1]],"lev":1,"id":2,"extend":[]},{"period":1,"goal_id":15030,"day":3,"target_type":1,"type_name":"竞技风云","desc":"挑战15次竞技场","progress":[{"cli_label":"evt_arena_fight","target":0,"target_val":15,"param":[]}],"show_icon":158,"award1":[[1,50000],[10103,3]],"lev":1,"id":3,"extend":[]},{"period":1,"goal_id":15040,"day":3,"target_type":1,"type_name":"竞技风云","desc":"挑战20次竞技场","progress":[{"cli_label":"evt_arena_fight","target":0,"target_val":20,"param":[]}],"show_icon":158,"award1":[[1,80000],[37001,2]],"lev":1,"id":4,"extend":[]},{"period":1,"goal_id":15050,"day":3,"target_type":1,"type_name":"竞技风云","desc":"挑战30次竞技场","progress":[{"cli_label":"evt_arena_fight","target":0,"target_val":30,"param":[]}],"show_icon":158,"award1":[[1,100000],[10103,5]],"lev":1,"id":5,"extend":[]},{"period":1,"goal_id":15060,"day":3,"target_type":1,"type_name":"竞技风云","desc":"挑战40次竞技场","progress":[{"cli_label":"evt_arena_fight","target":0,"target_val":40,"param":[]}],"show_icon":158,"award1":[[1,100000],[37001,2]],"lev":1,"id":6,"extend":[]},{"period":1,"goal_id":14110,"day":3,"target_type":2,"type_name":"融合生辉","desc":"融合神殿合成1个5星英雄","progress":[{"cli_label":"evt_partner_star_up","target":5,"target_val":1,"param":[]}],"show_icon":155,"award1":[[1,20000],[10002,2]],"lev":1,"id":7,"extend":[]},{"period":1,"goal_id":14120,"day":3,"target_type":2,"type_name":"融合生辉","desc":"融合神殿合成2个5星英雄","progress":[{"cli_label":"evt_partner_star_up","target":5,"target_val":2,"param":[]}],"show_icon":155,"award1":[[1,30000],[10002,3]],"lev":1,"id":8,"extend":[]},{"period":1,"goal_id":14130,"day":3,"target_type":2,"type_name":"融合生辉","desc":"融合神殿合成3个5星英雄","progress":[{"cli_label":"evt_partner_star_up","target":5,"target_val":3,"param":[]}],"show_icon":155,"award1":[[1,50000],[10002,4]],"lev":1,"id":9,"extend":[]},{"period":1,"goal_id":14140,"day":3,"target_type":2,"type_name":"融合生辉","desc":"融合神殿合成4个5星英雄","progress":[{"cli_label":"evt_partner_star_up","target":5,"target_val":4,"param":[]}],"show_icon":155,"award1":[[1,80000],[10002,5]],"lev":1,"id":10,"extend":[]},{"period":1,"goal_id":14150,"day":3,"target_type":2,"type_name":"融合生辉","desc":"融合神殿合成1个6星英雄","progress":[{"cli_label":"evt_partner_star_up","target":6,"target_val":1,"param":[]}],"show_icon":155,"award1":[[1,100000],[10002,6]],"lev":1,"id":11,"extend":[]},{"period":1,"goal_id":14160,"day":3,"target_type":2,"type_name":"融合生辉","desc":"融合神殿合成2个6星英雄","progress":[{"cli_label":"evt_partner_star_up","target":6,"target_val":2,"param":[]}],"show_icon":155,"award1":[[1,100000],[10002,8]],"lev":1,"id":12,"extend":[]}],
"4":[{"period":1,"goal_id":16010,"day":4,"target_type":1,"type_name":"远航之路","desc":"完成10个远航任务","progress":[{"cli_label":"evt_shipping","target":0,"target_val":10,"param":[]}],"show_icon":126,"award1":[[1,20000],[10002,2]],"lev":1,"id":1,"extend":[]},{"period":1,"goal_id":16020,"day":4,"target_type":1,"type_name":"远航之路","desc":"完成20个远航任务","progress":[{"cli_label":"evt_shipping","target":0,"target_val":20,"param":[]}],"show_icon":126,"award1":[[1,30000],[10002,2]],"lev":1,"id":2,"extend":[]},{"period":1,"goal_id":16030,"day":4,"target_type":1,"type_name":"远航之路","desc":"完成30个远航任务","progress":[{"cli_label":"evt_shipping","target":0,"target_val":30,"param":[]}],"show_icon":126,"award1":[[1,50000],[10002,2]],"lev":1,"id":3,"extend":[]},{"period":1,"goal_id":16040,"day":4,"target_type":1,"type_name":"远航之路","desc":"完成40个远航任务","progress":[{"cli_label":"evt_shipping","target":0,"target_val":40,"param":[]}],"show_icon":126,"award1":[[1,80000],[10002,4]],"lev":1,"id":4,"extend":[]},{"period":1,"goal_id":16050,"day":4,"target_type":1,"type_name":"远航之路","desc":"完成5个紫色品质以上远航任务","progress":[{"cli_label":"evt_shipping","target":0,"target_val":5,"param":[3]}],"show_icon":126,"award1":[[1,100000],[10002,4]],"lev":1,"id":5,"extend":[]},{"period":1,"goal_id":16060,"day":4,"target_type":1,"type_name":"远航之路","desc":"完成10个紫色品质以上远航任务","progress":[{"cli_label":"evt_shipping","target":0,"target_val":10,"param":[3]}],"show_icon":126,"award1":[[1,100000],[10002,4]],"lev":1,"id":6,"extend":[]},{"period":1,"goal_id":16110,"day":4,"target_type":2,"type_name":"远航任务","desc":"刷新5次远航任务","progress":[{"cli_label":"evt_shipping_refresh","target":0,"target_val":5,"param":[]}],"show_icon":126,"award1":[[1,20000],[72001,5]],"lev":1,"id":7,"extend":[]},{"period":1,"goal_id":16120,"day":4,"target_type":2,"type_name":"远航任务","desc":"刷新10次远航任务","progress":[{"cli_label":"evt_shipping_refresh","target":0,"target_val":10,"param":[]}],"show_icon":126,"award1":[[1,30000],[72001,10]],"lev":1,"id":8,"extend":[]},{"period":1,"goal_id":16130,"day":4,"target_type":2,"type_name":"远航任务","desc":"刷新15次远航任务","progress":[{"cli_label":"evt_shipping_refresh","target":0,"target_val":15,"param":[]}],"show_icon":126,"award1":[[1,50000],[72001,10]],"lev":1,"id":9,"extend":[]},{"period":1,"goal_id":16140,"day":4,"target_type":2,"type_name":"远航任务","desc":"刷新20次远航任务","progress":[{"cli_label":"evt_shipping_refresh","target":0,"target_val":20,"param":[]}],"show_icon":126,"award1":[[1,80000],[72001,10]],"lev":1,"id":10,"extend":[]},{"period":1,"goal_id":16150,"day":4,"target_type":2,"type_name":"远航任务","desc":"刷新30次远航任务","progress":[{"cli_label":"evt_shipping_refresh","target":0,"target_val":30,"param":[]}],"show_icon":126,"award1":[[1,100000],[72001,15]],"lev":1,"id":11,"extend":[]},{"period":1,"goal_id":16160,"day":4,"target_type":2,"type_name":"远航任务","desc":"刷新40次远航任务","progress":[{"cli_label":"evt_shipping_refresh","target":0,"target_val":40,"param":[]}],"show_icon":126,"award1":[[1,100000],[72001,15]],"lev":1,"id":12,"extend":[]}],
"5":[{"period":1,"goal_id":17010,"day":5,"target_type":1,"type_name":"失落神器","desc":"解锁3件神器","progress":[{"cli_label":"evt_hallows_activate","target":0,"target_val":3,"param":["num"]}],"show_icon":201,"award1":[[1,20000],[72001,10]],"lev":1,"id":1,"extend":[]},{"period":1,"goal_id":17020,"day":5,"target_type":1,"type_name":"失落神器","desc":"解锁5件神器","progress":[{"cli_label":"evt_hallows_activate","target":0,"target_val":5,"param":["num"]}],"show_icon":201,"award1":[[1,30000],[72001,10]],"lev":1,"id":2,"extend":[]},{"period":1,"goal_id":17030,"day":5,"target_type":1,"type_name":"失落神器","desc":"神器等级达到1级","progress":[{"cli_label":"evt_hallows_step","target":0,"target_val":1,"param":[]}],"show_icon":201,"award1":[[1,50000],[72001,15]],"lev":1,"id":3,"extend":[]},{"period":1,"goal_id":17040,"day":5,"target_type":1,"type_name":"失落神器","desc":"神器等级达到2级","progress":[{"cli_label":"evt_hallows_step","target":0,"target_val":2,"param":[]}],"show_icon":201,"award1":[[1,80000],[72001,15]],"lev":1,"id":4,"extend":[]},{"period":1,"goal_id":17050,"day":5,"target_type":1,"type_name":"失落神器","desc":"神器等级达到3级","progress":[{"cli_label":"evt_hallows_step","target":0,"target_val":3,"param":[]}],"show_icon":201,"award1":[[1,100000],[29904,10]],"lev":1,"id":5,"extend":[]},{"period":1,"goal_id":17060,"day":5,"target_type":1,"type_name":"失落神器","desc":"神器等级达到4级","progress":[{"cli_label":"evt_hallows_step","target":0,"target_val":4,"param":[]}],"show_icon":201,"award1":[[1,100000],[29904,10]],"lev":1,"id":6,"extend":[]},{"period":1,"goal_id":18010,"day":5,"target_type":2,"type_name":"级级攀升","desc":"玩家等级达到10级","progress":[{"cli_label":"evt_levup","target":0,"target_val":10,"param":[]}],"show_icon":157,"award1":[[1,20000],[29904,5]],"lev":1,"id":7,"extend":[]},{"period":1,"goal_id":18020,"day":5,"target_type":2,"type_name":"级级攀升","desc":"玩家等级达到20级","progress":[{"cli_label":"evt_levup","target":0,"target_val":20,"param":[]}],"show_icon":157,"award1":[[1,30000],[29904,5]],"lev":1,"id":8,"extend":[]},{"period":1,"goal_id":18030,"day":5,"target_type":2,"type_name":"级级攀升","desc":"玩家等级达到30级","progress":[{"cli_label":"evt_levup","target":0,"target_val":30,"param":[]}],"show_icon":157,"award1":[[1,50000],[29904,10]],"lev":1,"id":9,"extend":[]},{"period":1,"goal_id":18040,"day":5,"target_type":2,"type_name":"级级攀升","desc":"玩家等级达到40级","progress":[{"cli_label":"evt_levup","target":0,"target_val":40,"param":[]}],"show_icon":157,"award1":[[1,80000],[29904,10]],"lev":1,"id":10,"extend":[]},{"period":1,"goal_id":18050,"day":5,"target_type":2,"type_name":"级级攀升","desc":"玩家等级达到45级","progress":[{"cli_label":"evt_levup","target":0,"target_val":45,"param":[]}],"show_icon":157,"award1":[[1,100000],[29904,15]],"lev":1,"id":11,"extend":[]},{"period":1,"goal_id":18060,"day":5,"target_type":2,"type_name":"级级攀升","desc":"玩家等级达到55级","progress":[{"cli_label":"evt_levup","target":0,"target_val":55,"param":[]}],"show_icon":157,"award1":[[1,100000],[29904,15]],"lev":1,"id":12,"extend":[]}],
"6":[{"period":1,"goal_id":19010,"day":6,"target_type":1,"type_name":"无尽试炼","desc":"无尽试炼通关10关","progress":[{"cli_label":"evt_endless_pass","target":0,"target_val":10,"param":[]}],"show_icon":153,"award1":[[1,20000],[37001,2]],"lev":1,"id":1,"extend":[]},{"period":1,"goal_id":19020,"day":6,"target_type":1,"type_name":"无尽试炼","desc":"无尽试炼通关20关","progress":[{"cli_label":"evt_endless_pass","target":0,"target_val":20,"param":[]}],"show_icon":153,"award1":[[1,30000],[37001,2]],"lev":1,"id":2,"extend":[]},{"period":1,"goal_id":19030,"day":6,"target_type":1,"type_name":"无尽试炼","desc":"无尽试炼通关30关","progress":[{"cli_label":"evt_endless_pass","target":0,"target_val":30,"param":[]}],"show_icon":153,"award1":[[1,50000],[37001,2]],"lev":1,"id":3,"extend":[]},{"period":1,"goal_id":19040,"day":6,"target_type":1,"type_name":"无尽试炼","desc":"无尽试炼通关40关","progress":[{"cli_label":"evt_endless_pass","target":0,"target_val":40,"param":[]}],"show_icon":153,"award1":[[1,80000],[37001,3]],"lev":1,"id":4,"extend":[]},{"period":1,"goal_id":19050,"day":6,"target_type":1,"type_name":"无尽试炼","desc":"无尽试炼通关50关","progress":[{"cli_label":"evt_endless_pass","target":0,"target_val":50,"param":[]}],"show_icon":153,"award1":[[1,100000],[37001,3]],"lev":1,"id":5,"extend":[]},{"period":1,"goal_id":19060,"day":6,"target_type":1,"type_name":"无尽试炼","desc":"无尽试炼派出英雄1次","progress":[{"cli_label":"evt_endless_appoint","target":0,"target_val":1,"param":[]}],"show_icon":153,"award1":[[1,100000],[37001,3]],"lev":1,"id":6,"extend":[]},{"period":1,"goal_id":19110,"day":6,"target_type":2,"type_name":"幸运达人","desc":"寻宝10次","progress":[{"cli_label":"evt_dial","target":0,"target_val":10,"param":[]}],"show_icon":405,"award1":[[1,20000],[37001,1]],"lev":1,"id":7,"extend":[]},{"period":1,"goal_id":19120,"day":6,"target_type":2,"type_name":"幸运达人","desc":"寻宝20次","progress":[{"cli_label":"evt_dial","target":0,"target_val":20,"param":[]}],"show_icon":405,"award1":[[1,30000],[10401,3]],"lev":1,"id":8,"extend":[]},{"period":1,"goal_id":19130,"day":6,"target_type":2,"type_name":"幸运达人","desc":"寻宝30次","progress":[{"cli_label":"evt_dial","target":0,"target_val":30,"param":[]}],"show_icon":405,"award1":[[1,50000],[37001,2]],"lev":1,"id":9,"extend":[]},{"period":1,"goal_id":19140,"day":6,"target_type":2,"type_name":"幸运达人","desc":"寻宝40次","progress":[{"cli_label":"evt_dial","target":0,"target_val":40,"param":[]}],"show_icon":405,"award1":[[1,80000],[10401,3]],"lev":1,"id":10,"extend":[]},{"period":1,"goal_id":19150,"day":6,"target_type":2,"type_name":"幸运达人","desc":"寻宝60次","progress":[{"cli_label":"evt_dial","target":0,"target_val":60,"param":[]}],"show_icon":405,"award1":[[1,100000],[10403,1]],"lev":1,"id":11,"extend":[]},{"period":1,"goal_id":19160,"day":6,"target_type":2,"type_name":"幸运达人","desc":"寻宝80次","progress":[{"cli_label":"evt_dial","target":0,"target_val":80,"param":[]}],"show_icon":405,"award1":[[1,100000],[10403,2]],"lev":1,"id":12,"extend":[]}],
"7":[{"period":1,"goal_id":14210,"day":7,"target_type":1,"type_name":"远征历练","desc":"英雄远征通关第2关","progress":[{"cli_label":"evt_expedition_fight","target":2,"target_val":1,"param":["pass"]}],"show_icon":151,"award1":[[1,20000],[14002,10]],"lev":1,"id":1,"extend":[]},{"period":1,"goal_id":14220,"day":7,"target_type":1,"type_name":"远征历练","desc":"英雄远征通关第4关","progress":[{"cli_label":"evt_expedition_fight","target":4,"target_val":1,"param":["pass"]}],"show_icon":151,"award1":[[1,30000],[14002,10]],"lev":1,"id":2,"extend":[]},{"period":1,"goal_id":14230,"day":7,"target_type":1,"type_name":"远征历练","desc":"英雄远征通关第6关","progress":[{"cli_label":"evt_expedition_fight","target":6,"target_val":1,"param":["pass"]}],"show_icon":151,"award1":[[1,50000],[14002,15]],"lev":1,"id":3,"extend":[]},{"period":1,"goal_id":14240,"day":7,"target_type":1,"type_name":"远征历练","desc":"英雄远征通关第9关","progress":[{"cli_label":"evt_expedition_fight","target":9,"target_val":1,"param":["pass"]}],"show_icon":151,"award1":[[1,80000],[14002,15]],"lev":1,"id":4,"extend":[]},{"period":1,"goal_id":14250,"day":7,"target_type":1,"type_name":"远征历练","desc":"英雄远征通关第12关","progress":[{"cli_label":"evt_expedition_fight","target":12,"target_val":1,"param":["pass"]}],"show_icon":151,"award1":[[1,100000],[14002,20]],"lev":1,"id":5,"extend":[]},{"period":1,"goal_id":14260,"day":7,"target_type":1,"type_name":"远征历练","desc":"英雄远征通关第15关","progress":[{"cli_label":"evt_expedition_fight","target":15,"target_val":1,"param":["pass"]}],"show_icon":151,"award1":[[1,100000],[14002,20]],"lev":1,"id":6,"extend":[]},{"period":1,"goal_id":19210,"day":7,"target_type":2,"type_name":"英雄荣耀","desc":"拥有5个等级30以上的英雄","progress":[{"cli_label":"evt_partner","target":0,"target_val":5,"param":[["lev",30]]}],"show_icon":120,"award1":[[1,20000],[29904,5]],"lev":1,"id":7,"extend":[]},{"period":1,"goal_id":19220,"day":7,"target_type":2,"type_name":"英雄荣耀","desc":"拥有1个等级99以上的英雄","progress":[{"cli_label":"evt_partner","target":0,"target_val":1,"param":[["lev",99]]}],"show_icon":120,"award1":[[1,30000],[29904,5]],"lev":1,"id":8,"extend":[]},{"period":1,"goal_id":19230,"day":7,"target_type":2,"type_name":"英雄荣耀","desc":"拥有1个等级120以上的英雄","progress":[{"cli_label":"evt_partner","target":0,"target_val":1,"param":[["lev",120]]}],"show_icon":120,"award1":[[1,50000],[14002,10]],"lev":1,"id":9,"extend":[]},{"period":1,"goal_id":19240,"day":7,"target_type":2,"type_name":"英雄荣耀","desc":"拥有5个5星英雄","progress":[{"cli_label":"evt_partner","target":0,"target_val":5,"param":[["star",5]]}],"show_icon":120,"award1":[[1,80000],[29904,10]],"lev":1,"id":10,"extend":[]},{"period":1,"goal_id":19250,"day":7,"target_type":2,"type_name":"英雄荣耀","desc":"拥有1个6星的英雄","progress":[{"cli_label":"evt_partner","target":0,"target_val":1,"param":[["star",6]]}],"show_icon":120,"award1":[[1,100000],[14002,20]],"lev":1,"id":11,"extend":[]},{"period":1,"goal_id":19260,"day":7,"target_type":2,"type_name":"英雄荣耀","desc":"拥有2个6星英雄","progress":[{"cli_label":"evt_partner","target":0,"target_val":2,"param":[["star",6]]}],"show_icon":120,"award1":[[1,100000],[14002,20]],"lev":1,"id":12,"extend":[]}]
}
},
"data_halfdiscount_length" : 1,
"data_halfdiscount" : {"1":{"1":[{"period":1,"id":1,"day":1,"vip":0,"award1":[[10001,20]],"desc":"全民福利礼包","price1":50,"price2":0,"disc":0}],
"2":[{"period":1,"id":2,"day":2,"vip":0,"award1":[[10103,1]],"desc":"全民福利礼包","price1":50,"price2":0,"disc":0}],
"3":[{"period":1,"id":3,"day":3,"vip":0,"award1":[[10002,1]],"desc":"全民福利礼包","price1":50,"price2":0,"disc":0}],
"4":[{"period":1,"id":4,"day":4,"vip":0,"award1":[[25,50]],"desc":"全民福利礼包","price1":50,"price2":0,"disc":0}],
"5":[{"period":1,"id":5,"day":5,"vip":0,"award1":[[37001,1]],"desc":"全民福利礼包","price1":50,"price2":0,"disc":0}],
"6":[{"period":1,"id":6,"day":6,"vip":0,"award1":[[1,50000]],"desc":"全民福利礼包","price1":50,"price2":0,"disc":0}],
"7":[{"period":1,"id":7,"day":7,"vip":0,"award1":[[10401,1]],"desc":"全民福利礼包","price1":50,"price2":0,"disc":0}],
"8":[{"period":1,"id":8,"day":1,"vip":0,"award1":[[26801,30]],"desc":"全民半价礼包","price1":600,"price2":300,"disc":5}],
"9":[{"period":1,"id":9,"day":2,"vip":0,"award1":[[10403,4]],"desc":"全民半价礼包","price1":1000,"price2":500,"disc":5}],
"10":[{"period":1,"id":10,"day":3,"vip":0,"award1":[[29904,30]],"desc":"全民半价礼包","price1":600,"price2":300,"disc":5}],
"11":[{"period":1,"id":11,"day":4,"vip":0,"award1":[[10002,20]],"desc":"全民半价礼包","price1":600,"price2":300,"disc":5}],
"12":[{"period":1,"id":12,"day":5,"vip":0,"award1":[[72001,150]],"desc":"全民半价礼包","price1":2250,"price2":1000,"disc":5}],
"13":[{"period":1,"id":13,"day":6,"vip":0,"award1":[[37001,40]],"desc":"全民半价礼包","price1":2000,"price2":1000,"disc":5}],
"14":[{"period":1,"id":14,"day":7,"vip":0,"award1":[[27304,1]],"desc":"全民半价礼包","price1":5000,"price2":2500,"disc":5}],
"15":[{"period":1,"id":15,"day":1,"vip":1,"award1":[[10001,300]],"desc":"VIP1半价礼包","price1":300,"price2":150,"disc":5}],
"16":[{"period":1,"id":16,"day":2,"vip":2,"award1":[[29105,50]],"desc":"VIP2半价礼包","price1":6000,"price2":3000,"disc":5}],
"17":[{"period":1,"id":17,"day":3,"vip":3,"award1":[[72002,40]],"desc":"VIP3半价礼包","price1":4000,"price2":2000,"disc":5}],
"18":[{"period":1,"id":18,"day":4,"vip":4,"award1":[[10403,10]],"desc":"VIP4半价礼包","price1":2500,"price2":1250,"disc":5}],
"19":[{"period":1,"id":19,"day":5,"vip":4,"award1":[[10453,1]],"desc":"VIP4半价礼包","price1":5000,"price2":2500,"disc":5}],
"20":[{"period":1,"id":20,"day":6,"vip":5,"award1":[[37002,5]],"desc":"VIP5半价礼包","price1":5000,"price2":2500,"disc":5}],
"21":[{"period":1,"id":21,"day":7,"vip":6,"award1":[[28903,50]],"desc":"VIP6半价礼包","price1":10000,"price2":5000,"disc":5}]
}
},
"data_all_target_length" : 1,
"data_all_target" : {"1":{"1":[{"period":1,"id":1,"goal":20,"award":[[10002,5]]}],
"2":[{"period":1,"id":2,"goal":50,"award":[[10403,1]]}],
"3":[{"period":1,"id":3,"goal":70,"award":[[37002,2]]}],
"4":[{"period":1,"id":4,"goal":100,"award":[[3,3000]]}]
}
},
"data_drama_explain_length" : 3,
"data_drama_explain" : {
	"1":{"id":1,"title":"目标挑战","desc":"七日目标根据天数开放，玩家完成任务后，可根据完成进度领取对应大奖。活动8天后关闭，奖励只可领取一次，领取后继续完成任务不可补充领取奖励"},
	"2":{"id":2,"title":"每日福利","desc":"每天有特别福利放送，快快领取奖励继续提升自己，完成目标挑战"},
	"3":{"id":3,"title":"五折特惠","desc":"精选各种酷炫礼包，每日半价超值出售。走过路过不要错过！"}
}
}