{"data_const_length" : 9,
"data_const" : {
	"open_lev":{"val":[["lev",25]],"desc":"冒险家25级开启"},
	"backoff_num":{"val":10,"desc":"次日回退关数"},
	"dayreward_roundnum":{"val":5,"desc":"每日可结算经验奖励的关数限制"},
	"buffchoice_interval":{"val":5,"desc":"每过x关触发一次增益效果选择步骤"},
	"reward_show":{"val":[72001,22,1],"desc":"玩法主界面奖励展示"},
	"support_reward_limit":{"val":5,"desc":"玩家每日可得支援邮件奖励次数"},
	"max_roundnum":{"val":400,"desc":"最大波（关）数"},
	"support_reward":{"val":10,"desc":"支援奖励友情点个数"},
	"self_support_reward":{"val":[[1,50000]],"desc":"每日上阵支援英雄的奖励"}
},
"data_buff_data_length" : 3,
"data_buff_data" : {
	"1": {
		"101": {"id":101,"group_id":1,"skill_id":600001,"round":5,"weight":300,"desc":"全体攻击+10%\n效果持续到下次增益项选择","battle_desc":"全体攻击+10%","icon":"1"},
		"102": {"id":102,"group_id":1,"skill_id":600011,"round":5,"weight":300,"desc":"全体暴击率+10%\n效果持续到下次增益项选择","battle_desc":"全体暴击率+10%","icon":"2"},
		"103": {"id":103,"group_id":1,"skill_id":600021,"round":5,"weight":300,"desc":"全体暴击伤害+10%\n效果持续到下次增益项选择","battle_desc":"全体暴击伤害+10%","icon":"3"},
		"104": {"id":104,"group_id":1,"skill_id":600091,"round":5,"weight":300,"desc":"全体速度+10%\n效果持续到下次增益项选择","battle_desc":"全体速度+10%","icon":"4"}
	},
	"2": {
		"201": {"id":201,"group_id":2,"skill_id":600031,"round":5,"weight":300,"desc":"全体防御+10%\n效果持续到下次增益项选择","battle_desc":"全体防御+10%","icon":"5"},
		"202": {"id":202,"group_id":2,"skill_id":600041,"round":5,"weight":300,"desc":"全体抗暴+10%\n效果持续到下次增益项选择","battle_desc":"全体抗暴+10%","icon":"6"},
		"203": {"id":203,"group_id":2,"skill_id":600051,"round":5,"weight":300,"desc":"全体效果抵抗+10%\n效果持续到下次增益项选择","battle_desc":"全体效果抵抗+10%","icon":"7"},
		"204": {"id":204,"group_id":2,"skill_id":600101,"round":5,"weight":300,"desc":"全体闪躲+5%\n效果持续到下次增益项选择","battle_desc":"全体闪躲+5%","icon":"8"}
	},
	"3": {
		"301": {"id":301,"group_id":3,"skill_id":600061,"round":5,"weight":300,"desc":"全体治疗效果+10%\n效果持续到下次增益项选择","battle_desc":"全体治疗效果+10%","icon":"9"},
		"302": {"id":302,"group_id":3,"skill_id":600061,"round":5,"weight":0,"desc":"全体治疗效果+10%\n效果持续到下次增益项选择","battle_desc":"全体治疗效果+10%","icon":"10"},
		"303": {"id":303,"group_id":3,"skill_id":600081,"round":1,"weight":300,"desc":"治疗友方全体，恢复最大生命值上限的10%生命值","battle_desc":"无效果（已回复生命值）","icon":"11"}
	}
},
"data_first_data_length" : 80,
"data_first_data" : {
	"1":{"id":1,"limit_id":5,"items":[[22,30000]]},
	"2":{"id":2,"limit_id":10,"items":[[22,50000]]},
	"3":{"id":3,"limit_id":15,"items":[[10403,1]]},
	"4":{"id":4,"limit_id":20,"items":[[22,70000]]},
	"5":{"id":5,"limit_id":25,"items":[[22,90000]]},
	"6":{"id":6,"limit_id":30,"items":[[10403,1]]},
	"7":{"id":7,"limit_id":35,"items":[[22,110000]]},
	"8":{"id":8,"limit_id":40,"items":[[22,130000]]},
	"9":{"id":9,"limit_id":45,"items":[[10403,1]]},
	"10":{"id":10,"limit_id":50,"items":[[22,150000]]},
	"11":{"id":11,"limit_id":55,"items":[[22,170000]]},
	"12":{"id":12,"limit_id":60,"items":[[10403,1]]},
	"13":{"id":13,"limit_id":65,"items":[[22,190000]]},
	"14":{"id":14,"limit_id":70,"items":[[22,210000]]},
	"15":{"id":15,"limit_id":75,"items":[[10403,1]]},
	"16":{"id":16,"limit_id":80,"items":[[22,230000]]},
	"17":{"id":17,"limit_id":85,"items":[[22,250000]]},
	"18":{"id":18,"limit_id":90,"items":[[10403,1]]},
	"19":{"id":19,"limit_id":95,"items":[[22,270000]]},
	"20":{"id":20,"limit_id":100,"items":[[22,290000]]},
	"21":{"id":21,"limit_id":105,"items":[[10403,1]]},
	"22":{"id":22,"limit_id":110,"items":[[22,310000]]},
	"23":{"id":23,"limit_id":115,"items":[[22,330000]]},
	"24":{"id":24,"limit_id":120,"items":[[10403,1]]},
	"25":{"id":25,"limit_id":125,"items":[[22,350000]]},
	"26":{"id":26,"limit_id":130,"items":[[22,370000]]},
	"27":{"id":27,"limit_id":135,"items":[[10403,1]]},
	"28":{"id":28,"limit_id":140,"items":[[22,390000]]},
	"29":{"id":29,"limit_id":145,"items":[[22,410000]]},
	"30":{"id":30,"limit_id":150,"items":[[10403,1]]},
	"31":{"id":31,"limit_id":155,"items":[[22,430000]]},
	"32":{"id":32,"limit_id":160,"items":[[22,450000]]},
	"33":{"id":33,"limit_id":165,"items":[[10403,1]]},
	"34":{"id":34,"limit_id":170,"items":[[22,470000]]},
	"35":{"id":35,"limit_id":175,"items":[[22,490000]]},
	"36":{"id":36,"limit_id":180,"items":[[10403,1]]},
	"37":{"id":37,"limit_id":185,"items":[[22,510000]]},
	"38":{"id":38,"limit_id":190,"items":[[22,530000]]},
	"39":{"id":39,"limit_id":195,"items":[[10403,1]]},
	"40":{"id":40,"limit_id":200,"items":[[22,550000]]},
	"41":{"id":41,"limit_id":205,"items":[[22,570000]]},
	"42":{"id":42,"limit_id":210,"items":[[10403,1]]},
	"43":{"id":43,"limit_id":215,"items":[[22,590000]]},
	"44":{"id":44,"limit_id":220,"items":[[22,610000]]},
	"45":{"id":45,"limit_id":225,"items":[[10403,1]]},
	"46":{"id":46,"limit_id":230,"items":[[22,630000]]},
	"47":{"id":47,"limit_id":235,"items":[[22,650000]]},
	"48":{"id":48,"limit_id":240,"items":[[10403,1]]},
	"49":{"id":49,"limit_id":245,"items":[[22,670000]]},
	"50":{"id":50,"limit_id":250,"items":[[22,690000]]},
	"51":{"id":51,"limit_id":255,"items":[[10403,1]]},
	"52":{"id":52,"limit_id":260,"items":[[22,690000]]},
	"53":{"id":53,"limit_id":265,"items":[[22,710000]]},
	"54":{"id":54,"limit_id":270,"items":[[10403,1]]},
	"55":{"id":55,"limit_id":275,"items":[[22,710000]]},
	"56":{"id":56,"limit_id":280,"items":[[22,730000]]},
	"57":{"id":57,"limit_id":285,"items":[[10403,1]]},
	"58":{"id":58,"limit_id":290,"items":[[22,730000]]},
	"59":{"id":59,"limit_id":295,"items":[[22,750000]]},
	"60":{"id":60,"limit_id":300,"items":[[10403,1]]},
	"61":{"id":61,"limit_id":305,"items":[[22,750000]]},
	"62":{"id":62,"limit_id":310,"items":[[22,770000]]},
	"63":{"id":63,"limit_id":315,"items":[[10403,1]]},
	"64":{"id":64,"limit_id":320,"items":[[22,770000]]},
	"65":{"id":65,"limit_id":325,"items":[[22,790000]]},
	"66":{"id":66,"limit_id":330,"items":[[10403,1]]},
	"67":{"id":67,"limit_id":335,"items":[[22,790000]]},
	"68":{"id":68,"limit_id":340,"items":[[22,810000]]},
	"69":{"id":69,"limit_id":345,"items":[[10403,1]]},
	"70":{"id":70,"limit_id":350,"items":[[22,810000]]},
	"71":{"id":71,"limit_id":355,"items":[[22,830000]]},
	"72":{"id":72,"limit_id":360,"items":[[10403,1]]},
	"73":{"id":73,"limit_id":365,"items":[[22,830000]]},
	"74":{"id":74,"limit_id":370,"items":[[22,850000]]},
	"75":{"id":75,"limit_id":375,"items":[[10403,1]]},
	"76":{"id":76,"limit_id":380,"items":[[22,850000]]},
	"77":{"id":77,"limit_id":385,"items":[[22,870000]]},
	"78":{"id":78,"limit_id":390,"items":[[10403,1]]},
	"79":{"id":79,"limit_id":395,"items":[[22,870000]]},
	"80":{"id":80,"limit_id":400,"items":[[22,890000]]}
},
"data_floor_data_length" : 400,
"data_floor_data" : {
	"1":{"id":1,"items":[[22,30000],[1,20000]]},
	"2":{"id":2,"items":[[22,30600],[1,20500]]},
	"3":{"id":3,"items":[[22,31200],[1,21000]]},
	"4":{"id":4,"items":[[22,31800],[1,21500]]},
	"5":{"id":5,"items":[[22,32400],[1,22000]]},
	"6":{"id":6,"items":[[22,33000],[1,22500]]},
	"7":{"id":7,"items":[[22,33600],[1,23000]]},
	"8":{"id":8,"items":[[22,34200],[1,23500]]},
	"9":{"id":9,"items":[[22,34800],[1,24000]]},
	"10":{"id":10,"items":[[22,35400],[1,24500]]},
	"11":{"id":11,"items":[[22,36000],[1,25000]]},
	"12":{"id":12,"items":[[22,36600],[1,25500]]},
	"13":{"id":13,"items":[[22,37200],[1,26000]]},
	"14":{"id":14,"items":[[22,37800],[1,26500]]},
	"15":{"id":15,"items":[[22,38400],[1,27000]]},
	"16":{"id":16,"items":[[22,39000],[1,27500]]},
	"17":{"id":17,"items":[[22,39600],[1,28000]]},
	"18":{"id":18,"items":[[22,40200],[1,28500]]},
	"19":{"id":19,"items":[[22,40800],[1,29000]]},
	"20":{"id":20,"items":[[22,41400],[1,29500]]},
	"21":{"id":21,"items":[[22,42000],[1,30000]]},
	"22":{"id":22,"items":[[22,42600],[1,30500]]},
	"23":{"id":23,"items":[[22,43200],[1,31000]]},
	"24":{"id":24,"items":[[22,43800],[1,31500]]},
	"25":{"id":25,"items":[[22,44400],[1,32000]]},
	"26":{"id":26,"items":[[22,45000],[1,32500]]},
	"27":{"id":27,"items":[[22,45600],[1,33000]]},
	"28":{"id":28,"items":[[22,46200],[1,33500]]},
	"29":{"id":29,"items":[[22,46800],[1,34000]]},
	"30":{"id":30,"items":[[22,47400],[1,34500]]},
	"31":{"id":31,"items":[[22,48000],[1,35000]]},
	"32":{"id":32,"items":[[22,48600],[1,35500]]},
	"33":{"id":33,"items":[[22,49200],[1,36000]]},
	"34":{"id":34,"items":[[22,49800],[1,36500]]},
	"35":{"id":35,"items":[[22,50400],[1,37000]]},
	"36":{"id":36,"items":[[22,51000],[1,37500]]},
	"37":{"id":37,"items":[[22,51600],[1,38000]]},
	"38":{"id":38,"items":[[22,52200],[1,38500]]},
	"39":{"id":39,"items":[[22,52800],[1,39000]]},
	"40":{"id":40,"items":[[22,53400],[1,39500]]},
	"41":{"id":41,"items":[[22,54000],[1,40000]]},
	"42":{"id":42,"items":[[22,54600],[1,40500]]},
	"43":{"id":43,"items":[[22,55200],[1,41000]]},
	"44":{"id":44,"items":[[22,55800],[1,41500]]},
	"45":{"id":45,"items":[[22,56400],[1,42000]]},
	"46":{"id":46,"items":[[22,57000],[1,42500]]},
	"47":{"id":47,"items":[[22,57600],[1,43000]]},
	"48":{"id":48,"items":[[22,58200],[1,43500]]},
	"49":{"id":49,"items":[[22,58800],[1,44000]]},
	"50":{"id":50,"items":[[22,59400],[1,44500]]},
	"51":{"id":51,"items":[[22,60000],[1,45000]]},
	"52":{"id":52,"items":[[22,60600],[1,45500]]},
	"53":{"id":53,"items":[[22,61200],[1,46000]]},
	"54":{"id":54,"items":[[22,61800],[1,46500]]},
	"55":{"id":55,"items":[[22,62400],[1,47000]]},
	"56":{"id":56,"items":[[22,63000],[1,47500]]},
	"57":{"id":57,"items":[[22,63600],[1,48000]]},
	"58":{"id":58,"items":[[22,64200],[1,48500]]},
	"59":{"id":59,"items":[[22,64800],[1,49000]]},
	"60":{"id":60,"items":[[22,65400],[1,49500]]},
	"61":{"id":61,"items":[[22,66000],[1,50000]]},
	"62":{"id":62,"items":[[22,66600],[1,50500]]},
	"63":{"id":63,"items":[[22,67200],[1,51000]]},
	"64":{"id":64,"items":[[22,67800],[1,51500]]},
	"65":{"id":65,"items":[[22,68400],[1,52000]]},
	"66":{"id":66,"items":[[22,69000],[1,52500]]},
	"67":{"id":67,"items":[[22,69600],[1,53000]]},
	"68":{"id":68,"items":[[22,70200],[1,53500]]},
	"69":{"id":69,"items":[[22,70800],[1,54000]]},
	"70":{"id":70,"items":[[22,71400],[1,54500]]},
	"71":{"id":71,"items":[[22,72000],[1,55000]]},
	"72":{"id":72,"items":[[22,72600],[1,55500]]},
	"73":{"id":73,"items":[[22,73200],[1,56000]]},
	"74":{"id":74,"items":[[22,73800],[1,56500]]},
	"75":{"id":75,"items":[[22,74400],[1,57000]]},
	"76":{"id":76,"items":[[22,75000],[1,57500]]},
	"77":{"id":77,"items":[[22,75600],[1,58000]]},
	"78":{"id":78,"items":[[22,76200],[1,58500]]},
	"79":{"id":79,"items":[[22,76800],[1,59000]]},
	"80":{"id":80,"items":[[22,77400],[1,59500]]},
	"81":{"id":81,"items":[[22,78000],[1,60000]]},
	"82":{"id":82,"items":[[22,78600],[1,60500]]},
	"83":{"id":83,"items":[[22,79200],[1,61000]]},
	"84":{"id":84,"items":[[22,79800],[1,61500]]},
	"85":{"id":85,"items":[[22,80400],[1,62000]]},
	"86":{"id":86,"items":[[22,81000],[1,62500]]},
	"87":{"id":87,"items":[[22,81600],[1,63000]]},
	"88":{"id":88,"items":[[22,82200],[1,63500]]},
	"89":{"id":89,"items":[[22,82800],[1,64000]]},
	"90":{"id":90,"items":[[22,83400],[1,64500]]},
	"91":{"id":91,"items":[[22,84000],[1,65000]]},
	"92":{"id":92,"items":[[22,84600],[1,65500]]},
	"93":{"id":93,"items":[[22,85200],[1,66000]]},
	"94":{"id":94,"items":[[22,85800],[1,66500]]},
	"95":{"id":95,"items":[[22,86400],[1,67000]]},
	"96":{"id":96,"items":[[22,87000],[1,67500]]},
	"97":{"id":97,"items":[[22,87600],[1,68000]]},
	"98":{"id":98,"items":[[22,88200],[1,68500]]},
	"99":{"id":99,"items":[[22,88800],[1,69000]]},
	"100":{"id":100,"items":[[22,89400],[1,69500]]},
	"101":{"id":101,"items":[[22,90000],[1,70000]]},
	"102":{"id":102,"items":[[22,90600],[1,70500]]},
	"103":{"id":103,"items":[[22,91200],[1,71000]]},
	"104":{"id":104,"items":[[22,91800],[1,71500]]},
	"105":{"id":105,"items":[[22,92400],[1,72000]]},
	"106":{"id":106,"items":[[22,93000],[1,72500]]},
	"107":{"id":107,"items":[[22,93600],[1,73000]]},
	"108":{"id":108,"items":[[22,94200],[1,73500]]},
	"109":{"id":109,"items":[[22,94800],[1,74000]]},
	"110":{"id":110,"items":[[22,95400],[1,74500]]},
	"111":{"id":111,"items":[[22,96000],[1,75000]]},
	"112":{"id":112,"items":[[22,96600],[1,75500]]},
	"113":{"id":113,"items":[[22,97200],[1,76000]]},
	"114":{"id":114,"items":[[22,97800],[1,76500]]},
	"115":{"id":115,"items":[[22,98400],[1,77000]]},
	"116":{"id":116,"items":[[22,99000],[1,77500]]},
	"117":{"id":117,"items":[[22,99600],[1,78000]]},
	"118":{"id":118,"items":[[22,100200],[1,78500]]},
	"119":{"id":119,"items":[[22,100800],[1,79000]]},
	"120":{"id":120,"items":[[22,101400],[1,79500]]},
	"121":{"id":121,"items":[[22,102000],[1,80000]]},
	"122":{"id":122,"items":[[22,102600],[1,80500]]},
	"123":{"id":123,"items":[[22,103200],[1,81000]]},
	"124":{"id":124,"items":[[22,103800],[1,81500]]},
	"125":{"id":125,"items":[[22,104400],[1,82000]]},
	"126":{"id":126,"items":[[22,105000],[1,82500]]},
	"127":{"id":127,"items":[[22,105600],[1,83000]]},
	"128":{"id":128,"items":[[22,106200],[1,83500]]},
	"129":{"id":129,"items":[[22,106800],[1,84000]]},
	"130":{"id":130,"items":[[22,107400],[1,84500]]},
	"131":{"id":131,"items":[[22,108000],[1,85000]]},
	"132":{"id":132,"items":[[22,108600],[1,85500]]},
	"133":{"id":133,"items":[[22,109200],[1,86000]]},
	"134":{"id":134,"items":[[22,109800],[1,86500]]},
	"135":{"id":135,"items":[[22,110400],[1,87000]]},
	"136":{"id":136,"items":[[22,111000],[1,87500]]},
	"137":{"id":137,"items":[[22,111600],[1,88000]]},
	"138":{"id":138,"items":[[22,112200],[1,88500]]},
	"139":{"id":139,"items":[[22,112800],[1,89000]]},
	"140":{"id":140,"items":[[22,113400],[1,89500]]},
	"141":{"id":141,"items":[[22,114000],[1,90000]]},
	"142":{"id":142,"items":[[22,114600],[1,90500]]},
	"143":{"id":143,"items":[[22,115200],[1,91000]]},
	"144":{"id":144,"items":[[22,115800],[1,91500]]},
	"145":{"id":145,"items":[[22,116400],[1,92000]]},
	"146":{"id":146,"items":[[22,117000],[1,92500]]},
	"147":{"id":147,"items":[[22,117600],[1,93000]]},
	"148":{"id":148,"items":[[22,118200],[1,93500]]},
	"149":{"id":149,"items":[[22,118800],[1,94000]]},
	"150":{"id":150,"items":[[22,119400],[1,94500]]},
	"151":{"id":151,"items":[[22,120000],[1,95000]]},
	"152":{"id":152,"items":[[22,120600],[1,95500]]},
	"153":{"id":153,"items":[[22,121200],[1,96000]]},
	"154":{"id":154,"items":[[22,121800],[1,96500]]},
	"155":{"id":155,"items":[[22,122400],[1,97000]]},
	"156":{"id":156,"items":[[22,123000],[1,97500]]},
	"157":{"id":157,"items":[[22,123600],[1,98000]]},
	"158":{"id":158,"items":[[22,124200],[1,98500]]},
	"159":{"id":159,"items":[[22,124800],[1,99000]]},
	"160":{"id":160,"items":[[22,125400],[1,99500]]},
	"161":{"id":161,"items":[[22,126000],[1,100000]]},
	"162":{"id":162,"items":[[22,126600],[1,100500]]},
	"163":{"id":163,"items":[[22,127200],[1,101000]]},
	"164":{"id":164,"items":[[22,127800],[1,101500]]},
	"165":{"id":165,"items":[[22,128400],[1,102000]]},
	"166":{"id":166,"items":[[22,129000],[1,102500]]},
	"167":{"id":167,"items":[[22,129600],[1,103000]]},
	"168":{"id":168,"items":[[22,130200],[1,103500]]},
	"169":{"id":169,"items":[[22,130800],[1,104000]]},
	"170":{"id":170,"items":[[22,131400],[1,104500]]},
	"171":{"id":171,"items":[[22,132000],[1,105000]]},
	"172":{"id":172,"items":[[22,132600],[1,105500]]},
	"173":{"id":173,"items":[[22,133200],[1,106000]]},
	"174":{"id":174,"items":[[22,133800],[1,106500]]},
	"175":{"id":175,"items":[[22,134400],[1,107000]]},
	"176":{"id":176,"items":[[22,135000],[1,107500]]},
	"177":{"id":177,"items":[[22,135600],[1,108000]]},
	"178":{"id":178,"items":[[22,136200],[1,108500]]},
	"179":{"id":179,"items":[[22,136800],[1,109000]]},
	"180":{"id":180,"items":[[22,137400],[1,109500]]},
	"181":{"id":181,"items":[[22,138000],[1,110000]]},
	"182":{"id":182,"items":[[22,138600],[1,110500]]},
	"183":{"id":183,"items":[[22,139200],[1,111000]]},
	"184":{"id":184,"items":[[22,139800],[1,111500]]},
	"185":{"id":185,"items":[[22,140400],[1,112000]]},
	"186":{"id":186,"items":[[22,141000],[1,112500]]},
	"187":{"id":187,"items":[[22,141600],[1,113000]]},
	"188":{"id":188,"items":[[22,142200],[1,113500]]},
	"189":{"id":189,"items":[[22,142800],[1,114000]]},
	"190":{"id":190,"items":[[22,143400],[1,114500]]},
	"191":{"id":191,"items":[[22,144000],[1,115000]]},
	"192":{"id":192,"items":[[22,144600],[1,115500]]},
	"193":{"id":193,"items":[[22,145200],[1,116000]]},
	"194":{"id":194,"items":[[22,145800],[1,116500]]},
	"195":{"id":195,"items":[[22,146400],[1,117000]]},
	"196":{"id":196,"items":[[22,147000],[1,117500]]},
	"197":{"id":197,"items":[[22,147600],[1,118000]]},
	"198":{"id":198,"items":[[22,148200],[1,118500]]},
	"199":{"id":199,"items":[[22,148800],[1,119000]]},
	"200":{"id":200,"items":[[22,149400],[1,119500]]},
	"201":{"id":201,"items":[[22,150000],[1,120000]]},
	"202":{"id":202,"items":[[22,150600],[1,120500]]},
	"203":{"id":203,"items":[[22,151200],[1,121000]]},
	"204":{"id":204,"items":[[22,151800],[1,121500]]},
	"205":{"id":205,"items":[[22,152400],[1,122000]]},
	"206":{"id":206,"items":[[22,153000],[1,122500]]},
	"207":{"id":207,"items":[[22,153600],[1,123000]]},
	"208":{"id":208,"items":[[22,154200],[1,123500]]},
	"209":{"id":209,"items":[[22,154800],[1,124000]]},
	"210":{"id":210,"items":[[22,155400],[1,124500]]},
	"211":{"id":211,"items":[[22,156000],[1,125000]]},
	"212":{"id":212,"items":[[22,156600],[1,125500]]},
	"213":{"id":213,"items":[[22,157200],[1,126000]]},
	"214":{"id":214,"items":[[22,157800],[1,126500]]},
	"215":{"id":215,"items":[[22,158400],[1,127000]]},
	"216":{"id":216,"items":[[22,159000],[1,127500]]},
	"217":{"id":217,"items":[[22,159600],[1,128000]]},
	"218":{"id":218,"items":[[22,160200],[1,128500]]},
	"219":{"id":219,"items":[[22,160800],[1,129000]]},
	"220":{"id":220,"items":[[22,161400],[1,129500]]},
	"221":{"id":221,"items":[[22,162000],[1,130000]]},
	"222":{"id":222,"items":[[22,162600],[1,130500]]},
	"223":{"id":223,"items":[[22,163200],[1,131000]]},
	"224":{"id":224,"items":[[22,163800],[1,131500]]},
	"225":{"id":225,"items":[[22,164400],[1,132000]]},
	"226":{"id":226,"items":[[22,165000],[1,132500]]},
	"227":{"id":227,"items":[[22,165600],[1,133000]]},
	"228":{"id":228,"items":[[22,166200],[1,133500]]},
	"229":{"id":229,"items":[[22,166800],[1,134000]]},
	"230":{"id":230,"items":[[22,167400],[1,134500]]},
	"231":{"id":231,"items":[[22,168000],[1,135000]]},
	"232":{"id":232,"items":[[22,168600],[1,135500]]},
	"233":{"id":233,"items":[[22,169200],[1,136000]]},
	"234":{"id":234,"items":[[22,169800],[1,136500]]},
	"235":{"id":235,"items":[[22,170400],[1,137000]]},
	"236":{"id":236,"items":[[22,171000],[1,137500]]},
	"237":{"id":237,"items":[[22,171600],[1,138000]]},
	"238":{"id":238,"items":[[22,172200],[1,138500]]},
	"239":{"id":239,"items":[[22,172800],[1,139000]]},
	"240":{"id":240,"items":[[22,173400],[1,139500]]},
	"241":{"id":241,"items":[[22,174000],[1,140000]]},
	"242":{"id":242,"items":[[22,174600],[1,140500]]},
	"243":{"id":243,"items":[[22,175200],[1,141000]]},
	"244":{"id":244,"items":[[22,175800],[1,141500]]},
	"245":{"id":245,"items":[[22,176400],[1,142000]]},
	"246":{"id":246,"items":[[22,177000],[1,142500]]},
	"247":{"id":247,"items":[[22,177600],[1,143000]]},
	"248":{"id":248,"items":[[22,178200],[1,143500]]},
	"249":{"id":249,"items":[[22,178800],[1,144000]]},
	"250":{"id":250,"items":[[22,179400],[1,144500]]},
	"251":{"id":251,"items":[[22,180000],[1,145000]]},
	"252":{"id":252,"items":[[22,180600],[1,145500]]},
	"253":{"id":253,"items":[[22,181200],[1,146000]]},
	"254":{"id":254,"items":[[22,181800],[1,146500]]},
	"255":{"id":255,"items":[[22,182400],[1,147000]]},
	"256":{"id":256,"items":[[22,183000],[1,147500]]},
	"257":{"id":257,"items":[[22,183600],[1,148000]]},
	"258":{"id":258,"items":[[22,184200],[1,148500]]},
	"259":{"id":259,"items":[[22,184800],[1,149000]]},
	"260":{"id":260,"items":[[22,185400],[1,149500]]},
	"261":{"id":261,"items":[[22,186000],[1,150000]]},
	"262":{"id":262,"items":[[22,186600],[1,150500]]},
	"263":{"id":263,"items":[[22,187200],[1,151000]]},
	"264":{"id":264,"items":[[22,187800],[1,151500]]},
	"265":{"id":265,"items":[[22,188400],[1,152000]]},
	"266":{"id":266,"items":[[22,189000],[1,152500]]},
	"267":{"id":267,"items":[[22,189600],[1,153000]]},
	"268":{"id":268,"items":[[22,190200],[1,153500]]},
	"269":{"id":269,"items":[[22,190800],[1,154000]]},
	"270":{"id":270,"items":[[22,191400],[1,154500]]},
	"271":{"id":271,"items":[[22,192000],[1,155000]]},
	"272":{"id":272,"items":[[22,192600],[1,155500]]},
	"273":{"id":273,"items":[[22,193200],[1,156000]]},
	"274":{"id":274,"items":[[22,193800],[1,156500]]},
	"275":{"id":275,"items":[[22,194400],[1,157000]]},
	"276":{"id":276,"items":[[22,195000],[1,157500]]},
	"277":{"id":277,"items":[[22,195600],[1,158000]]},
	"278":{"id":278,"items":[[22,196200],[1,158500]]},
	"279":{"id":279,"items":[[22,196800],[1,159000]]},
	"280":{"id":280,"items":[[22,197400],[1,159500]]},
	"281":{"id":281,"items":[[22,198000],[1,160000]]},
	"282":{"id":282,"items":[[22,198600],[1,160500]]},
	"283":{"id":283,"items":[[22,199200],[1,161000]]},
	"284":{"id":284,"items":[[22,199800],[1,161500]]},
	"285":{"id":285,"items":[[22,200400],[1,162000]]},
	"286":{"id":286,"items":[[22,201000],[1,162500]]},
	"287":{"id":287,"items":[[22,201600],[1,163000]]},
	"288":{"id":288,"items":[[22,202200],[1,163500]]},
	"289":{"id":289,"items":[[22,202800],[1,164000]]},
	"290":{"id":290,"items":[[22,203400],[1,164500]]},
	"291":{"id":291,"items":[[22,204000],[1,165000]]},
	"292":{"id":292,"items":[[22,204600],[1,165500]]},
	"293":{"id":293,"items":[[22,205200],[1,166000]]},
	"294":{"id":294,"items":[[22,205800],[1,166500]]},
	"295":{"id":295,"items":[[22,206400],[1,167000]]},
	"296":{"id":296,"items":[[22,207000],[1,167500]]},
	"297":{"id":297,"items":[[22,207600],[1,168000]]},
	"298":{"id":298,"items":[[22,208200],[1,168500]]},
	"299":{"id":299,"items":[[22,208800],[1,169000]]},
	"300":{"id":300,"items":[[22,209400],[1,169500]]},
	"301":{"id":301,"items":[[22,210000],[1,170000]]},
	"302":{"id":302,"items":[[22,210600],[1,170500]]},
	"303":{"id":303,"items":[[22,211200],[1,171000]]},
	"304":{"id":304,"items":[[22,211800],[1,171500]]},
	"305":{"id":305,"items":[[22,212400],[1,172000]]},
	"306":{"id":306,"items":[[22,213000],[1,172500]]},
	"307":{"id":307,"items":[[22,213600],[1,173000]]},
	"308":{"id":308,"items":[[22,214200],[1,173500]]},
	"309":{"id":309,"items":[[22,214800],[1,174000]]},
	"310":{"id":310,"items":[[22,215400],[1,174500]]},
	"311":{"id":311,"items":[[22,216000],[1,175000]]},
	"312":{"id":312,"items":[[22,216600],[1,175500]]},
	"313":{"id":313,"items":[[22,217200],[1,176000]]},
	"314":{"id":314,"items":[[22,217800],[1,176500]]},
	"315":{"id":315,"items":[[22,218400],[1,177000]]},
	"316":{"id":316,"items":[[22,219000],[1,177500]]},
	"317":{"id":317,"items":[[22,219600],[1,178000]]},
	"318":{"id":318,"items":[[22,220200],[1,178500]]},
	"319":{"id":319,"items":[[22,220800],[1,179000]]},
	"320":{"id":320,"items":[[22,221400],[1,179500]]},
	"321":{"id":321,"items":[[22,222000],[1,180000]]},
	"322":{"id":322,"items":[[22,222600],[1,180500]]},
	"323":{"id":323,"items":[[22,223200],[1,181000]]},
	"324":{"id":324,"items":[[22,223800],[1,181500]]},
	"325":{"id":325,"items":[[22,224400],[1,182000]]},
	"326":{"id":326,"items":[[22,225000],[1,182500]]},
	"327":{"id":327,"items":[[22,225600],[1,183000]]},
	"328":{"id":328,"items":[[22,226200],[1,183500]]},
	"329":{"id":329,"items":[[22,226800],[1,184000]]},
	"330":{"id":330,"items":[[22,227400],[1,184500]]},
	"331":{"id":331,"items":[[22,228000],[1,185000]]},
	"332":{"id":332,"items":[[22,228600],[1,185500]]},
	"333":{"id":333,"items":[[22,229200],[1,186000]]},
	"334":{"id":334,"items":[[22,229800],[1,186500]]},
	"335":{"id":335,"items":[[22,230400],[1,187000]]},
	"336":{"id":336,"items":[[22,231000],[1,187500]]},
	"337":{"id":337,"items":[[22,231600],[1,188000]]},
	"338":{"id":338,"items":[[22,232200],[1,188500]]},
	"339":{"id":339,"items":[[22,232800],[1,189000]]},
	"340":{"id":340,"items":[[22,233400],[1,189500]]},
	"341":{"id":341,"items":[[22,234000],[1,190000]]},
	"342":{"id":342,"items":[[22,234600],[1,190500]]},
	"343":{"id":343,"items":[[22,235200],[1,191000]]},
	"344":{"id":344,"items":[[22,235800],[1,191500]]},
	"345":{"id":345,"items":[[22,236400],[1,192000]]},
	"346":{"id":346,"items":[[22,237000],[1,192500]]},
	"347":{"id":347,"items":[[22,237600],[1,193000]]},
	"348":{"id":348,"items":[[22,238200],[1,193500]]},
	"349":{"id":349,"items":[[22,238800],[1,194000]]},
	"350":{"id":350,"items":[[22,239400],[1,194500]]},
	"351":{"id":351,"items":[[22,240000],[1,195000]]},
	"352":{"id":352,"items":[[22,240600],[1,195500]]},
	"353":{"id":353,"items":[[22,241200],[1,196000]]},
	"354":{"id":354,"items":[[22,241800],[1,196500]]},
	"355":{"id":355,"items":[[22,242400],[1,197000]]},
	"356":{"id":356,"items":[[22,243000],[1,197500]]},
	"357":{"id":357,"items":[[22,243600],[1,198000]]},
	"358":{"id":358,"items":[[22,244200],[1,198500]]},
	"359":{"id":359,"items":[[22,244800],[1,199000]]},
	"360":{"id":360,"items":[[22,245400],[1,199500]]},
	"361":{"id":361,"items":[[22,246000],[1,200000]]},
	"362":{"id":362,"items":[[22,246600],[1,200500]]},
	"363":{"id":363,"items":[[22,247200],[1,201000]]},
	"364":{"id":364,"items":[[22,247800],[1,201500]]},
	"365":{"id":365,"items":[[22,248400],[1,202000]]},
	"366":{"id":366,"items":[[22,249000],[1,202500]]},
	"367":{"id":367,"items":[[22,249600],[1,203000]]},
	"368":{"id":368,"items":[[22,250200],[1,203500]]},
	"369":{"id":369,"items":[[22,250800],[1,204000]]},
	"370":{"id":370,"items":[[22,251400],[1,204500]]},
	"371":{"id":371,"items":[[22,252000],[1,205000]]},
	"372":{"id":372,"items":[[22,252600],[1,205500]]},
	"373":{"id":373,"items":[[22,253200],[1,206000]]},
	"374":{"id":374,"items":[[22,253800],[1,206500]]},
	"375":{"id":375,"items":[[22,254400],[1,207000]]},
	"376":{"id":376,"items":[[22,255000],[1,207500]]},
	"377":{"id":377,"items":[[22,255600],[1,208000]]},
	"378":{"id":378,"items":[[22,256200],[1,208500]]},
	"379":{"id":379,"items":[[22,256800],[1,209000]]},
	"380":{"id":380,"items":[[22,257400],[1,209500]]},
	"381":{"id":381,"items":[[22,258000],[1,210000]]},
	"382":{"id":382,"items":[[22,258600],[1,210500]]},
	"383":{"id":383,"items":[[22,259200],[1,211000]]},
	"384":{"id":384,"items":[[22,259800],[1,211500]]},
	"385":{"id":385,"items":[[22,260400],[1,212000]]},
	"386":{"id":386,"items":[[22,261000],[1,212500]]},
	"387":{"id":387,"items":[[22,261600],[1,213000]]},
	"388":{"id":388,"items":[[22,262200],[1,213500]]},
	"389":{"id":389,"items":[[22,262800],[1,214000]]},
	"390":{"id":390,"items":[[22,263400],[1,214500]]},
	"391":{"id":391,"items":[[22,264000],[1,215000]]},
	"392":{"id":392,"items":[[22,264600],[1,215500]]},
	"393":{"id":393,"items":[[22,265200],[1,216000]]},
	"394":{"id":394,"items":[[22,265800],[1,216500]]},
	"395":{"id":395,"items":[[22,266400],[1,217000]]},
	"396":{"id":396,"items":[[22,267000],[1,217500]]},
	"397":{"id":397,"items":[[22,267600],[1,218000]]},
	"398":{"id":398,"items":[[22,268200],[1,218500]]},
	"399":{"id":399,"items":[[22,268800],[1,219000]]},
	"400":{"id":400,"items":[[22,269400],[1,219500]]}
},
"data_rank_reward_data_length" : 6,
"data_rank_reward_data" : [
{"min":1,"max":1,"items":[[10450,300],[22,500000]]},
{"min":2,"max":2,"items":[[10450,250],[22,400000]]},
{"min":3,"max":3,"items":[[10450,200],[22,300000]]},
{"min":4,"max":10,"items":[[10450,150],[22,250000]]},
{"min":11,"max":20,"items":[[10450,120],[22,200000]]},
{"min":21,"max":50,"items":[[10450,100],[22,150000]]}
],
"data_explain_length" : 2,
"data_explain" : {
	"1":{"id":1,"title":"一、玩法说明","desc":"1.该玩法中，玩家必须用一个队伍（最多5个英雄）连续战斗多场，每一关的难度都会比上一关更大；通关数越高奖励越丰厚，尽可能通过高的关数吧！\n2.每天挑战次数不限；每天<color=289b14>00:00</color>根据历史最高记录刷新起点关卡数，取历史最高通关数<color=289b14>往前10关</color>的关数作为起点\n3.挑战前玩家可选择一名好友的已派遣的支援英雄作为队伍中的一员，但不得选择超过【自身最高战力英雄战力*120%】战力的支援英雄\n4.玩家被好友征用支援英雄后，可获得<color=289b14>友情点</color>奖励，通过系统邮件发放\n5.战斗过程中不得更换英雄和阵法，战斗中英雄<color=289b14>血量的消耗</color>、<color=289b14>技能释放和冷却</color>都会被下一关继承；直到所有英雄阵亡，挑战结束\n6.玩家可中途操作退出本次挑战，退出后根据通关成绩结算奖励；若玩家长时间停留在选择增益效果阶段，系统会自动帮助玩家随机选择一个，继续挑战流程\n7.进入挑战后玩家需选择一种<color=289b14>增益效果</color>加强战斗能力，此后<color=289b14>每5关</color>会提供一次选择机会"},
	"2":{"id":2,"title":"二、奖励说明","desc":"1.日常奖励：每日挑战中，从起点开始的后10关，每通过1关会加成一次挑战奖励，每关的奖励每日只可加成一次，每天00:00重置；奖励内容为<color=289b14>金币</color>、<color=289b14>英雄经验</color>\n2.首通奖励：每战胜5波怪物可获一份首通奖励，需要手动领取，首通奖励只可领取一次\n3.排行榜奖励：每日00:00根据挑战关数排行榜中<color=289b14>名次</color>结算并发放奖励，请努力挑战更高的关数吧！"}
}
}