{"data_const_length" : 22,
"data_const" : {
	"open_lev":{"val":[["open_day",2],["lev",32]],"desc":"开服第2天且角色等级达32级开启"},
	"refresh_cost":{"val":[[1,1500]],"desc":"刷新订单品质消耗"},
	"steprefresh_cost":{"val":[[15,50]],"desc":"一键刷橙消耗（红蓝钻）"},
	"help_reward":{"val":500,"desc":"支援击退中，求助者奖励千分比"},
	"request_reward":{"val":500,"desc":"支援击退中，帮助者奖励千分比"},
	"escortput_limit":{"val":20,"desc":"推送雇佣兽个数上限"},
	"escort_time":{"val":3,"desc":"每日护送次数上限"},
	"plunder_time":{"val":5,"desc":"每日掠夺次数上限"},
	"revenge_time":{"val":5,"desc":"每日复仇次数上限"},
	"request_time":{"val":2,"desc":"每日求助盟友次数上限"},
	"help_time":{"val":3,"desc":"每日帮助他人次数上限"},
	"init_base":{"val":[[0,700],[1,200],[2,100]],"desc":"初始的随机库（品质,权重）"},
	"mon_plunder_limit":{"val":4,"desc":"每个雇佣兽被掠夺次数上限"},
	"double_time":{"val":[[[11,0,0],[13,0,0]],[[21,30,0],[22,30,0]]],"desc":"双倍奖励时间：11:00-13:00、21:30-22:30"},
	"revenge_reward":{"val":1500,"desc":"复仇成功奖励比例千分比（基数为被掠夺的奖励）"},
	"plunder_log_limit":{"val":10,"desc":"掠夺日志显示上限"},
	"beplunder_log_limit":{"val":10,"desc":"被掠夺日志显示上限"},
	"single_revenge_limit":{"val":2,"desc":"单次掠夺可复仇次数上限"},
	"request_colddown":{"val":3600,"desc":"求助cd（单位：秒）"},
	"quality_protect":{"val":4,"desc":"掠夺受保护的品质（包含以上）"},
	"free_refresh_time":{"val":3,"desc":"每日免费刷新次数"},
	"power_range":{"val":200,"desc":"跨服中优先匹配的战力范围"}
},
"data_baseinfo_length" : 5,
"data_baseinfo" : {
	"0":{"quality":0,"time":900,"res":"E20000","title":"鼠灰雇佣兽"},
	"1":{"quality":1,"time":900,"res":"E20010","title":"碧翠雇佣兽"},
	"2":{"quality":2,"time":900,"res":"E20020","title":"蔚蓝雇佣兽"},
	"3":{"quality":3,"time":900,"res":"E20030","title":"紫宸雇佣兽"},
	"4":{"quality":4,"time":900,"res":"E20040","title":"琥珀雇佣兽"}
},
"data_finish_length" : 5,
"data_finish" : [
{"end_time":0,"expend":[[15,10]]},
{"end_time":300,"expend":[[15,20]]},
{"end_time":600,"expend":[[15,30]]},
{"end_time":900,"expend":[[15,40]]},
{"end_time":1200,"expend":[[15,40]]}
],
"data_explain_length" : 1,
"data_explain" : {
	"1":{"id":1,"title":"一、玩法说明","desc":"1.选择的雇佣兽品质越高所获寻宝奖励越高；初始从<color=289b14>白、绿、蓝</color>雇佣兽品质中随机选中；每一次刷新有一定概率提高品质，且不会降低原来的品质\n2.雇佣后需要等待一段时间才能完成，等待时间内有可能会被其他玩家掠夺，被掠夺后会损失一部分奖励，橙品雇佣兽被掠夺后不会损失奖励；可通过快速完成立刻结束等待时间\n3.掠夺他人的雇佣兽品质越高，奖励越丰厚；每天只可掠夺他人<color=289b14>5次</color>；玩家若被掠夺，则可通过<color=289b14>复仇</color>或<color=289b14>请求帮友击退掠夺者</color>来挽回损失\n4.每日<color=289b14>11:00-13:00，21:30-22:30</color>时间段内，雇佣获得奖励翻倍，同时掠夺、复仇、请求支援所获的奖励也会翻倍\n5.每日的雇佣、掠夺、复仇、支援击退均有次数限制"}
},
"data_rewards_length" : 500,
"data_rewards" : {
	"0_1":{"quality":0,"lev":1,"award":[[5,5760],[2,120000],[10102,50]],"plunder_award":[[2,18000],[10102,7]]},
	"0_2":{"quality":0,"lev":2,"award":[[5,6080],[2,120000],[10102,50]],"plunder_award":[[2,18000],[10102,7]]},
	"0_3":{"quality":0,"lev":3,"award":[[5,6400],[2,120000],[10102,50]],"plunder_award":[[2,18000],[10102,7]]},
	"0_4":{"quality":0,"lev":4,"award":[[5,6720],[2,120000],[10102,50]],"plunder_award":[[2,18000],[10102,7]]},
	"0_5":{"quality":0,"lev":5,"award":[[5,7040],[2,120000],[10102,50]],"plunder_award":[[2,18000],[10102,7]]},
	"0_6":{"quality":0,"lev":6,"award":[[5,7360],[2,120000],[10102,50]],"plunder_award":[[2,18000],[10102,7]]},
	"0_7":{"quality":0,"lev":7,"award":[[5,7680],[2,120000],[10102,50]],"plunder_award":[[2,18000],[10102,7]]},
	"0_8":{"quality":0,"lev":8,"award":[[5,8000],[2,120000],[10102,50]],"plunder_award":[[2,18000],[10102,7]]},
	"0_9":{"quality":0,"lev":9,"award":[[5,8320],[2,120000],[10102,50]],"plunder_award":[[2,18000],[10102,7]]},
	"0_10":{"quality":0,"lev":10,"award":[[5,8640],[2,120000],[10102,50]],"plunder_award":[[2,18000],[10102,7]]},
	"0_11":{"quality":0,"lev":11,"award":[[5,8960],[2,120000],[10102,50]],"plunder_award":[[2,18000],[10102,7]]},
	"0_12":{"quality":0,"lev":12,"award":[[5,9280],[2,120000],[10102,50]],"plunder_award":[[2,18000],[10102,7]]},
	"0_13":{"quality":0,"lev":13,"award":[[5,9600],[2,120000],[10102,50]],"plunder_award":[[2,18000],[10102,7]]},
	"0_14":{"quality":0,"lev":14,"award":[[5,9920],[2,120000],[10102,50]],"plunder_award":[[2,18000],[10102,7]]},
	"0_15":{"quality":0,"lev":15,"award":[[5,10240],[2,120000],[10102,50]],"plunder_award":[[2,18000],[10102,7]]},
	"0_16":{"quality":0,"lev":16,"award":[[5,10560],[2,120000],[10102,50]],"plunder_award":[[2,18000],[10102,7]]},
	"0_17":{"quality":0,"lev":17,"award":[[5,10880],[2,120000],[10102,50]],"plunder_award":[[2,18000],[10102,7]]},
	"0_18":{"quality":0,"lev":18,"award":[[5,11200],[2,120000],[10102,50]],"plunder_award":[[2,18000],[10102,7]]},
	"0_19":{"quality":0,"lev":19,"award":[[5,11520],[2,120000],[10102,50]],"plunder_award":[[2,18000],[10102,7]]},
	"0_20":{"quality":0,"lev":20,"award":[[5,11840],[2,120000],[10102,50]],"plunder_award":[[2,18000],[10102,7]]},
	"0_21":{"quality":0,"lev":21,"award":[[5,12160],[2,120000],[10102,50]],"plunder_award":[[2,18000],[10102,7]]},
	"0_22":{"quality":0,"lev":22,"award":[[5,12480],[2,120000],[10102,50]],"plunder_award":[[2,18000],[10102,7]]},
	"0_23":{"quality":0,"lev":23,"award":[[5,12800],[2,120000],[10102,50]],"plunder_award":[[2,18000],[10102,7]]},
	"0_24":{"quality":0,"lev":24,"award":[[5,13120],[2,120000],[10102,50]],"plunder_award":[[2,18000],[10102,7]]},
	"0_25":{"quality":0,"lev":25,"award":[[5,13600],[2,120000],[10102,50]],"plunder_award":[[2,18000],[10102,7]]},
	"0_26":{"quality":0,"lev":26,"award":[[5,14080],[2,120000],[10102,50]],"plunder_award":[[2,18000],[10102,7]]},
	"0_27":{"quality":0,"lev":27,"award":[[5,14560],[2,120000],[10102,50]],"plunder_award":[[2,18000],[10102,7]]},
	"0_28":{"quality":0,"lev":28,"award":[[5,15040],[2,120000],[10102,50]],"plunder_award":[[2,18000],[10102,7]]},
	"0_29":{"quality":0,"lev":29,"award":[[5,15520],[2,120000],[10102,50]],"plunder_award":[[2,18000],[10102,7]]},
	"0_30":{"quality":0,"lev":30,"award":[[5,16000],[2,120000],[10102,50]],"plunder_award":[[2,18000],[10102,7]]},
	"0_31":{"quality":0,"lev":31,"award":[[5,16480],[2,200000],[10102,50]],"plunder_award":[[2,30000],[10102,7]]},
	"0_32":{"quality":0,"lev":32,"award":[[5,16960],[2,200000],[10102,50]],"plunder_award":[[2,30000],[10102,7]]},
	"0_33":{"quality":0,"lev":33,"award":[[5,17440],[2,200000],[10102,50]],"plunder_award":[[2,30000],[10102,7]]},
	"0_34":{"quality":0,"lev":34,"award":[[5,17920],[2,200000],[10102,50]],"plunder_award":[[2,30000],[10102,7]]},
	"0_35":{"quality":0,"lev":35,"award":[[5,18400],[2,200000],[10102,50]],"plunder_award":[[2,30000],[10102,7]]},
	"0_36":{"quality":0,"lev":36,"award":[[5,18880],[2,200000],[10102,50]],"plunder_award":[[2,30000],[10102,7]]},
	"0_37":{"quality":0,"lev":37,"award":[[5,19360],[2,200000],[10102,50]],"plunder_award":[[2,30000],[10102,7]]},
	"0_38":{"quality":0,"lev":38,"award":[[5,20000],[2,200000],[10102,50]],"plunder_award":[[2,30000],[10102,7]]},
	"0_39":{"quality":0,"lev":39,"award":[[5,20640],[2,200000],[10102,50]],"plunder_award":[[2,30000],[10102,7]]},
	"0_40":{"quality":0,"lev":40,"award":[[5,21280],[2,200000],[10102,50]],"plunder_award":[[2,30000],[10102,7]]},
	"0_41":{"quality":0,"lev":41,"award":[[5,21920],[2,200000],[10102,50]],"plunder_award":[[2,30000],[10102,7]]},
	"0_42":{"quality":0,"lev":42,"award":[[5,22560],[2,200000],[10102,50]],"plunder_award":[[2,30000],[10102,7]]},
	"0_43":{"quality":0,"lev":43,"award":[[5,23200],[2,200000],[10102,50]],"plunder_award":[[2,30000],[10102,7]]},
	"0_44":{"quality":0,"lev":44,"award":[[5,23840],[2,200000],[10102,50]],"plunder_award":[[2,30000],[10102,7]]},
	"0_45":{"quality":0,"lev":45,"award":[[5,24480],[2,200000],[10102,50]],"plunder_award":[[2,30000],[10102,7]]},
	"0_46":{"quality":0,"lev":46,"award":[[5,25120],[2,200000],[10102,50]],"plunder_award":[[2,30000],[10102,7]]},
	"0_47":{"quality":0,"lev":47,"award":[[5,25760],[2,200000],[10102,50]],"plunder_award":[[2,30000],[10102,7]]},
	"0_48":{"quality":0,"lev":48,"award":[[5,26400],[2,200000],[10102,50]],"plunder_award":[[2,30000],[10102,7]]},
	"0_49":{"quality":0,"lev":49,"award":[[5,27040],[2,200000],[10102,50]],"plunder_award":[[2,30000],[10102,7]]},
	"0_50":{"quality":0,"lev":50,"award":[[5,27840],[2,200000],[10102,50]],"plunder_award":[[2,30000],[10102,7]]},
	"0_51":{"quality":0,"lev":51,"award":[[5,28640],[2,200000],[10102,50]],"plunder_award":[[2,30000],[10102,7]]},
	"0_52":{"quality":0,"lev":52,"award":[[5,29440],[2,200000],[10102,50]],"plunder_award":[[2,30000],[10102,7]]},
	"0_53":{"quality":0,"lev":53,"award":[[5,30240],[2,200000],[10102,50]],"plunder_award":[[2,30000],[10102,7]]},
	"0_54":{"quality":0,"lev":54,"award":[[5,31040],[2,200000],[10102,50]],"plunder_award":[[2,30000],[10102,7]]},
	"0_55":{"quality":0,"lev":55,"award":[[5,31840],[2,200000],[10102,50]],"plunder_award":[[2,30000],[10102,7]]},
	"0_56":{"quality":0,"lev":56,"award":[[5,32640],[2,200000],[10102,50]],"plunder_award":[[2,30000],[10102,7]]},
	"0_57":{"quality":0,"lev":57,"award":[[5,33440],[2,200000],[10102,50]],"plunder_award":[[2,30000],[10102,7]]},
	"0_58":{"quality":0,"lev":58,"award":[[5,34240],[2,200000],[10102,50]],"plunder_award":[[2,30000],[10102,7]]},
	"0_59":{"quality":0,"lev":59,"award":[[5,35040],[2,200000],[10102,50]],"plunder_award":[[2,30000],[10102,7]]},
	"0_60":{"quality":0,"lev":60,"award":[[5,35232],[2,200000],[10102,50]],"plunder_award":[[2,30000],[10102,7]]},
	"0_61":{"quality":0,"lev":61,"award":[[5,35424],[2,200000],[10102,50]],"plunder_award":[[2,30000],[10102,7]]},
	"0_62":{"quality":0,"lev":62,"award":[[5,35616],[2,200000],[10102,50]],"plunder_award":[[2,30000],[10102,7]]},
	"0_63":{"quality":0,"lev":63,"award":[[5,35808],[2,200000],[10102,50]],"plunder_award":[[2,30000],[10102,7]]},
	"0_64":{"quality":0,"lev":64,"award":[[5,36000],[2,200000],[10102,50]],"plunder_award":[[2,30000],[10102,7]]},
	"0_65":{"quality":0,"lev":65,"award":[[5,36192],[2,200000],[10102,50]],"plunder_award":[[2,30000],[10102,7]]},
	"0_66":{"quality":0,"lev":66,"award":[[5,36384],[2,200000],[10102,50]],"plunder_award":[[2,30000],[10102,7]]},
	"0_67":{"quality":0,"lev":67,"award":[[5,36576],[2,200000],[10102,50]],"plunder_award":[[2,30000],[10102,7]]},
	"0_68":{"quality":0,"lev":68,"award":[[5,36768],[2,200000],[10102,50]],"plunder_award":[[2,30000],[10102,7]]},
	"0_69":{"quality":0,"lev":69,"award":[[5,36992],[2,200000],[10102,50]],"plunder_award":[[2,30000],[10102,7]]},
	"0_70":{"quality":0,"lev":70,"award":[[5,37216],[2,200000],[10102,50]],"plunder_award":[[2,30000],[10102,7]]},
	"0_71":{"quality":0,"lev":71,"award":[[5,37440],[2,200000],[10102,50]],"plunder_award":[[2,30000],[10102,7]]},
	"0_72":{"quality":0,"lev":72,"award":[[5,37664],[2,200000],[10102,50]],"plunder_award":[[2,30000],[10102,7]]},
	"0_73":{"quality":0,"lev":73,"award":[[5,37888],[2,200000],[10102,50]],"plunder_award":[[2,30000],[10102,7]]},
	"0_74":{"quality":0,"lev":74,"award":[[5,38112],[2,200000],[10102,50]],"plunder_award":[[2,30000],[10102,7]]},
	"0_75":{"quality":0,"lev":75,"award":[[5,38368],[2,200000],[10102,50]],"plunder_award":[[2,30000],[10102,7]]},
	"0_76":{"quality":0,"lev":76,"award":[[5,38624],[2,200000],[10102,50]],"plunder_award":[[2,30000],[10102,7]]},
	"0_77":{"quality":0,"lev":77,"award":[[5,38880],[2,200000],[10102,50]],"plunder_award":[[2,30000],[10102,7]]},
	"0_78":{"quality":0,"lev":78,"award":[[5,39136],[2,200000],[10102,50]],"plunder_award":[[2,30000],[10102,7]]},
	"0_79":{"quality":0,"lev":79,"award":[[5,39392],[2,200000],[10102,50]],"plunder_award":[[2,30000],[10102,7]]},
	"0_80":{"quality":0,"lev":80,"award":[[5,39648],[2,200000],[10102,50]],"plunder_award":[[2,30000],[10102,7]]},
	"0_81":{"quality":0,"lev":81,"award":[[5,39904],[2,200000],[10102,50]],"plunder_award":[[2,30000],[10102,7]]},
	"0_82":{"quality":0,"lev":82,"award":[[5,40192],[2,200000],[10102,50]],"plunder_award":[[2,30000],[10102,7]]},
	"0_83":{"quality":0,"lev":83,"award":[[5,40480],[2,200000],[10102,50]],"plunder_award":[[2,30000],[10102,7]]},
	"0_84":{"quality":0,"lev":84,"award":[[5,40768],[2,200000],[10102,50]],"plunder_award":[[2,30000],[10102,7]]},
	"0_85":{"quality":0,"lev":85,"award":[[5,41056],[2,200000],[10102,50]],"plunder_award":[[2,30000],[10102,7]]},
	"0_86":{"quality":0,"lev":86,"award":[[5,41344],[2,200000],[10102,50]],"plunder_award":[[2,30000],[10102,7]]},
	"0_87":{"quality":0,"lev":87,"award":[[5,41632],[2,200000],[10102,50]],"plunder_award":[[2,30000],[10102,7]]},
	"0_88":{"quality":0,"lev":88,"award":[[5,41920],[2,200000],[10102,50]],"plunder_award":[[2,30000],[10102,7]]},
	"0_89":{"quality":0,"lev":89,"award":[[5,42208],[2,200000],[10102,50]],"plunder_award":[[2,30000],[10102,7]]},
	"0_90":{"quality":0,"lev":90,"award":[[5,42496],[2,200000],[10102,50]],"plunder_award":[[2,30000],[10102,7]]},
	"0_91":{"quality":0,"lev":91,"award":[[5,42784],[2,200000],[10102,50]],"plunder_award":[[2,30000],[10102,7]]},
	"0_92":{"quality":0,"lev":92,"award":[[5,43072],[2,200000],[10102,50]],"plunder_award":[[2,30000],[10102,7]]},
	"0_93":{"quality":0,"lev":93,"award":[[5,43360],[2,200000],[10102,50]],"plunder_award":[[2,30000],[10102,7]]},
	"0_94":{"quality":0,"lev":94,"award":[[5,43648],[2,200000],[10102,50]],"plunder_award":[[2,30000],[10102,7]]},
	"0_95":{"quality":0,"lev":95,"award":[[5,43936],[2,200000],[10102,50]],"plunder_award":[[2,30000],[10102,7]]},
	"0_96":{"quality":0,"lev":96,"award":[[5,44224],[2,200000],[10102,50]],"plunder_award":[[2,30000],[10102,7]]},
	"0_97":{"quality":0,"lev":97,"award":[[5,44512],[2,200000],[10102,50]],"plunder_award":[[2,30000],[10102,7]]},
	"0_98":{"quality":0,"lev":98,"award":[[5,44800],[2,200000],[10102,50]],"plunder_award":[[2,30000],[10102,7]]},
	"0_99":{"quality":0,"lev":99,"award":[[5,45088],[2,200000],[10102,50]],"plunder_award":[[2,30000],[10102,7]]},
	"0_100":{"quality":0,"lev":100,"award":[[5,45376],[2,200000],[10102,50]],"plunder_award":[[2,30000],[10102,7]]},
	"1_1":{"quality":1,"lev":1,"award":[[5,7200],[2,150000],[10102,75]],"plunder_award":[[2,22500],[10102,11]]},
	"1_2":{"quality":1,"lev":2,"award":[[5,7600],[2,150000],[10102,75]],"plunder_award":[[2,22500],[10102,11]]},
	"1_3":{"quality":1,"lev":3,"award":[[5,8000],[2,150000],[10102,75]],"plunder_award":[[2,22500],[10102,11]]},
	"1_4":{"quality":1,"lev":4,"award":[[5,8400],[2,150000],[10102,75]],"plunder_award":[[2,22500],[10102,11]]},
	"1_5":{"quality":1,"lev":5,"award":[[5,8800],[2,150000],[10102,75]],"plunder_award":[[2,22500],[10102,11]]},
	"1_6":{"quality":1,"lev":6,"award":[[5,9200],[2,150000],[10102,75]],"plunder_award":[[2,22500],[10102,11]]},
	"1_7":{"quality":1,"lev":7,"award":[[5,9600],[2,150000],[10102,75]],"plunder_award":[[2,22500],[10102,11]]},
	"1_8":{"quality":1,"lev":8,"award":[[5,10000],[2,150000],[10102,75]],"plunder_award":[[2,22500],[10102,11]]},
	"1_9":{"quality":1,"lev":9,"award":[[5,10400],[2,150000],[10102,75]],"plunder_award":[[2,22500],[10102,11]]},
	"1_10":{"quality":1,"lev":10,"award":[[5,10800],[2,150000],[10102,75]],"plunder_award":[[2,22500],[10102,11]]},
	"1_11":{"quality":1,"lev":11,"award":[[5,11200],[2,150000],[10102,75]],"plunder_award":[[2,22500],[10102,11]]},
	"1_12":{"quality":1,"lev":12,"award":[[5,11600],[2,150000],[10102,75]],"plunder_award":[[2,22500],[10102,11]]},
	"1_13":{"quality":1,"lev":13,"award":[[5,12000],[2,150000],[10102,75]],"plunder_award":[[2,22500],[10102,11]]},
	"1_14":{"quality":1,"lev":14,"award":[[5,12400],[2,150000],[10102,75]],"plunder_award":[[2,22500],[10102,11]]},
	"1_15":{"quality":1,"lev":15,"award":[[5,12800],[2,150000],[10102,75]],"plunder_award":[[2,22500],[10102,11]]},
	"1_16":{"quality":1,"lev":16,"award":[[5,13200],[2,150000],[10102,75]],"plunder_award":[[2,22500],[10102,11]]},
	"1_17":{"quality":1,"lev":17,"award":[[5,13600],[2,150000],[10102,75]],"plunder_award":[[2,22500],[10102,11]]},
	"1_18":{"quality":1,"lev":18,"award":[[5,14000],[2,150000],[10102,75]],"plunder_award":[[2,22500],[10102,11]]},
	"1_19":{"quality":1,"lev":19,"award":[[5,14400],[2,150000],[10102,75]],"plunder_award":[[2,22500],[10102,11]]},
	"1_20":{"quality":1,"lev":20,"award":[[5,14800],[2,150000],[10102,75]],"plunder_award":[[2,22500],[10102,11]]},
	"1_21":{"quality":1,"lev":21,"award":[[5,15200],[2,150000],[10102,75]],"plunder_award":[[2,22500],[10102,11]]},
	"1_22":{"quality":1,"lev":22,"award":[[5,15600],[2,150000],[10102,75]],"plunder_award":[[2,22500],[10102,11]]},
	"1_23":{"quality":1,"lev":23,"award":[[5,16000],[2,150000],[10102,75]],"plunder_award":[[2,22500],[10102,11]]},
	"1_24":{"quality":1,"lev":24,"award":[[5,16400],[2,150000],[10102,75]],"plunder_award":[[2,22500],[10102,11]]},
	"1_25":{"quality":1,"lev":25,"award":[[5,17000],[2,150000],[10102,75]],"plunder_award":[[2,22500],[10102,11]]},
	"1_26":{"quality":1,"lev":26,"award":[[5,17600],[2,150000],[10102,75]],"plunder_award":[[2,22500],[10102,11]]},
	"1_27":{"quality":1,"lev":27,"award":[[5,18200],[2,150000],[10102,75]],"plunder_award":[[2,22500],[10102,11]]},
	"1_28":{"quality":1,"lev":28,"award":[[5,18800],[2,150000],[10102,75]],"plunder_award":[[2,22500],[10102,11]]},
	"1_29":{"quality":1,"lev":29,"award":[[5,19400],[2,150000],[10102,75]],"plunder_award":[[2,22500],[10102,11]]},
	"1_30":{"quality":1,"lev":30,"award":[[5,20000],[2,150000],[10102,75]],"plunder_award":[[2,22500],[10102,11]]},
	"1_31":{"quality":1,"lev":31,"award":[[5,20600],[2,250000],[10102,75]],"plunder_award":[[2,37500],[10102,11]]},
	"1_32":{"quality":1,"lev":32,"award":[[5,21200],[2,250000],[10102,75]],"plunder_award":[[2,37500],[10102,11]]},
	"1_33":{"quality":1,"lev":33,"award":[[5,21800],[2,250000],[10102,75]],"plunder_award":[[2,37500],[10102,11]]},
	"1_34":{"quality":1,"lev":34,"award":[[5,22400],[2,250000],[10102,75]],"plunder_award":[[2,37500],[10102,11]]},
	"1_35":{"quality":1,"lev":35,"award":[[5,23000],[2,250000],[10102,75]],"plunder_award":[[2,37500],[10102,11]]},
	"1_36":{"quality":1,"lev":36,"award":[[5,23600],[2,250000],[10102,75]],"plunder_award":[[2,37500],[10102,11]]},
	"1_37":{"quality":1,"lev":37,"award":[[5,24200],[2,250000],[10102,75]],"plunder_award":[[2,37500],[10102,11]]},
	"1_38":{"quality":1,"lev":38,"award":[[5,25000],[2,250000],[10102,75]],"plunder_award":[[2,37500],[10102,11]]},
	"1_39":{"quality":1,"lev":39,"award":[[5,25800],[2,250000],[10102,75]],"plunder_award":[[2,37500],[10102,11]]},
	"1_40":{"quality":1,"lev":40,"award":[[5,26600],[2,250000],[10102,75]],"plunder_award":[[2,37500],[10102,11]]},
	"1_41":{"quality":1,"lev":41,"award":[[5,27400],[2,250000],[10102,75]],"plunder_award":[[2,37500],[10102,11]]},
	"1_42":{"quality":1,"lev":42,"award":[[5,28200],[2,250000],[10102,75]],"plunder_award":[[2,37500],[10102,11]]},
	"1_43":{"quality":1,"lev":43,"award":[[5,29000],[2,250000],[10102,75]],"plunder_award":[[2,37500],[10102,11]]},
	"1_44":{"quality":1,"lev":44,"award":[[5,29800],[2,250000],[10102,75]],"plunder_award":[[2,37500],[10102,11]]},
	"1_45":{"quality":1,"lev":45,"award":[[5,30600],[2,250000],[10102,75]],"plunder_award":[[2,37500],[10102,11]]},
	"1_46":{"quality":1,"lev":46,"award":[[5,31400],[2,250000],[10102,75]],"plunder_award":[[2,37500],[10102,11]]},
	"1_47":{"quality":1,"lev":47,"award":[[5,32200],[2,250000],[10102,75]],"plunder_award":[[2,37500],[10102,11]]},
	"1_48":{"quality":1,"lev":48,"award":[[5,33000],[2,250000],[10102,75]],"plunder_award":[[2,37500],[10102,11]]},
	"1_49":{"quality":1,"lev":49,"award":[[5,33800],[2,250000],[10102,75]],"plunder_award":[[2,37500],[10102,11]]},
	"1_50":{"quality":1,"lev":50,"award":[[5,34800],[2,250000],[10102,75]],"plunder_award":[[2,37500],[10102,11]]},
	"1_51":{"quality":1,"lev":51,"award":[[5,35800],[2,250000],[10102,75]],"plunder_award":[[2,37500],[10102,11]]},
	"1_52":{"quality":1,"lev":52,"award":[[5,36800],[2,250000],[10102,75]],"plunder_award":[[2,37500],[10102,11]]},
	"1_53":{"quality":1,"lev":53,"award":[[5,37800],[2,250000],[10102,75]],"plunder_award":[[2,37500],[10102,11]]},
	"1_54":{"quality":1,"lev":54,"award":[[5,38800],[2,250000],[10102,75]],"plunder_award":[[2,37500],[10102,11]]},
	"1_55":{"quality":1,"lev":55,"award":[[5,39800],[2,250000],[10102,75]],"plunder_award":[[2,37500],[10102,11]]},
	"1_56":{"quality":1,"lev":56,"award":[[5,40800],[2,250000],[10102,75]],"plunder_award":[[2,37500],[10102,11]]},
	"1_57":{"quality":1,"lev":57,"award":[[5,41800],[2,250000],[10102,75]],"plunder_award":[[2,37500],[10102,11]]},
	"1_58":{"quality":1,"lev":58,"award":[[5,42800],[2,250000],[10102,75]],"plunder_award":[[2,37500],[10102,11]]},
	"1_59":{"quality":1,"lev":59,"award":[[5,43800],[2,250000],[10102,75]],"plunder_award":[[2,37500],[10102,11]]},
	"1_60":{"quality":1,"lev":60,"award":[[5,44040],[2,250000],[10102,75]],"plunder_award":[[2,37500],[10102,11]]},
	"1_61":{"quality":1,"lev":61,"award":[[5,44280],[2,250000],[10102,75]],"plunder_award":[[2,37500],[10102,11]]},
	"1_62":{"quality":1,"lev":62,"award":[[5,44520],[2,250000],[10102,75]],"plunder_award":[[2,37500],[10102,11]]},
	"1_63":{"quality":1,"lev":63,"award":[[5,44760],[2,250000],[10102,75]],"plunder_award":[[2,37500],[10102,11]]},
	"1_64":{"quality":1,"lev":64,"award":[[5,45000],[2,250000],[10102,75]],"plunder_award":[[2,37500],[10102,11]]},
	"1_65":{"quality":1,"lev":65,"award":[[5,45240],[2,250000],[10102,75]],"plunder_award":[[2,37500],[10102,11]]},
	"1_66":{"quality":1,"lev":66,"award":[[5,45480],[2,250000],[10102,75]],"plunder_award":[[2,37500],[10102,11]]},
	"1_67":{"quality":1,"lev":67,"award":[[5,45720],[2,250000],[10102,75]],"plunder_award":[[2,37500],[10102,11]]},
	"1_68":{"quality":1,"lev":68,"award":[[5,45960],[2,250000],[10102,75]],"plunder_award":[[2,37500],[10102,11]]},
	"1_69":{"quality":1,"lev":69,"award":[[5,46240],[2,250000],[10102,75]],"plunder_award":[[2,37500],[10102,11]]},
	"1_70":{"quality":1,"lev":70,"award":[[5,46520],[2,250000],[10102,75]],"plunder_award":[[2,37500],[10102,11]]},
	"1_71":{"quality":1,"lev":71,"award":[[5,46800],[2,250000],[10102,75]],"plunder_award":[[2,37500],[10102,11]]},
	"1_72":{"quality":1,"lev":72,"award":[[5,47080],[2,250000],[10102,75]],"plunder_award":[[2,37500],[10102,11]]},
	"1_73":{"quality":1,"lev":73,"award":[[5,47360],[2,250000],[10102,75]],"plunder_award":[[2,37500],[10102,11]]},
	"1_74":{"quality":1,"lev":74,"award":[[5,47640],[2,250000],[10102,75]],"plunder_award":[[2,37500],[10102,11]]},
	"1_75":{"quality":1,"lev":75,"award":[[5,47960],[2,250000],[10102,75]],"plunder_award":[[2,37500],[10102,11]]},
	"1_76":{"quality":1,"lev":76,"award":[[5,48280],[2,250000],[10102,75]],"plunder_award":[[2,37500],[10102,11]]},
	"1_77":{"quality":1,"lev":77,"award":[[5,48600],[2,250000],[10102,75]],"plunder_award":[[2,37500],[10102,11]]},
	"1_78":{"quality":1,"lev":78,"award":[[5,48920],[2,250000],[10102,75]],"plunder_award":[[2,37500],[10102,11]]},
	"1_79":{"quality":1,"lev":79,"award":[[5,49240],[2,250000],[10102,75]],"plunder_award":[[2,37500],[10102,11]]},
	"1_80":{"quality":1,"lev":80,"award":[[5,49560],[2,250000],[10102,75]],"plunder_award":[[2,37500],[10102,11]]},
	"1_81":{"quality":1,"lev":81,"award":[[5,49880],[2,250000],[10102,75]],"plunder_award":[[2,37500],[10102,11]]},
	"1_82":{"quality":1,"lev":82,"award":[[5,50240],[2,250000],[10102,75]],"plunder_award":[[2,37500],[10102,11]]},
	"1_83":{"quality":1,"lev":83,"award":[[5,50600],[2,250000],[10102,75]],"plunder_award":[[2,37500],[10102,11]]},
	"1_84":{"quality":1,"lev":84,"award":[[5,50960],[2,250000],[10102,75]],"plunder_award":[[2,37500],[10102,11]]},
	"1_85":{"quality":1,"lev":85,"award":[[5,51320],[2,250000],[10102,75]],"plunder_award":[[2,37500],[10102,11]]},
	"1_86":{"quality":1,"lev":86,"award":[[5,51680],[2,250000],[10102,75]],"plunder_award":[[2,37500],[10102,11]]},
	"1_87":{"quality":1,"lev":87,"award":[[5,52040],[2,250000],[10102,75]],"plunder_award":[[2,37500],[10102,11]]},
	"1_88":{"quality":1,"lev":88,"award":[[5,52400],[2,250000],[10102,75]],"plunder_award":[[2,37500],[10102,11]]},
	"1_89":{"quality":1,"lev":89,"award":[[5,52760],[2,250000],[10102,75]],"plunder_award":[[2,37500],[10102,11]]},
	"1_90":{"quality":1,"lev":90,"award":[[5,53120],[2,250000],[10102,75]],"plunder_award":[[2,37500],[10102,11]]},
	"1_91":{"quality":1,"lev":91,"award":[[5,53480],[2,250000],[10102,75]],"plunder_award":[[2,37500],[10102,11]]},
	"1_92":{"quality":1,"lev":92,"award":[[5,53840],[2,250000],[10102,75]],"plunder_award":[[2,37500],[10102,11]]},
	"1_93":{"quality":1,"lev":93,"award":[[5,54200],[2,250000],[10102,75]],"plunder_award":[[2,37500],[10102,11]]},
	"1_94":{"quality":1,"lev":94,"award":[[5,54560],[2,250000],[10102,75]],"plunder_award":[[2,37500],[10102,11]]},
	"1_95":{"quality":1,"lev":95,"award":[[5,54920],[2,250000],[10102,75]],"plunder_award":[[2,37500],[10102,11]]},
	"1_96":{"quality":1,"lev":96,"award":[[5,55280],[2,250000],[10102,75]],"plunder_award":[[2,37500],[10102,11]]},
	"1_97":{"quality":1,"lev":97,"award":[[5,55640],[2,250000],[10102,75]],"plunder_award":[[2,37500],[10102,11]]},
	"1_98":{"quality":1,"lev":98,"award":[[5,56000],[2,250000],[10102,75]],"plunder_award":[[2,37500],[10102,11]]},
	"1_99":{"quality":1,"lev":99,"award":[[5,56360],[2,250000],[10102,75]],"plunder_award":[[2,37500],[10102,11]]},
	"1_100":{"quality":1,"lev":100,"award":[[5,56720],[2,250000],[10102,75]],"plunder_award":[[2,37500],[10102,11]]},
	"2_1":{"quality":2,"lev":1,"award":[[5,8640],[2,180000],[10102,100]],"plunder_award":[[2,27000],[10102,15]]},
	"2_2":{"quality":2,"lev":2,"award":[[5,9120],[2,180000],[10102,100]],"plunder_award":[[2,27000],[10102,15]]},
	"2_3":{"quality":2,"lev":3,"award":[[5,9600],[2,180000],[10102,100]],"plunder_award":[[2,27000],[10102,15]]},
	"2_4":{"quality":2,"lev":4,"award":[[5,10080],[2,180000],[10102,100]],"plunder_award":[[2,27000],[10102,15]]},
	"2_5":{"quality":2,"lev":5,"award":[[5,10560],[2,180000],[10102,100]],"plunder_award":[[2,27000],[10102,15]]},
	"2_6":{"quality":2,"lev":6,"award":[[5,11040],[2,180000],[10102,100]],"plunder_award":[[2,27000],[10102,15]]},
	"2_7":{"quality":2,"lev":7,"award":[[5,11520],[2,180000],[10102,100]],"plunder_award":[[2,27000],[10102,15]]},
	"2_8":{"quality":2,"lev":8,"award":[[5,12000],[2,180000],[10102,100]],"plunder_award":[[2,27000],[10102,15]]},
	"2_9":{"quality":2,"lev":9,"award":[[5,12480],[2,180000],[10102,100]],"plunder_award":[[2,27000],[10102,15]]},
	"2_10":{"quality":2,"lev":10,"award":[[5,12960],[2,180000],[10102,100]],"plunder_award":[[2,27000],[10102,15]]},
	"2_11":{"quality":2,"lev":11,"award":[[5,13440],[2,180000],[10102,100]],"plunder_award":[[2,27000],[10102,15]]},
	"2_12":{"quality":2,"lev":12,"award":[[5,13920],[2,180000],[10102,100]],"plunder_award":[[2,27000],[10102,15]]},
	"2_13":{"quality":2,"lev":13,"award":[[5,14400],[2,180000],[10102,100]],"plunder_award":[[2,27000],[10102,15]]},
	"2_14":{"quality":2,"lev":14,"award":[[5,14880],[2,180000],[10102,100]],"plunder_award":[[2,27000],[10102,15]]},
	"2_15":{"quality":2,"lev":15,"award":[[5,15360],[2,180000],[10102,100]],"plunder_award":[[2,27000],[10102,15]]},
	"2_16":{"quality":2,"lev":16,"award":[[5,15840],[2,180000],[10102,100]],"plunder_award":[[2,27000],[10102,15]]},
	"2_17":{"quality":2,"lev":17,"award":[[5,16320],[2,180000],[10102,100]],"plunder_award":[[2,27000],[10102,15]]},
	"2_18":{"quality":2,"lev":18,"award":[[5,16800],[2,180000],[10102,100]],"plunder_award":[[2,27000],[10102,15]]},
	"2_19":{"quality":2,"lev":19,"award":[[5,17280],[2,180000],[10102,100]],"plunder_award":[[2,27000],[10102,15]]},
	"2_20":{"quality":2,"lev":20,"award":[[5,17760],[2,180000],[10102,100]],"plunder_award":[[2,27000],[10102,15]]},
	"2_21":{"quality":2,"lev":21,"award":[[5,18240],[2,180000],[10102,100]],"plunder_award":[[2,27000],[10102,15]]},
	"2_22":{"quality":2,"lev":22,"award":[[5,18720],[2,180000],[10102,100]],"plunder_award":[[2,27000],[10102,15]]},
	"2_23":{"quality":2,"lev":23,"award":[[5,19200],[2,180000],[10102,100]],"plunder_award":[[2,27000],[10102,15]]},
	"2_24":{"quality":2,"lev":24,"award":[[5,19680],[2,180000],[10102,100]],"plunder_award":[[2,27000],[10102,15]]},
	"2_25":{"quality":2,"lev":25,"award":[[5,20400],[2,180000],[10102,100]],"plunder_award":[[2,27000],[10102,15]]},
	"2_26":{"quality":2,"lev":26,"award":[[5,21120],[2,180000],[10102,100]],"plunder_award":[[2,27000],[10102,15]]},
	"2_27":{"quality":2,"lev":27,"award":[[5,21840],[2,180000],[10102,100]],"plunder_award":[[2,27000],[10102,15]]},
	"2_28":{"quality":2,"lev":28,"award":[[5,22560],[2,180000],[10102,100]],"plunder_award":[[2,27000],[10102,15]]},
	"2_29":{"quality":2,"lev":29,"award":[[5,23280],[2,180000],[10102,100]],"plunder_award":[[2,27000],[10102,15]]},
	"2_30":{"quality":2,"lev":30,"award":[[5,24000],[2,180000],[10102,100]],"plunder_award":[[2,27000],[10102,15]]},
	"2_31":{"quality":2,"lev":31,"award":[[5,24720],[2,300000],[10102,100]],"plunder_award":[[2,45000],[10102,15]]},
	"2_32":{"quality":2,"lev":32,"award":[[5,25440],[2,300000],[10102,100]],"plunder_award":[[2,45000],[10102,15]]},
	"2_33":{"quality":2,"lev":33,"award":[[5,26160],[2,300000],[10102,100]],"plunder_award":[[2,45000],[10102,15]]},
	"2_34":{"quality":2,"lev":34,"award":[[5,26880],[2,300000],[10102,100]],"plunder_award":[[2,45000],[10102,15]]},
	"2_35":{"quality":2,"lev":35,"award":[[5,27600],[2,300000],[10102,100]],"plunder_award":[[2,45000],[10102,15]]},
	"2_36":{"quality":2,"lev":36,"award":[[5,28320],[2,300000],[10102,100]],"plunder_award":[[2,45000],[10102,15]]},
	"2_37":{"quality":2,"lev":37,"award":[[5,29040],[2,300000],[10102,100]],"plunder_award":[[2,45000],[10102,15]]},
	"2_38":{"quality":2,"lev":38,"award":[[5,30000],[2,300000],[10102,100]],"plunder_award":[[2,45000],[10102,15]]},
	"2_39":{"quality":2,"lev":39,"award":[[5,30960],[2,300000],[10102,100]],"plunder_award":[[2,45000],[10102,15]]},
	"2_40":{"quality":2,"lev":40,"award":[[5,31920],[2,300000],[10102,100]],"plunder_award":[[2,45000],[10102,15]]},
	"2_41":{"quality":2,"lev":41,"award":[[5,32880],[2,300000],[10102,100]],"plunder_award":[[2,45000],[10102,15]]},
	"2_42":{"quality":2,"lev":42,"award":[[5,33840],[2,300000],[10102,100]],"plunder_award":[[2,45000],[10102,15]]},
	"2_43":{"quality":2,"lev":43,"award":[[5,34800],[2,300000],[10102,100]],"plunder_award":[[2,45000],[10102,15]]},
	"2_44":{"quality":2,"lev":44,"award":[[5,35760],[2,300000],[10102,100]],"plunder_award":[[2,45000],[10102,15]]},
	"2_45":{"quality":2,"lev":45,"award":[[5,36720],[2,300000],[10102,100]],"plunder_award":[[2,45000],[10102,15]]},
	"2_46":{"quality":2,"lev":46,"award":[[5,37680],[2,300000],[10102,100]],"plunder_award":[[2,45000],[10102,15]]},
	"2_47":{"quality":2,"lev":47,"award":[[5,38640],[2,300000],[10102,100]],"plunder_award":[[2,45000],[10102,15]]},
	"2_48":{"quality":2,"lev":48,"award":[[5,39600],[2,300000],[10102,100]],"plunder_award":[[2,45000],[10102,15]]},
	"2_49":{"quality":2,"lev":49,"award":[[5,40560],[2,300000],[10102,100]],"plunder_award":[[2,45000],[10102,15]]},
	"2_50":{"quality":2,"lev":50,"award":[[5,41760],[2,300000],[10102,100]],"plunder_award":[[2,45000],[10102,15]]},
	"2_51":{"quality":2,"lev":51,"award":[[5,42960],[2,300000],[10102,100]],"plunder_award":[[2,45000],[10102,15]]},
	"2_52":{"quality":2,"lev":52,"award":[[5,44160],[2,300000],[10102,100]],"plunder_award":[[2,45000],[10102,15]]},
	"2_53":{"quality":2,"lev":53,"award":[[5,45360],[2,300000],[10102,100]],"plunder_award":[[2,45000],[10102,15]]},
	"2_54":{"quality":2,"lev":54,"award":[[5,46560],[2,300000],[10102,100]],"plunder_award":[[2,45000],[10102,15]]},
	"2_55":{"quality":2,"lev":55,"award":[[5,47760],[2,300000],[10102,100]],"plunder_award":[[2,45000],[10102,15]]},
	"2_56":{"quality":2,"lev":56,"award":[[5,48960],[2,300000],[10102,100]],"plunder_award":[[2,45000],[10102,15]]},
	"2_57":{"quality":2,"lev":57,"award":[[5,50160],[2,300000],[10102,100]],"plunder_award":[[2,45000],[10102,15]]},
	"2_58":{"quality":2,"lev":58,"award":[[5,51360],[2,300000],[10102,100]],"plunder_award":[[2,45000],[10102,15]]},
	"2_59":{"quality":2,"lev":59,"award":[[5,52560],[2,300000],[10102,100]],"plunder_award":[[2,45000],[10102,15]]},
	"2_60":{"quality":2,"lev":60,"award":[[5,52848],[2,300000],[10102,100]],"plunder_award":[[2,45000],[10102,15]]},
	"2_61":{"quality":2,"lev":61,"award":[[5,53136],[2,300000],[10102,100]],"plunder_award":[[2,45000],[10102,15]]},
	"2_62":{"quality":2,"lev":62,"award":[[5,53424],[2,300000],[10102,100]],"plunder_award":[[2,45000],[10102,15]]},
	"2_63":{"quality":2,"lev":63,"award":[[5,53712],[2,300000],[10102,100]],"plunder_award":[[2,45000],[10102,15]]},
	"2_64":{"quality":2,"lev":64,"award":[[5,54000],[2,300000],[10102,100]],"plunder_award":[[2,45000],[10102,15]]},
	"2_65":{"quality":2,"lev":65,"award":[[5,54288],[2,300000],[10102,100]],"plunder_award":[[2,45000],[10102,15]]},
	"2_66":{"quality":2,"lev":66,"award":[[5,54576],[2,300000],[10102,100]],"plunder_award":[[2,45000],[10102,15]]},
	"2_67":{"quality":2,"lev":67,"award":[[5,54864],[2,300000],[10102,100]],"plunder_award":[[2,45000],[10102,15]]},
	"2_68":{"quality":2,"lev":68,"award":[[5,55152],[2,300000],[10102,100]],"plunder_award":[[2,45000],[10102,15]]},
	"2_69":{"quality":2,"lev":69,"award":[[5,55488],[2,300000],[10102,100]],"plunder_award":[[2,45000],[10102,15]]},
	"2_70":{"quality":2,"lev":70,"award":[[5,55824],[2,300000],[10102,100]],"plunder_award":[[2,45000],[10102,15]]},
	"2_71":{"quality":2,"lev":71,"award":[[5,56160],[2,300000],[10102,100]],"plunder_award":[[2,45000],[10102,15]]},
	"2_72":{"quality":2,"lev":72,"award":[[5,56496],[2,300000],[10102,100]],"plunder_award":[[2,45000],[10102,15]]},
	"2_73":{"quality":2,"lev":73,"award":[[5,56832],[2,300000],[10102,100]],"plunder_award":[[2,45000],[10102,15]]},
	"2_74":{"quality":2,"lev":74,"award":[[5,57168],[2,300000],[10102,100]],"plunder_award":[[2,45000],[10102,15]]},
	"2_75":{"quality":2,"lev":75,"award":[[5,57552],[2,300000],[10102,100]],"plunder_award":[[2,45000],[10102,15]]},
	"2_76":{"quality":2,"lev":76,"award":[[5,57936],[2,300000],[10102,100]],"plunder_award":[[2,45000],[10102,15]]},
	"2_77":{"quality":2,"lev":77,"award":[[5,58320],[2,300000],[10102,100]],"plunder_award":[[2,45000],[10102,15]]},
	"2_78":{"quality":2,"lev":78,"award":[[5,58704],[2,300000],[10102,100]],"plunder_award":[[2,45000],[10102,15]]},
	"2_79":{"quality":2,"lev":79,"award":[[5,59088],[2,300000],[10102,100]],"plunder_award":[[2,45000],[10102,15]]},
	"2_80":{"quality":2,"lev":80,"award":[[5,59472],[2,300000],[10102,100]],"plunder_award":[[2,45000],[10102,15]]},
	"2_81":{"quality":2,"lev":81,"award":[[5,59856],[2,300000],[10102,100]],"plunder_award":[[2,45000],[10102,15]]},
	"2_82":{"quality":2,"lev":82,"award":[[5,60288],[2,300000],[10102,100]],"plunder_award":[[2,45000],[10102,15]]},
	"2_83":{"quality":2,"lev":83,"award":[[5,60720],[2,300000],[10102,100]],"plunder_award":[[2,45000],[10102,15]]},
	"2_84":{"quality":2,"lev":84,"award":[[5,61152],[2,300000],[10102,100]],"plunder_award":[[2,45000],[10102,15]]},
	"2_85":{"quality":2,"lev":85,"award":[[5,61584],[2,300000],[10102,100]],"plunder_award":[[2,45000],[10102,15]]},
	"2_86":{"quality":2,"lev":86,"award":[[5,62016],[2,300000],[10102,100]],"plunder_award":[[2,45000],[10102,15]]},
	"2_87":{"quality":2,"lev":87,"award":[[5,62448],[2,300000],[10102,100]],"plunder_award":[[2,45000],[10102,15]]},
	"2_88":{"quality":2,"lev":88,"award":[[5,62880],[2,300000],[10102,100]],"plunder_award":[[2,45000],[10102,15]]},
	"2_89":{"quality":2,"lev":89,"award":[[5,63312],[2,300000],[10102,100]],"plunder_award":[[2,45000],[10102,15]]},
	"2_90":{"quality":2,"lev":90,"award":[[5,63744],[2,300000],[10102,100]],"plunder_award":[[2,45000],[10102,15]]},
	"2_91":{"quality":2,"lev":91,"award":[[5,64176],[2,300000],[10102,100]],"plunder_award":[[2,45000],[10102,15]]},
	"2_92":{"quality":2,"lev":92,"award":[[5,64608],[2,300000],[10102,100]],"plunder_award":[[2,45000],[10102,15]]},
	"2_93":{"quality":2,"lev":93,"award":[[5,65040],[2,300000],[10102,100]],"plunder_award":[[2,45000],[10102,15]]},
	"2_94":{"quality":2,"lev":94,"award":[[5,65472],[2,300000],[10102,100]],"plunder_award":[[2,45000],[10102,15]]},
	"2_95":{"quality":2,"lev":95,"award":[[5,65904],[2,300000],[10102,100]],"plunder_award":[[2,45000],[10102,15]]},
	"2_96":{"quality":2,"lev":96,"award":[[5,66336],[2,300000],[10102,100]],"plunder_award":[[2,45000],[10102,15]]},
	"2_97":{"quality":2,"lev":97,"award":[[5,66768],[2,300000],[10102,100]],"plunder_award":[[2,45000],[10102,15]]},
	"2_98":{"quality":2,"lev":98,"award":[[5,67200],[2,300000],[10102,100]],"plunder_award":[[2,45000],[10102,15]]},
	"2_99":{"quality":2,"lev":99,"award":[[5,67632],[2,300000],[10102,100]],"plunder_award":[[2,45000],[10102,15]]},
	"2_100":{"quality":2,"lev":100,"award":[[5,68064],[2,300000],[10102,100]],"plunder_award":[[2,45000],[10102,15]]},
	"3_1":{"quality":3,"lev":1,"award":[[5,11520],[2,240000],[10102,125]],"plunder_award":[[2,36000],[10102,18]]},
	"3_2":{"quality":3,"lev":2,"award":[[5,12160],[2,240000],[10102,125]],"plunder_award":[[2,36000],[10102,18]]},
	"3_3":{"quality":3,"lev":3,"award":[[5,12800],[2,240000],[10102,125]],"plunder_award":[[2,36000],[10102,18]]},
	"3_4":{"quality":3,"lev":4,"award":[[5,13440],[2,240000],[10102,125]],"plunder_award":[[2,36000],[10102,18]]},
	"3_5":{"quality":3,"lev":5,"award":[[5,14080],[2,240000],[10102,125]],"plunder_award":[[2,36000],[10102,18]]},
	"3_6":{"quality":3,"lev":6,"award":[[5,14720],[2,240000],[10102,125]],"plunder_award":[[2,36000],[10102,18]]},
	"3_7":{"quality":3,"lev":7,"award":[[5,15360],[2,240000],[10102,125]],"plunder_award":[[2,36000],[10102,18]]},
	"3_8":{"quality":3,"lev":8,"award":[[5,16000],[2,240000],[10102,125]],"plunder_award":[[2,36000],[10102,18]]},
	"3_9":{"quality":3,"lev":9,"award":[[5,16640],[2,240000],[10102,125]],"plunder_award":[[2,36000],[10102,18]]},
	"3_10":{"quality":3,"lev":10,"award":[[5,17280],[2,240000],[10102,125]],"plunder_award":[[2,36000],[10102,18]]},
	"3_11":{"quality":3,"lev":11,"award":[[5,17920],[2,240000],[10102,125]],"plunder_award":[[2,36000],[10102,18]]},
	"3_12":{"quality":3,"lev":12,"award":[[5,18560],[2,240000],[10102,125]],"plunder_award":[[2,36000],[10102,18]]},
	"3_13":{"quality":3,"lev":13,"award":[[5,19200],[2,240000],[10102,125]],"plunder_award":[[2,36000],[10102,18]]},
	"3_14":{"quality":3,"lev":14,"award":[[5,19840],[2,240000],[10102,125]],"plunder_award":[[2,36000],[10102,18]]},
	"3_15":{"quality":3,"lev":15,"award":[[5,20480],[2,240000],[10102,125]],"plunder_award":[[2,36000],[10102,18]]},
	"3_16":{"quality":3,"lev":16,"award":[[5,21120],[2,240000],[10102,125]],"plunder_award":[[2,36000],[10102,18]]},
	"3_17":{"quality":3,"lev":17,"award":[[5,21760],[2,240000],[10102,125]],"plunder_award":[[2,36000],[10102,18]]},
	"3_18":{"quality":3,"lev":18,"award":[[5,22400],[2,240000],[10102,125]],"plunder_award":[[2,36000],[10102,18]]},
	"3_19":{"quality":3,"lev":19,"award":[[5,23040],[2,240000],[10102,125]],"plunder_award":[[2,36000],[10102,18]]},
	"3_20":{"quality":3,"lev":20,"award":[[5,23680],[2,240000],[10102,125]],"plunder_award":[[2,36000],[10102,18]]},
	"3_21":{"quality":3,"lev":21,"award":[[5,24320],[2,240000],[10102,125]],"plunder_award":[[2,36000],[10102,18]]},
	"3_22":{"quality":3,"lev":22,"award":[[5,24960],[2,240000],[10102,125]],"plunder_award":[[2,36000],[10102,18]]},
	"3_23":{"quality":3,"lev":23,"award":[[5,25600],[2,240000],[10102,125]],"plunder_award":[[2,36000],[10102,18]]},
	"3_24":{"quality":3,"lev":24,"award":[[5,26240],[2,240000],[10102,125]],"plunder_award":[[2,36000],[10102,18]]},
	"3_25":{"quality":3,"lev":25,"award":[[5,27200],[2,240000],[10102,125]],"plunder_award":[[2,36000],[10102,18]]},
	"3_26":{"quality":3,"lev":26,"award":[[5,28160],[2,240000],[10102,125]],"plunder_award":[[2,36000],[10102,18]]},
	"3_27":{"quality":3,"lev":27,"award":[[5,29120],[2,240000],[10102,125]],"plunder_award":[[2,36000],[10102,18]]},
	"3_28":{"quality":3,"lev":28,"award":[[5,30080],[2,240000],[10102,125]],"plunder_award":[[2,36000],[10102,18]]},
	"3_29":{"quality":3,"lev":29,"award":[[5,31040],[2,240000],[10102,125]],"plunder_award":[[2,36000],[10102,18]]},
	"3_30":{"quality":3,"lev":30,"award":[[5,32000],[2,240000],[10102,125]],"plunder_award":[[2,36000],[10102,18]]},
	"3_31":{"quality":3,"lev":31,"award":[[5,32960],[2,400000],[10102,125]],"plunder_award":[[2,60000],[10102,18]]},
	"3_32":{"quality":3,"lev":32,"award":[[5,33920],[2,400000],[10102,125]],"plunder_award":[[2,60000],[10102,18]]},
	"3_33":{"quality":3,"lev":33,"award":[[5,34880],[2,400000],[10102,125]],"plunder_award":[[2,60000],[10102,18]]},
	"3_34":{"quality":3,"lev":34,"award":[[5,35840],[2,400000],[10102,125]],"plunder_award":[[2,60000],[10102,18]]},
	"3_35":{"quality":3,"lev":35,"award":[[5,36800],[2,400000],[10102,125]],"plunder_award":[[2,60000],[10102,18]]},
	"3_36":{"quality":3,"lev":36,"award":[[5,37760],[2,400000],[10102,125]],"plunder_award":[[2,60000],[10102,18]]},
	"3_37":{"quality":3,"lev":37,"award":[[5,38720],[2,400000],[10102,125]],"plunder_award":[[2,60000],[10102,18]]},
	"3_38":{"quality":3,"lev":38,"award":[[5,40000],[2,400000],[10102,125]],"plunder_award":[[2,60000],[10102,18]]},
	"3_39":{"quality":3,"lev":39,"award":[[5,41280],[2,400000],[10102,125]],"plunder_award":[[2,60000],[10102,18]]},
	"3_40":{"quality":3,"lev":40,"award":[[5,42560],[2,400000],[10102,125]],"plunder_award":[[2,60000],[10102,18]]},
	"3_41":{"quality":3,"lev":41,"award":[[5,43840],[2,400000],[10102,125]],"plunder_award":[[2,60000],[10102,18]]},
	"3_42":{"quality":3,"lev":42,"award":[[5,45120],[2,400000],[10102,125]],"plunder_award":[[2,60000],[10102,18]]},
	"3_43":{"quality":3,"lev":43,"award":[[5,46400],[2,400000],[10102,125]],"plunder_award":[[2,60000],[10102,18]]},
	"3_44":{"quality":3,"lev":44,"award":[[5,47680],[2,400000],[10102,125]],"plunder_award":[[2,60000],[10102,18]]},
	"3_45":{"quality":3,"lev":45,"award":[[5,48960],[2,400000],[10102,125]],"plunder_award":[[2,60000],[10102,18]]},
	"3_46":{"quality":3,"lev":46,"award":[[5,50240],[2,400000],[10102,125]],"plunder_award":[[2,60000],[10102,18]]},
	"3_47":{"quality":3,"lev":47,"award":[[5,51520],[2,400000],[10102,125]],"plunder_award":[[2,60000],[10102,18]]},
	"3_48":{"quality":3,"lev":48,"award":[[5,52800],[2,400000],[10102,125]],"plunder_award":[[2,60000],[10102,18]]},
	"3_49":{"quality":3,"lev":49,"award":[[5,54080],[2,400000],[10102,125]],"plunder_award":[[2,60000],[10102,18]]},
	"3_50":{"quality":3,"lev":50,"award":[[5,55680],[2,400000],[10102,125]],"plunder_award":[[2,60000],[10102,18]]},
	"3_51":{"quality":3,"lev":51,"award":[[5,57280],[2,400000],[10102,125]],"plunder_award":[[2,60000],[10102,18]]},
	"3_52":{"quality":3,"lev":52,"award":[[5,58880],[2,400000],[10102,125]],"plunder_award":[[2,60000],[10102,18]]},
	"3_53":{"quality":3,"lev":53,"award":[[5,60480],[2,400000],[10102,125]],"plunder_award":[[2,60000],[10102,18]]},
	"3_54":{"quality":3,"lev":54,"award":[[5,62080],[2,400000],[10102,125]],"plunder_award":[[2,60000],[10102,18]]},
	"3_55":{"quality":3,"lev":55,"award":[[5,63680],[2,400000],[10102,125]],"plunder_award":[[2,60000],[10102,18]]},
	"3_56":{"quality":3,"lev":56,"award":[[5,65280],[2,400000],[10102,125]],"plunder_award":[[2,60000],[10102,18]]},
	"3_57":{"quality":3,"lev":57,"award":[[5,66880],[2,400000],[10102,125]],"plunder_award":[[2,60000],[10102,18]]},
	"3_58":{"quality":3,"lev":58,"award":[[5,68480],[2,400000],[10102,125]],"plunder_award":[[2,60000],[10102,18]]},
	"3_59":{"quality":3,"lev":59,"award":[[5,70080],[2,400000],[10102,125]],"plunder_award":[[2,60000],[10102,18]]},
	"3_60":{"quality":3,"lev":60,"award":[[5,70464],[2,400000],[10102,125]],"plunder_award":[[2,60000],[10102,18]]},
	"3_61":{"quality":3,"lev":61,"award":[[5,70848],[2,400000],[10102,125]],"plunder_award":[[2,60000],[10102,18]]},
	"3_62":{"quality":3,"lev":62,"award":[[5,71232],[2,400000],[10102,125]],"plunder_award":[[2,60000],[10102,18]]},
	"3_63":{"quality":3,"lev":63,"award":[[5,71616],[2,400000],[10102,125]],"plunder_award":[[2,60000],[10102,18]]},
	"3_64":{"quality":3,"lev":64,"award":[[5,72000],[2,400000],[10102,125]],"plunder_award":[[2,60000],[10102,18]]},
	"3_65":{"quality":3,"lev":65,"award":[[5,72384],[2,400000],[10102,125]],"plunder_award":[[2,60000],[10102,18]]},
	"3_66":{"quality":3,"lev":66,"award":[[5,72768],[2,400000],[10102,125]],"plunder_award":[[2,60000],[10102,18]]},
	"3_67":{"quality":3,"lev":67,"award":[[5,73152],[2,400000],[10102,125]],"plunder_award":[[2,60000],[10102,18]]},
	"3_68":{"quality":3,"lev":68,"award":[[5,73536],[2,400000],[10102,125]],"plunder_award":[[2,60000],[10102,18]]},
	"3_69":{"quality":3,"lev":69,"award":[[5,73984],[2,400000],[10102,125]],"plunder_award":[[2,60000],[10102,18]]},
	"3_70":{"quality":3,"lev":70,"award":[[5,74432],[2,400000],[10102,125]],"plunder_award":[[2,60000],[10102,18]]},
	"3_71":{"quality":3,"lev":71,"award":[[5,74880],[2,400000],[10102,125]],"plunder_award":[[2,60000],[10102,18]]},
	"3_72":{"quality":3,"lev":72,"award":[[5,75328],[2,400000],[10102,125]],"plunder_award":[[2,60000],[10102,18]]},
	"3_73":{"quality":3,"lev":73,"award":[[5,75776],[2,400000],[10102,125]],"plunder_award":[[2,60000],[10102,18]]},
	"3_74":{"quality":3,"lev":74,"award":[[5,76224],[2,400000],[10102,125]],"plunder_award":[[2,60000],[10102,18]]},
	"3_75":{"quality":3,"lev":75,"award":[[5,76736],[2,400000],[10102,125]],"plunder_award":[[2,60000],[10102,18]]},
	"3_76":{"quality":3,"lev":76,"award":[[5,77248],[2,400000],[10102,125]],"plunder_award":[[2,60000],[10102,18]]},
	"3_77":{"quality":3,"lev":77,"award":[[5,77760],[2,400000],[10102,125]],"plunder_award":[[2,60000],[10102,18]]},
	"3_78":{"quality":3,"lev":78,"award":[[5,78272],[2,400000],[10102,125]],"plunder_award":[[2,60000],[10102,18]]},
	"3_79":{"quality":3,"lev":79,"award":[[5,78784],[2,400000],[10102,125]],"plunder_award":[[2,60000],[10102,18]]},
	"3_80":{"quality":3,"lev":80,"award":[[5,79296],[2,400000],[10102,125]],"plunder_award":[[2,60000],[10102,18]]},
	"3_81":{"quality":3,"lev":81,"award":[[5,79808],[2,400000],[10102,125]],"plunder_award":[[2,60000],[10102,18]]},
	"3_82":{"quality":3,"lev":82,"award":[[5,80384],[2,400000],[10102,125]],"plunder_award":[[2,60000],[10102,18]]},
	"3_83":{"quality":3,"lev":83,"award":[[5,80960],[2,400000],[10102,125]],"plunder_award":[[2,60000],[10102,18]]},
	"3_84":{"quality":3,"lev":84,"award":[[5,81536],[2,400000],[10102,125]],"plunder_award":[[2,60000],[10102,18]]},
	"3_85":{"quality":3,"lev":85,"award":[[5,82112],[2,400000],[10102,125]],"plunder_award":[[2,60000],[10102,18]]},
	"3_86":{"quality":3,"lev":86,"award":[[5,82688],[2,400000],[10102,125]],"plunder_award":[[2,60000],[10102,18]]},
	"3_87":{"quality":3,"lev":87,"award":[[5,83264],[2,400000],[10102,125]],"plunder_award":[[2,60000],[10102,18]]},
	"3_88":{"quality":3,"lev":88,"award":[[5,83840],[2,400000],[10102,125]],"plunder_award":[[2,60000],[10102,18]]},
	"3_89":{"quality":3,"lev":89,"award":[[5,84416],[2,400000],[10102,125]],"plunder_award":[[2,60000],[10102,18]]},
	"3_90":{"quality":3,"lev":90,"award":[[5,84992],[2,400000],[10102,125]],"plunder_award":[[2,60000],[10102,18]]},
	"3_91":{"quality":3,"lev":91,"award":[[5,85568],[2,400000],[10102,125]],"plunder_award":[[2,60000],[10102,18]]},
	"3_92":{"quality":3,"lev":92,"award":[[5,86144],[2,400000],[10102,125]],"plunder_award":[[2,60000],[10102,18]]},
	"3_93":{"quality":3,"lev":93,"award":[[5,86720],[2,400000],[10102,125]],"plunder_award":[[2,60000],[10102,18]]},
	"3_94":{"quality":3,"lev":94,"award":[[5,87296],[2,400000],[10102,125]],"plunder_award":[[2,60000],[10102,18]]},
	"3_95":{"quality":3,"lev":95,"award":[[5,87872],[2,400000],[10102,125]],"plunder_award":[[2,60000],[10102,18]]},
	"3_96":{"quality":3,"lev":96,"award":[[5,88448],[2,400000],[10102,125]],"plunder_award":[[2,60000],[10102,18]]},
	"3_97":{"quality":3,"lev":97,"award":[[5,89024],[2,400000],[10102,125]],"plunder_award":[[2,60000],[10102,18]]},
	"3_98":{"quality":3,"lev":98,"award":[[5,89600],[2,400000],[10102,125]],"plunder_award":[[2,60000],[10102,18]]},
	"3_99":{"quality":3,"lev":99,"award":[[5,90176],[2,400000],[10102,125]],"plunder_award":[[2,60000],[10102,18]]},
	"3_100":{"quality":3,"lev":100,"award":[[5,90752],[2,400000],[10102,125]],"plunder_award":[[2,60000],[10102,18]]},
	"4_1":{"quality":4,"lev":1,"award":[[5,14400],[2,300000],[10102,150]],"plunder_award":[[2,45000],[10102,22]]},
	"4_2":{"quality":4,"lev":2,"award":[[5,15200],[2,300000],[10102,150]],"plunder_award":[[2,45000],[10102,22]]},
	"4_3":{"quality":4,"lev":3,"award":[[5,16000],[2,300000],[10102,150]],"plunder_award":[[2,45000],[10102,22]]},
	"4_4":{"quality":4,"lev":4,"award":[[5,16800],[2,300000],[10102,150]],"plunder_award":[[2,45000],[10102,22]]},
	"4_5":{"quality":4,"lev":5,"award":[[5,17600],[2,300000],[10102,150]],"plunder_award":[[2,45000],[10102,22]]},
	"4_6":{"quality":4,"lev":6,"award":[[5,18400],[2,300000],[10102,150]],"plunder_award":[[2,45000],[10102,22]]},
	"4_7":{"quality":4,"lev":7,"award":[[5,19200],[2,300000],[10102,150]],"plunder_award":[[2,45000],[10102,22]]},
	"4_8":{"quality":4,"lev":8,"award":[[5,20000],[2,300000],[10102,150]],"plunder_award":[[2,45000],[10102,22]]},
	"4_9":{"quality":4,"lev":9,"award":[[5,20800],[2,300000],[10102,150]],"plunder_award":[[2,45000],[10102,22]]},
	"4_10":{"quality":4,"lev":10,"award":[[5,21600],[2,300000],[10102,150]],"plunder_award":[[2,45000],[10102,22]]},
	"4_11":{"quality":4,"lev":11,"award":[[5,22400],[2,300000],[10102,150]],"plunder_award":[[2,45000],[10102,22]]},
	"4_12":{"quality":4,"lev":12,"award":[[5,23200],[2,300000],[10102,150]],"plunder_award":[[2,45000],[10102,22]]},
	"4_13":{"quality":4,"lev":13,"award":[[5,24000],[2,300000],[10102,150]],"plunder_award":[[2,45000],[10102,22]]},
	"4_14":{"quality":4,"lev":14,"award":[[5,24800],[2,300000],[10102,150]],"plunder_award":[[2,45000],[10102,22]]},
	"4_15":{"quality":4,"lev":15,"award":[[5,25600],[2,300000],[10102,150]],"plunder_award":[[2,45000],[10102,22]]},
	"4_16":{"quality":4,"lev":16,"award":[[5,26400],[2,300000],[10102,150]],"plunder_award":[[2,45000],[10102,22]]},
	"4_17":{"quality":4,"lev":17,"award":[[5,27200],[2,300000],[10102,150]],"plunder_award":[[2,45000],[10102,22]]},
	"4_18":{"quality":4,"lev":18,"award":[[5,28000],[2,300000],[10102,150]],"plunder_award":[[2,45000],[10102,22]]},
	"4_19":{"quality":4,"lev":19,"award":[[5,28800],[2,300000],[10102,150]],"plunder_award":[[2,45000],[10102,22]]},
	"4_20":{"quality":4,"lev":20,"award":[[5,29600],[2,300000],[10102,150]],"plunder_award":[[2,45000],[10102,22]]},
	"4_21":{"quality":4,"lev":21,"award":[[5,30400],[2,300000],[10102,150]],"plunder_award":[[2,45000],[10102,22]]},
	"4_22":{"quality":4,"lev":22,"award":[[5,31200],[2,300000],[10102,150]],"plunder_award":[[2,45000],[10102,22]]},
	"4_23":{"quality":4,"lev":23,"award":[[5,32000],[2,300000],[10102,150]],"plunder_award":[[2,45000],[10102,22]]},
	"4_24":{"quality":4,"lev":24,"award":[[5,32800],[2,300000],[10102,150]],"plunder_award":[[2,45000],[10102,22]]},
	"4_25":{"quality":4,"lev":25,"award":[[5,34000],[2,300000],[10102,150]],"plunder_award":[[2,45000],[10102,22]]},
	"4_26":{"quality":4,"lev":26,"award":[[5,35200],[2,300000],[10102,150]],"plunder_award":[[2,45000],[10102,22]]},
	"4_27":{"quality":4,"lev":27,"award":[[5,36400],[2,300000],[10102,150]],"plunder_award":[[2,45000],[10102,22]]},
	"4_28":{"quality":4,"lev":28,"award":[[5,37600],[2,300000],[10102,150]],"plunder_award":[[2,45000],[10102,22]]},
	"4_29":{"quality":4,"lev":29,"award":[[5,38800],[2,300000],[10102,150]],"plunder_award":[[2,45000],[10102,22]]},
	"4_30":{"quality":4,"lev":30,"award":[[5,40000],[2,300000],[10102,150]],"plunder_award":[[2,45000],[10102,22]]},
	"4_31":{"quality":4,"lev":31,"award":[[5,41200],[2,500000],[10102,150]],"plunder_award":[[2,75000],[10102,22]]},
	"4_32":{"quality":4,"lev":32,"award":[[5,42400],[2,500000],[10102,150]],"plunder_award":[[2,75000],[10102,22]]},
	"4_33":{"quality":4,"lev":33,"award":[[5,43600],[2,500000],[10102,150]],"plunder_award":[[2,75000],[10102,22]]},
	"4_34":{"quality":4,"lev":34,"award":[[5,44800],[2,500000],[10102,150]],"plunder_award":[[2,75000],[10102,22]]},
	"4_35":{"quality":4,"lev":35,"award":[[5,46000],[2,500000],[10102,150]],"plunder_award":[[2,75000],[10102,22]]},
	"4_36":{"quality":4,"lev":36,"award":[[5,47200],[2,500000],[10102,150]],"plunder_award":[[2,75000],[10102,22]]},
	"4_37":{"quality":4,"lev":37,"award":[[5,48400],[2,500000],[10102,150]],"plunder_award":[[2,75000],[10102,22]]},
	"4_38":{"quality":4,"lev":38,"award":[[5,50000],[2,500000],[10102,150]],"plunder_award":[[2,75000],[10102,22]]},
	"4_39":{"quality":4,"lev":39,"award":[[5,51600],[2,500000],[10102,150]],"plunder_award":[[2,75000],[10102,22]]},
	"4_40":{"quality":4,"lev":40,"award":[[5,53200],[2,500000],[10102,150]],"plunder_award":[[2,75000],[10102,22]]},
	"4_41":{"quality":4,"lev":41,"award":[[5,54800],[2,500000],[10102,150]],"plunder_award":[[2,75000],[10102,22]]},
	"4_42":{"quality":4,"lev":42,"award":[[5,56400],[2,500000],[10102,150]],"plunder_award":[[2,75000],[10102,22]]},
	"4_43":{"quality":4,"lev":43,"award":[[5,58000],[2,500000],[10102,150]],"plunder_award":[[2,75000],[10102,22]]},
	"4_44":{"quality":4,"lev":44,"award":[[5,59600],[2,500000],[10102,150]],"plunder_award":[[2,75000],[10102,22]]},
	"4_45":{"quality":4,"lev":45,"award":[[5,61200],[2,500000],[10102,150]],"plunder_award":[[2,75000],[10102,22]]},
	"4_46":{"quality":4,"lev":46,"award":[[5,62800],[2,500000],[10102,150]],"plunder_award":[[2,75000],[10102,22]]},
	"4_47":{"quality":4,"lev":47,"award":[[5,64400],[2,500000],[10102,150]],"plunder_award":[[2,75000],[10102,22]]},
	"4_48":{"quality":4,"lev":48,"award":[[5,66000],[2,500000],[10102,150]],"plunder_award":[[2,75000],[10102,22]]},
	"4_49":{"quality":4,"lev":49,"award":[[5,67600],[2,500000],[10102,150]],"plunder_award":[[2,75000],[10102,22]]},
	"4_50":{"quality":4,"lev":50,"award":[[5,69600],[2,500000],[10102,150]],"plunder_award":[[2,75000],[10102,22]]},
	"4_51":{"quality":4,"lev":51,"award":[[5,71600],[2,500000],[10102,150]],"plunder_award":[[2,75000],[10102,22]]},
	"4_52":{"quality":4,"lev":52,"award":[[5,73600],[2,500000],[10102,150]],"plunder_award":[[2,75000],[10102,22]]},
	"4_53":{"quality":4,"lev":53,"award":[[5,75600],[2,500000],[10102,150]],"plunder_award":[[2,75000],[10102,22]]},
	"4_54":{"quality":4,"lev":54,"award":[[5,77600],[2,500000],[10102,150]],"plunder_award":[[2,75000],[10102,22]]},
	"4_55":{"quality":4,"lev":55,"award":[[5,79600],[2,500000],[10102,150]],"plunder_award":[[2,75000],[10102,22]]},
	"4_56":{"quality":4,"lev":56,"award":[[5,81600],[2,500000],[10102,150]],"plunder_award":[[2,75000],[10102,22]]},
	"4_57":{"quality":4,"lev":57,"award":[[5,83600],[2,500000],[10102,150]],"plunder_award":[[2,75000],[10102,22]]},
	"4_58":{"quality":4,"lev":58,"award":[[5,85600],[2,500000],[10102,150]],"plunder_award":[[2,75000],[10102,22]]},
	"4_59":{"quality":4,"lev":59,"award":[[5,87600],[2,500000],[10102,150]],"plunder_award":[[2,75000],[10102,22]]},
	"4_60":{"quality":4,"lev":60,"award":[[5,88080],[2,500000],[10102,150]],"plunder_award":[[2,75000],[10102,22]]},
	"4_61":{"quality":4,"lev":61,"award":[[5,88560],[2,500000],[10102,150]],"plunder_award":[[2,75000],[10102,22]]},
	"4_62":{"quality":4,"lev":62,"award":[[5,89040],[2,500000],[10102,150]],"plunder_award":[[2,75000],[10102,22]]},
	"4_63":{"quality":4,"lev":63,"award":[[5,89520],[2,500000],[10102,150]],"plunder_award":[[2,75000],[10102,22]]},
	"4_64":{"quality":4,"lev":64,"award":[[5,90000],[2,500000],[10102,150]],"plunder_award":[[2,75000],[10102,22]]},
	"4_65":{"quality":4,"lev":65,"award":[[5,90480],[2,500000],[10102,150]],"plunder_award":[[2,75000],[10102,22]]},
	"4_66":{"quality":4,"lev":66,"award":[[5,90960],[2,500000],[10102,150]],"plunder_award":[[2,75000],[10102,22]]},
	"4_67":{"quality":4,"lev":67,"award":[[5,91440],[2,500000],[10102,150]],"plunder_award":[[2,75000],[10102,22]]},
	"4_68":{"quality":4,"lev":68,"award":[[5,91920],[2,500000],[10102,150]],"plunder_award":[[2,75000],[10102,22]]},
	"4_69":{"quality":4,"lev":69,"award":[[5,92480],[2,500000],[10102,150]],"plunder_award":[[2,75000],[10102,22]]},
	"4_70":{"quality":4,"lev":70,"award":[[5,93040],[2,500000],[10102,150]],"plunder_award":[[2,75000],[10102,22]]},
	"4_71":{"quality":4,"lev":71,"award":[[5,93600],[2,500000],[10102,150]],"plunder_award":[[2,75000],[10102,22]]},
	"4_72":{"quality":4,"lev":72,"award":[[5,94160],[2,500000],[10102,150]],"plunder_award":[[2,75000],[10102,22]]},
	"4_73":{"quality":4,"lev":73,"award":[[5,94720],[2,500000],[10102,150]],"plunder_award":[[2,75000],[10102,22]]},
	"4_74":{"quality":4,"lev":74,"award":[[5,95280],[2,500000],[10102,150]],"plunder_award":[[2,75000],[10102,22]]},
	"4_75":{"quality":4,"lev":75,"award":[[5,95920],[2,500000],[10102,150]],"plunder_award":[[2,75000],[10102,22]]},
	"4_76":{"quality":4,"lev":76,"award":[[5,96560],[2,500000],[10102,150]],"plunder_award":[[2,75000],[10102,22]]},
	"4_77":{"quality":4,"lev":77,"award":[[5,97200],[2,500000],[10102,150]],"plunder_award":[[2,75000],[10102,22]]},
	"4_78":{"quality":4,"lev":78,"award":[[5,97840],[2,500000],[10102,150]],"plunder_award":[[2,75000],[10102,22]]},
	"4_79":{"quality":4,"lev":79,"award":[[5,98480],[2,500000],[10102,150]],"plunder_award":[[2,75000],[10102,22]]},
	"4_80":{"quality":4,"lev":80,"award":[[5,99120],[2,500000],[10102,150]],"plunder_award":[[2,75000],[10102,22]]},
	"4_81":{"quality":4,"lev":81,"award":[[5,99760],[2,500000],[10102,150]],"plunder_award":[[2,75000],[10102,22]]},
	"4_82":{"quality":4,"lev":82,"award":[[5,100480],[2,500000],[10102,150]],"plunder_award":[[2,75000],[10102,22]]},
	"4_83":{"quality":4,"lev":83,"award":[[5,101200],[2,500000],[10102,150]],"plunder_award":[[2,75000],[10102,22]]},
	"4_84":{"quality":4,"lev":84,"award":[[5,101920],[2,500000],[10102,150]],"plunder_award":[[2,75000],[10102,22]]},
	"4_85":{"quality":4,"lev":85,"award":[[5,102640],[2,500000],[10102,150]],"plunder_award":[[2,75000],[10102,22]]},
	"4_86":{"quality":4,"lev":86,"award":[[5,103360],[2,500000],[10102,150]],"plunder_award":[[2,75000],[10102,22]]},
	"4_87":{"quality":4,"lev":87,"award":[[5,104080],[2,500000],[10102,150]],"plunder_award":[[2,75000],[10102,22]]},
	"4_88":{"quality":4,"lev":88,"award":[[5,104800],[2,500000],[10102,150]],"plunder_award":[[2,75000],[10102,22]]},
	"4_89":{"quality":4,"lev":89,"award":[[5,105520],[2,500000],[10102,150]],"plunder_award":[[2,75000],[10102,22]]},
	"4_90":{"quality":4,"lev":90,"award":[[5,106240],[2,500000],[10102,150]],"plunder_award":[[2,75000],[10102,22]]},
	"4_91":{"quality":4,"lev":91,"award":[[5,106960],[2,500000],[10102,150]],"plunder_award":[[2,75000],[10102,22]]},
	"4_92":{"quality":4,"lev":92,"award":[[5,107680],[2,500000],[10102,150]],"plunder_award":[[2,75000],[10102,22]]},
	"4_93":{"quality":4,"lev":93,"award":[[5,108400],[2,500000],[10102,150]],"plunder_award":[[2,75000],[10102,22]]},
	"4_94":{"quality":4,"lev":94,"award":[[5,109120],[2,500000],[10102,150]],"plunder_award":[[2,75000],[10102,22]]},
	"4_95":{"quality":4,"lev":95,"award":[[5,109840],[2,500000],[10102,150]],"plunder_award":[[2,75000],[10102,22]]},
	"4_96":{"quality":4,"lev":96,"award":[[5,110560],[2,500000],[10102,150]],"plunder_award":[[2,75000],[10102,22]]},
	"4_97":{"quality":4,"lev":97,"award":[[5,111280],[2,500000],[10102,150]],"plunder_award":[[2,75000],[10102,22]]},
	"4_98":{"quality":4,"lev":98,"award":[[5,112000],[2,500000],[10102,150]],"plunder_award":[[2,75000],[10102,22]]},
	"4_99":{"quality":4,"lev":99,"award":[[5,112720],[2,500000],[10102,150]],"plunder_award":[[2,75000],[10102,22]]},
	"4_100":{"quality":4,"lev":100,"award":[[5,113440],[2,500000],[10102,150]],"plunder_award":[[2,75000],[10102,22]]}
}
}