{"data_gift_data_length" : 664,
"data_gift_data" : {
	"10995":{"id":10995,"name":"紫色珍宝礼包","items":[],"rand_num":1,"cli_items":[],"stat_num":0},
	"10996":{"id":10996,"name":"橙色珍宝礼包","items":[],"rand_num":1,"cli_items":[],"stat_num":0},
	"10200":{"id":10200,"name":"竞技宝箱","items":[[8,300]],"rand_num":0,"cli_items":[],"stat_num":0},
	"10201":{"id":10201,"name":"战神宝箱","items":[[8,600]],"rand_num":0,"cli_items":[],"stat_num":0},
	"908":{"id":908,"name":"普通礼包","items":[[900,1],[901,1],[902,1],[903,1],[904,1],[10102,100]],"rand_num":1,"cli_items":[],"stat_num":0},
	"10204":{"id":10204,"name":"高级礼包","items":[],"rand_num":1,"cli_items":[],"stat_num":0},
	"10499":{"id":10499,"name":"随机技能书","items":[],"rand_num":1,"cli_items":[],"stat_num":0},
	"30000":{"id":30000,"name":"超值经验礼包","items":[[10007,100],[10008,50],[10009,8]],"rand_num":0,"cli_items":[],"stat_num":0},
	"30001":{"id":30001,"name":"超值精炼礼包","items":[[10102,1000]],"rand_num":0,"cli_items":[],"stat_num":0},
	"30002":{"id":30002,"name":"随机技能书礼包","items":[],"rand_num":1,"cli_items":[],"stat_num":0},
	"30003":{"id":30003,"name":"星命提升礼包","items":[[10301,5000]],"rand_num":1,"cli_items":[],"stat_num":0},
	"30004":{"id":30004,"name":"神器超值礼包","items":[[10430,1]],"rand_num":1,"cli_items":[],"stat_num":0},
	"30005":{"id":30005,"name":"随机阵法书礼包","items":[],"rand_num":1,"cli_items":[],"stat_num":0},
	"30006":{"id":30006,"name":"圣器精华礼包","items":[[72001,30]],"rand_num":0,"cli_items":[],"stat_num":0},
	"30007":{"id":30007,"name":"橙装碎片宝盒","items":[[13,20]],"rand_num":0,"cli_items":[],"stat_num":0},
	"30008":{"id":30008,"name":"精炼石袋子","items":[[10102,100]],"rand_num":0,"cli_items":[],"stat_num":0},
	"30009":{"id":30009,"name":"精炼宝盒","items":[[10102,500]],"rand_num":0,"cli_items":[],"stat_num":0},
	"30011":{"id":30011,"name":"白羊座红色命格","items":[[60040,1],[60041,1],[60042,1],[60043,1]],"rand_num":0,"cli_items":[],"stat_num":0},
	"30012":{"id":30012,"name":"金牛座红色命格","items":[[60140,1],[60141,1],[60142,1],[60143,1]],"rand_num":0,"cli_items":[],"stat_num":0},
	"30013":{"id":30013,"name":"双子座红色命格","items":[[60240,1],[60241,1],[60242,1],[60243,1]],"rand_num":0,"cli_items":[],"stat_num":0},
	"30014":{"id":30014,"name":"巨蟹座红色命格","items":[[60340,1],[60341,1],[60342,1],[60343,1]],"rand_num":0,"cli_items":[],"stat_num":0},
	"30016":{"id":30016,"name":"白羊座紫色命格","items":[[60020,1],[60021,1],[60022,1],[60023,1]],"rand_num":0,"cli_items":[],"stat_num":0},
	"30017":{"id":30017,"name":"金牛座紫色命格","items":[[60120,1],[60121,1],[60122,1],[60123,1]],"rand_num":0,"cli_items":[],"stat_num":0},
	"30018":{"id":30018,"name":"双子座紫色命格","items":[[60220,1],[60221,1],[60222,1],[60223,1]],"rand_num":0,"cli_items":[],"stat_num":0},
	"30020":{"id":30020,"name":"白羊座红色命格","items":[[60030,1],[60031,1],[60032,1],[60033,1]],"rand_num":0,"cli_items":[],"stat_num":0},
	"30021":{"id":30021,"name":"金牛座红色命格","items":[[60130,1],[60131,1],[60132,1],[60133,1]],"rand_num":0,"cli_items":[],"stat_num":0},
	"30022":{"id":30022,"name":"双子座红色命格","items":[[60230,1],[60231,1],[60232,1],[60233,1]],"rand_num":0,"cli_items":[],"stat_num":0},
	"30023":{"id":30023,"name":"巨蟹座红色命格","items":[[60330,1],[60331,1],[60332,1],[60333,1]],"rand_num":0,"cli_items":[],"stat_num":0},
	"30024":{"id":30024,"name":"四星座紫色随机礼包","items":[],"rand_num":1,"cli_items":[],"stat_num":0},
	"30025":{"id":30025,"name":"三星座紫色随机礼包","items":[],"rand_num":1,"cli_items":[],"stat_num":0},
	"30026":{"id":30026,"name":"三星座紫色随机礼包","items":[],"rand_num":1,"cli_items":[],"stat_num":0},
	"30027":{"id":30027,"name":"随机命格礼包","items":[],"rand_num":1,"cli_items":[],"stat_num":0},
	"30028":{"id":30028,"name":"随机2阶橙装礼包","items":[],"rand_num":1,"cli_items":[],"stat_num":0},
	"30029":{"id":30029,"name":"随机3阶橙装礼包","items":[],"rand_num":1,"cli_items":[],"stat_num":0},
	"30030":{"id":30030,"name":"随机橙色命格礼包","items":[],"rand_num":1,"cli_items":[],"stat_num":0},
	"30031":{"id":30031,"name":"随机红色命格礼包","items":[],"rand_num":1,"cli_items":[],"stat_num":0},
	"30050":{"id":30050,"name":"英雄升星红钻包","items":[[4,280]],"rand_num":0,"cli_items":[],"stat_num":0},
	"30051":{"id":30051,"name":"绝版头像蓝钻包","items":[[3,400]],"rand_num":0,"cli_items":[],"stat_num":0},
	"30052":{"id":30052,"name":"极品橙武蓝钻包","items":[[3,800]],"rand_num":0,"cli_items":[],"stat_num":0},
	"30053":{"id":30053,"name":"英雄升星红钻包","items":[[4,280]],"rand_num":0,"cli_items":[],"stat_num":0},
	"30054":{"id":30054,"name":"英雄升星红钻包","items":[[4,280]],"rand_num":0,"cli_items":[],"stat_num":0},
	"30100":{"id":30100,"name":"英雄技能符石礼包","items":[[10030,1]],"rand_num":1,"cli_items":[],"stat_num":0},
	"30110":{"id":30110,"name":"帮会技能晶石礼包","items":[],"rand_num":1,"cli_items":[],"stat_num":0},
	"30150":{"id":30150,"name":"S级星灵礼包","items":[],"rand_num":1,"cli_items":[],"stat_num":0},
	"30151":{"id":30151,"name":"SS级星灵礼包","items":[],"rand_num":1,"cli_items":[],"stat_num":0},
	"30152":{"id":30152,"name":"A级星灵礼包","items":[],"rand_num":1,"cli_items":[],"stat_num":0},
	"30153":{"id":30153,"name":"S级月曜礼包","items":[],"rand_num":1,"cli_items":[],"stat_num":0},
	"30154":{"id":30154,"name":"SS级月曜礼包","items":[],"rand_num":1,"cli_items":[],"stat_num":0},
	"30155":{"id":30155,"name":"S级神圣礼包","items":[],"rand_num":1,"cli_items":[],"stat_num":0},
	"30156":{"id":30156,"name":"SS级神圣礼包","items":[],"rand_num":1,"cli_items":[],"stat_num":0},
	"30200":{"id":30200,"name":"30级橙装四件套","items":[[44103,1],[44203,1],[44303,1],[44403,1]],"rand_num":0,"cli_items":[],"stat_num":0},
	"30201":{"id":30201,"name":"20级橙装四件套","items":[[44102,1],[44202,1],[44302,1],[44402,1]],"rand_num":0,"cli_items":[],"stat_num":0},
	"30202":{"id":30202,"name":"40级橙装四件套","items":[[44104,1],[44204,1],[44304,1],[44404,1]],"rand_num":0,"cli_items":[],"stat_num":0},
	"30203":{"id":30203,"name":"50级橙装四件套","items":[[44105,1],[44205,1],[44305,1],[44405,1]],"rand_num":0,"cli_items":[],"stat_num":0},
	"30204":{"id":30204,"name":"60级橙装四件套","items":[[44106,1],[44206,1],[44306,1],[44406,1]],"rand_num":0,"cli_items":[],"stat_num":0},
	"30300":{"id":30300,"name":"宝石礼包","items":[[70003,5]],"rand_num":0,"cli_items":[],"stat_num":0},
	"30301":{"id":30301,"name":"特惠金币礼包","items":[[1,66666],[10004,1]],"rand_num":5,"cli_items":[],"stat_num":0},
	"30302":{"id":30302,"name":"大袋金币","items":[[1,3000]],"rand_num":5,"cli_items":[],"stat_num":0},
	"30303":{"id":30303,"name":"小袋金币","items":[[1,1000]],"rand_num":0,"cli_items":[],"stat_num":0},
	"30304":{"id":30304,"name":"特大袋金币","items":[[1,9000]],"rand_num":0,"cli_items":[],"stat_num":0},
	"30305":{"id":30305,"name":"大袋银币","items":[[2,300000]],"rand_num":0,"cli_items":[],"stat_num":0},
	"30306":{"id":30306,"name":"特大袋银币","items":[[2,900000]],"rand_num":0,"cli_items":[],"stat_num":0},
	"30307":{"id":30307,"name":"圣器飞升宝盒","items":[[72001,5]],"rand_num":0,"cli_items":[],"stat_num":0},
	"30308":{"id":30308,"name":"冒险笔记","items":[[7,1000]],"rand_num":0,"cli_items":[],"stat_num":0},
	"30309":{"id":30309,"name":"冒险宝典","items":[[7,3000]],"rand_num":0,"cli_items":[],"stat_num":0},
	"30310":{"id":30310,"name":"星命精华袋","items":[[10301,500]],"rand_num":0,"cli_items":[],"stat_num":0},
	"30311":{"id":30311,"name":"星命典藏礼盒","items":[[10301,2000]],"rand_num":0,"cli_items":[],"stat_num":0},
	"30312":{"id":30312,"name":"星灵石","items":[[18,1000]],"rand_num":0,"cli_items":[],"stat_num":0},
	"30350":{"id":30350,"name":"试炼勇者礼包","items":[],"rand_num":1,"cli_items":[],"stat_num":0},
	"30351":{"id":30351,"name":"试炼王者礼包","items":[],"rand_num":1,"cli_items":[],"stat_num":0},
	"30400":{"id":30400,"name":"百万银币","items":[[2,1000000]],"rand_num":0,"cli_items":[],"stat_num":0},
	"30401":{"id":30401,"name":"阵法书自选礼包","items":[],"rand_num":1,"cli_items":[],"stat_num":0},
	"31000":{"id":31000,"name":"星灵碎片礼包","items":[],"rand_num":1,"cli_items":[],"stat_num":0},
	"31001":{"id":31001,"name":"SS星灵碎片礼包","items":[],"rand_num":1,"cli_items":[],"stat_num":0},
	"31002":{"id":31002,"name":"月曜碎片礼包","items":[],"rand_num":1,"cli_items":[],"stat_num":0},
	"31003":{"id":31003,"name":"SS月曜碎片礼包","items":[],"rand_num":1,"cli_items":[],"stat_num":0},
	"31004":{"id":31004,"name":"神圣碎片礼包","items":[],"rand_num":1,"cli_items":[],"stat_num":0},
	"31005":{"id":31005,"name":"SS神圣碎片礼包","items":[],"rand_num":1,"cli_items":[],"stat_num":0},
	"32000":{"id":32000,"name":"初级宝石碎片礼包","items":[[70003,1]],"rand_num":1,"cli_items":[],"stat_num":0},
	"32001":{"id":32001,"name":"高级宝石碎片礼包","items":[[70003,9]],"rand_num":1,"cli_items":[],"stat_num":0},
	"32002":{"id":32002,"name":"中级宝石碎片礼包","items":[[70003,3]],"rand_num":1,"cli_items":[],"stat_num":0},
	"32050":{"id":32050,"name":"秘宝碎片礼包","items":[],"rand_num":1,"cli_items":[],"stat_num":0},
	"33000":{"id":33000,"name":"众神战场胜利礼包","items":[],"rand_num":1,"cli_items":[],"stat_num":0},
	"33001":{"id":33001,"name":"众神战场和平礼包","items":[],"rand_num":1,"cli_items":[],"stat_num":0},
	"33002":{"id":33002,"name":"众神战场希望礼包","items":[],"rand_num":1,"cli_items":[],"stat_num":0},
	"34001":{"id":34001,"name":"4阶橙装礼盒","items":[],"rand_num":1,"cli_items":[],"stat_num":0},
	"34002":{"id":34002,"name":"5阶橙装礼盒","items":[],"rand_num":1,"cli_items":[],"stat_num":0},
	"34003":{"id":34003,"name":"6阶橙装礼盒","items":[],"rand_num":1,"cli_items":[],"stat_num":0},
	"34004":{"id":34004,"name":"高级宝石碎片礼包","items":[[70003,9]],"rand_num":0,"cli_items":[],"stat_num":0},
	"34005":{"id":34005,"name":"上级宝石碎片礼包","items":[[70003,27]],"rand_num":0,"cli_items":[],"stat_num":0},
	"34006":{"id":34006,"name":"顶级宝石碎片礼包","items":[[70003,81]],"rand_num":0,"cli_items":[],"stat_num":0},
	"34007":{"id":34007,"name":"紫色圣器礼盒","items":[],"rand_num":1,"cli_items":[],"stat_num":0},
	"34008":{"id":34008,"name":"橙色圣器礼盒","items":[],"rand_num":1,"cli_items":[],"stat_num":0},
	"34009":{"id":34009,"name":"随机神将礼包","items":[],"rand_num":1,"cli_items":[],"stat_num":0},
	"34010":{"id":34010,"name":"8阶橙装礼盒","items":[],"rand_num":1,"cli_items":[],"stat_num":0},
	"34011":{"id":34011,"name":"初级突破礼包","items":[],"rand_num":1,"cli_items":[],"stat_num":0},
	"34012":{"id":34012,"name":"中级突破礼包","items":[],"rand_num":1,"cli_items":[],"stat_num":0},
	"34013":{"id":34013,"name":"7阶橙装礼盒","items":[],"rand_num":1,"cli_items":[],"stat_num":0},
	"34014":{"id":34014,"name":"9阶橙装礼盒","items":[],"rand_num":1,"cli_items":[],"stat_num":0},
	"35001":{"id":35001,"name":"神将碎片自选礼包","items":[],"rand_num":0,"cli_items":[],"stat_num":0},
	"35010":{"id":35010,"name":"圣魂之灵宝盒","items":[],"rand_num":1,"cli_items":[],"stat_num":0},
	"35011":{"id":35011,"name":"圣魄之灵宝盒","items":[],"rand_num":1,"cli_items":[],"stat_num":0},
	"35012":{"id":35012,"name":"圣意之灵宝盒","items":[],"rand_num":1,"cli_items":[],"stat_num":0},
	"35013":{"id":35013,"name":"圣念之灵宝盒","items":[],"rand_num":1,"cli_items":[],"stat_num":0},
	"35020":{"id":35020,"name":"圣魂之灵神盒","items":[],"rand_num":1,"cli_items":[],"stat_num":0},
	"35021":{"id":35021,"name":"圣魄之灵神盒","items":[],"rand_num":1,"cli_items":[],"stat_num":0},
	"35022":{"id":35022,"name":"圣意之灵神盒","items":[],"rand_num":1,"cli_items":[],"stat_num":0},
	"35023":{"id":35023,"name":"圣念之灵神盒","items":[],"rand_num":1,"cli_items":[],"stat_num":0},
	"35100":{"id":35100,"name":"神圣碎片礼包","items":[],"rand_num":1,"cli_items":[],"stat_num":0},
	"35111":{"id":35111,"name":"中品宝石矿","items":[[70003,10]],"rand_num":0,"cli_items":[],"stat_num":0},
	"35112":{"id":35112,"name":"上品宝石矿","items":[[70003,30]],"rand_num":0,"cli_items":[],"stat_num":0},
	"35113":{"id":35113,"name":"极品宝石矿","items":[[70003,50]],"rand_num":0,"cli_items":[],"stat_num":0},
	"36001":{"id":36001,"name":"帮会战战绩宝箱","items":[],"rand_num":1,"cli_items":[],"stat_num":0},
	"36002":{"id":36002,"name":"帮会战胜利宝箱","items":[],"rand_num":1,"cli_items":[],"stat_num":0},
	"36003":{"id":36003,"name":"帮会战安慰宝箱","items":[],"rand_num":1,"cli_items":[],"stat_num":0},
	"37010":{"id":37010,"name":"紫色命格","items":[],"rand_num":1,"cli_items":[],"stat_num":0},
	"37011":{"id":37011,"name":"橙色命格","items":[],"rand_num":1,"cli_items":[],"stat_num":0},
	"37012":{"id":37012,"name":"红色命格","items":[],"rand_num":1,"cli_items":[],"stat_num":0},
	"10402":{"id":10402,"name":"五连召唤券","items":[],"rand_num":0,"cli_items":[],"stat_num":0},
	"99000":{"id":99000,"name":"投资计划","items":[[3,888],[4,4028],[1,270000]],"rand_num":0,"cli_items":[],"stat_num":0},
	"38010":{"id":38010,"name":"先知水晶礼包","items":[[14001,3],[10001,1000],[1,100000]],"rand_num":0,"cli_items":[],"stat_num":0},
	"38020":{"id":38020,"name":"快速作战特权礼包","items":[[30053,1],[10403,10],[10001,1000]],"rand_num":0,"cli_items":[],"stat_num":0},
	"38030":{"id":38030,"name":"远航高级特权礼包","items":[[30054,1],[10403,5],[10001,300]],"rand_num":0,"cli_items":[],"stat_num":0},
	"38040":{"id":38040,"name":"远航豪华特权礼包","items":[[30055,1],[14001,1],[10403,10]],"rand_num":0,"cli_items":[],"stat_num":0},
	"38041":{"id":38041,"name":"幸运探宝礼包","items":[],"rand_num":1,"cli_items":[],"stat_num":0},
	"38042":{"id":38042,"name":"高级探宝礼包","items":[],"rand_num":1,"cli_items":[],"stat_num":0},
	"38101":{"id":38101,"name":"3星橙装礼包","items":[],"rand_num":1,"cli_items":[],"stat_num":0},
	"38051":{"id":38051,"name":"随机红装礼包","items":[],"rand_num":1,"cli_items":[],"stat_num":0},
	"38061":{"id":38061,"name":"随机2星红装礼包","items":[],"rand_num":1,"cli_items":[],"stat_num":0},
	"38071":{"id":38071,"name":"随机3星红装礼包","items":[],"rand_num":1,"cli_items":[],"stat_num":0},
	"38080":{"id":38080,"name":"随机橙装礼包","items":[],"rand_num":1,"cli_items":[],"stat_num":0},
	"38081":{"id":38081,"name":"随机2星橙装礼包","items":[],"rand_num":1,"cli_items":[],"stat_num":0},
	"38091":{"id":38091,"name":"随机3星橙装礼包","items":[],"rand_num":1,"cli_items":[],"stat_num":0},
	"38092":{"id":38092,"name":"随机4星橙装礼包","items":[],"rand_num":1,"cli_items":[],"stat_num":0},
	"39001":{"id":39001,"name":"幸运召唤福袋","items":[],"rand_num":1,"cli_items":[],"stat_num":0},
	"39002":{"id":39002,"name":"英雄碎片福袋","items":[],"rand_num":1,"cli_items":[],"stat_num":0},
	"39003":{"id":39003,"name":"自然英雄碎片福袋","items":[],"rand_num":1,"cli_items":[],"stat_num":0},
	"39004":{"id":39004,"name":"水系英雄碎片福袋","items":[],"rand_num":1,"cli_items":[],"stat_num":0},
	"39005":{"id":39005,"name":"火系英雄碎片福袋","items":[],"rand_num":1,"cli_items":[],"stat_num":0},
	"39006":{"id":39006,"name":"先知召唤福袋","items":[],"rand_num":1,"cli_items":[],"stat_num":0},
	"39007":{"id":39007,"name":"寻宝达人福袋","items":[],"rand_num":1,"cli_items":[],"stat_num":0},
	"39008":{"id":39008,"name":"豪华自选材料包","items":[],"rand_num":0,"cli_items":[],"stat_num":0},
	"39009":{"id":39009,"name":"尊享自选材料包","items":[],"rand_num":0,"cli_items":[],"stat_num":0},
	"39010":{"id":39010,"name":"圣物结晶随机礼包","items":[],"rand_num":1,"cli_items":[],"stat_num":0},
	"39011":{"id":39011,"name":"限定召唤福袋","items":[],"rand_num":1,"cli_items":[],"stat_num":0},
	"39012":{"id":39012,"name":"星辰钥匙福袋","items":[],"rand_num":1,"cli_items":[],"stat_num":0},
	"39013":{"id":39013,"name":"春日钻石福袋","items":[],"rand_num":1,"cli_items":[],"stat_num":0},
	"39014":{"id":39014,"name":"春日钻石礼盒","items":[],"rand_num":1,"cli_items":[],"stat_num":0},
	"39015":{"id":39015,"name":"春日钻石补给箱","items":[],"rand_num":1,"cli_items":[],"stat_num":0},
	"39016":{"id":39016,"name":"春日钻石宝藏","items":[],"rand_num":1,"cli_items":[],"stat_num":0},
	"39017":{"id":39017,"name":"春日暖阳礼包","items":[],"rand_num":1,"cli_items":[],"stat_num":0},
	"39018":{"id":39018,"name":"春日暖心福利","items":[],"rand_num":1,"cli_items":[],"stat_num":0},
	"39019":{"id":39019,"name":"幸运福蛋","items":[],"rand_num":1,"cli_items":[],"stat_num":0},
	"39020":{"id":39020,"name":"天使降临福袋","items":[],"rand_num":1,"cli_items":[],"stat_num":0},
	"39021":{"id":39021,"name":"先知珍宝福袋","items":[],"rand_num":1,"cli_items":[],"stat_num":0},
	"39022":{"id":39022,"name":"2星2阶套装礼盒","items":[],"rand_num":1,"cli_items":[],"stat_num":0},
	"39023":{"id":39023,"name":"2星2阶狂怒套","items":[[2020201,1],[2020202,1],[2020203,1],[2020204,1]],"rand_num":0,"cli_items":[],"stat_num":0},
	"39024":{"id":39024,"name":"2星2阶斗志套","items":[[3020201,1],[3020202,1],[3020203,1],[3020204,1]],"rand_num":0,"cli_items":[],"stat_num":0},
	"39025":{"id":39025,"name":"2星2阶灵域套","items":[[4020201,1],[4020202,1],[4020203,1],[4020204,1]],"rand_num":0,"cli_items":[],"stat_num":0},
	"39028":{"id":39028,"name":"清凉一夏礼包","items":[],"rand_num":1,"cli_items":[],"stat_num":0},
	"39029":{"id":39029,"name":"盛夏之约礼包","items":[],"rand_num":1,"cli_items":[],"stat_num":0},
	"39030":{"id":39030,"name":"魔狼宝藏","items":[],"rand_num":1,"cli_items":[],"stat_num":0},
	"39037":{"id":39037,"name":"幸运精英宝盒","items":[],"rand_num":1,"cli_items":[],"stat_num":0},
	"39100":{"id":39100,"name":"邪焰黄昏礼包","items":[],"rand_num":1,"cli_items":[],"stat_num":0},
	"39101":{"id":39101,"name":"玉兔宝盒","items":[],"rand_num":1,"cli_items":[],"stat_num":0},
	"39102":{"id":39102,"name":"尘世礼包","items":[],"rand_num":1,"cli_items":[],"stat_num":0},
	"39103":{"id":39103,"name":"尘世之梦礼包","items":[],"rand_num":1,"cli_items":[],"stat_num":0},
	"39104":{"id":39104,"name":"神秘精英礼包","items":[],"rand_num":1,"cli_items":[],"stat_num":0},
	"39105":{"id":39105,"name":"神秘高级礼包","items":[],"rand_num":1,"cli_items":[],"stat_num":0},
	"60201":{"id":60201,"name":"三系辅助自选礼包","items":[],"rand_num":0,"cli_items":[],"stat_num":0},
	"60202":{"id":60202,"name":"三系输出自选礼包","items":[],"rand_num":0,"cli_items":[],"stat_num":0},
	"60203":{"id":60203,"name":"水系输出自选礼包","items":[],"rand_num":0,"cli_items":[],"stat_num":0},
	"99001":{"id":99001,"name":"新春红包","items":[],"rand_num":1,"cli_items":[],"stat_num":0},
	"80202":{"id":80202,"name":"欢庆元宵","items":[[10002,1],[80201,5]],"rand_num":0,"cli_items":[],"stat_num":0},
	"80203":{"id":80203,"name":"纳福元宵","items":[[37001,1],[80201,5]],"rand_num":0,"cli_items":[],"stat_num":0},
	"80204":{"id":80204,"name":"丰登元宵","items":[[10450,50],[80201,5]],"rand_num":0,"cli_items":[],"stat_num":0},
	"80205":{"id":80205,"name":"八宝元宵","items":[[80201,5]],"rand_num":1,"cli_items":[],"stat_num":0},
	"80206":{"id":80206,"name":"发光的元宵","items":[[10403,1],[80201,5]],"rand_num":0,"cli_items":[],"stat_num":0},
	"80207":{"id":80207,"name":"神秘的元宵","items":[[14001,1],[80201,5]],"rand_num":0,"cli_items":[],"stat_num":0},
	"80208":{"id":80208,"name":"不可名状之物","items":[[1,88888],[80201,5]],"rand_num":0,"cli_items":[],"stat_num":0},
	"80209":{"id":80209,"name":"特级糖粉","items":[[1,666]],"rand_num":0,"cli_items":[],"stat_num":0},
	"80210":{"id":80210,"name":"黑芝麻","items":[[1,666]],"rand_num":0,"cli_items":[],"stat_num":0},
	"80211":{"id":80211,"name":"糯米粉","items":[[1,666]],"rand_num":0,"cli_items":[],"stat_num":0},
	"17009":{"id":17009,"name":"原初结晶","items":[],"rand_num":0,"cli_items":[],"stat_num":0},
	"99010101":{"id":99010101,"name":"1星勇气耳环","items":[],"rand_num":1,"cli_items":[],"stat_num":0},
	"99010201":{"id":99010201,"name":"2星勇气耳环","items":[],"rand_num":1,"cli_items":[],"stat_num":0},
	"99010301":{"id":99010301,"name":"3星勇气耳环","items":[],"rand_num":1,"cli_items":[],"stat_num":0},
	"99010401":{"id":99010401,"name":"4星勇气耳环","items":[],"rand_num":1,"cli_items":[],"stat_num":0},
	"99010501":{"id":99010501,"name":"5星勇气耳环","items":[],"rand_num":1,"cli_items":[],"stat_num":0},
	"99010601":{"id":99010601,"name":"6星勇气耳环","items":[],"rand_num":1,"cli_items":[],"stat_num":0},
	"99010701":{"id":99010701,"name":"7星勇气耳环","items":[],"rand_num":1,"cli_items":[],"stat_num":0},
	"99010801":{"id":99010801,"name":"8星勇气耳环","items":[],"rand_num":1,"cli_items":[],"stat_num":0},
	"99010901":{"id":99010901,"name":"9星勇气耳环","items":[],"rand_num":1,"cli_items":[],"stat_num":0},
	"99011001":{"id":99011001,"name":"10星勇气耳环","items":[],"rand_num":1,"cli_items":[],"stat_num":0},
	"99010102":{"id":99010102,"name":"1星勇气项链","items":[],"rand_num":1,"cli_items":[],"stat_num":0},
	"99010202":{"id":99010202,"name":"2星勇气项链","items":[],"rand_num":1,"cli_items":[],"stat_num":0},
	"99010302":{"id":99010302,"name":"3星勇气项链","items":[],"rand_num":1,"cli_items":[],"stat_num":0},
	"99010402":{"id":99010402,"name":"4星勇气项链","items":[],"rand_num":1,"cli_items":[],"stat_num":0},
	"99010502":{"id":99010502,"name":"5星勇气项链","items":[],"rand_num":1,"cli_items":[],"stat_num":0},
	"99010602":{"id":99010602,"name":"6星勇气项链","items":[],"rand_num":1,"cli_items":[],"stat_num":0},
	"99010702":{"id":99010702,"name":"7星勇气项链","items":[],"rand_num":1,"cli_items":[],"stat_num":0},
	"99010802":{"id":99010802,"name":"8星勇气项链","items":[],"rand_num":1,"cli_items":[],"stat_num":0},
	"99010902":{"id":99010902,"name":"9星勇气项链","items":[],"rand_num":1,"cli_items":[],"stat_num":0},
	"99011002":{"id":99011002,"name":"10星勇气项链","items":[],"rand_num":1,"cli_items":[],"stat_num":0},
	"99010103":{"id":99010103,"name":"1星勇气戒指","items":[],"rand_num":1,"cli_items":[],"stat_num":0},
	"99010203":{"id":99010203,"name":"2星勇气戒指","items":[],"rand_num":1,"cli_items":[],"stat_num":0},
	"99010303":{"id":99010303,"name":"3星勇气戒指","items":[],"rand_num":1,"cli_items":[],"stat_num":0},
	"99010403":{"id":99010403,"name":"4星勇气戒指","items":[],"rand_num":1,"cli_items":[],"stat_num":0},
	"99010503":{"id":99010503,"name":"5星勇气戒指","items":[],"rand_num":1,"cli_items":[],"stat_num":0},
	"99010603":{"id":99010603,"name":"6星勇气戒指","items":[],"rand_num":1,"cli_items":[],"stat_num":0},
	"99010703":{"id":99010703,"name":"7星勇气戒指","items":[],"rand_num":1,"cli_items":[],"stat_num":0},
	"99010803":{"id":99010803,"name":"8星勇气戒指","items":[],"rand_num":1,"cli_items":[],"stat_num":0},
	"99010903":{"id":99010903,"name":"9星勇气戒指","items":[],"rand_num":1,"cli_items":[],"stat_num":0},
	"99011003":{"id":99011003,"name":"10星勇气戒指","items":[],"rand_num":1,"cli_items":[],"stat_num":0},
	"99010104":{"id":99010104,"name":"1星勇气手镯","items":[],"rand_num":1,"cli_items":[],"stat_num":0},
	"99010204":{"id":99010204,"name":"2星勇气手镯","items":[],"rand_num":1,"cli_items":[],"stat_num":0},
	"99010304":{"id":99010304,"name":"3星勇气手镯","items":[],"rand_num":1,"cli_items":[],"stat_num":0},
	"99010404":{"id":99010404,"name":"4星勇气手镯","items":[],"rand_num":1,"cli_items":[],"stat_num":0},
	"99010504":{"id":99010504,"name":"5星勇气手镯","items":[],"rand_num":1,"cli_items":[],"stat_num":0},
	"99010604":{"id":99010604,"name":"6星勇气手镯","items":[],"rand_num":1,"cli_items":[],"stat_num":0},
	"99010704":{"id":99010704,"name":"7星勇气手镯","items":[],"rand_num":1,"cli_items":[],"stat_num":0},
	"99010804":{"id":99010804,"name":"8星勇气手镯","items":[],"rand_num":1,"cli_items":[],"stat_num":0},
	"99010904":{"id":99010904,"name":"9星勇气手镯","items":[],"rand_num":1,"cli_items":[],"stat_num":0},
	"99011004":{"id":99011004,"name":"10星勇气手镯","items":[],"rand_num":1,"cli_items":[],"stat_num":0},
	"99020101":{"id":99020101,"name":"1星狂怒耳环","items":[],"rand_num":1,"cli_items":[],"stat_num":0},
	"99020201":{"id":99020201,"name":"2星狂怒耳环","items":[],"rand_num":1,"cli_items":[],"stat_num":0},
	"99020301":{"id":99020301,"name":"3星狂怒耳环","items":[],"rand_num":1,"cli_items":[],"stat_num":0},
	"99020401":{"id":99020401,"name":"4星狂怒耳环","items":[],"rand_num":1,"cli_items":[],"stat_num":0},
	"99020501":{"id":99020501,"name":"5星狂怒耳环","items":[],"rand_num":1,"cli_items":[],"stat_num":0},
	"99020601":{"id":99020601,"name":"6星狂怒耳环","items":[],"rand_num":1,"cli_items":[],"stat_num":0},
	"99020701":{"id":99020701,"name":"7星狂怒耳环","items":[],"rand_num":1,"cli_items":[],"stat_num":0},
	"99020801":{"id":99020801,"name":"8星狂怒耳环","items":[],"rand_num":1,"cli_items":[],"stat_num":0},
	"99020901":{"id":99020901,"name":"9星狂怒耳环","items":[],"rand_num":1,"cli_items":[],"stat_num":0},
	"99021001":{"id":99021001,"name":"10星狂怒耳环","items":[],"rand_num":1,"cli_items":[],"stat_num":0},
	"99020102":{"id":99020102,"name":"1星狂怒项链","items":[],"rand_num":1,"cli_items":[],"stat_num":0},
	"99020202":{"id":99020202,"name":"2星狂怒项链","items":[],"rand_num":1,"cli_items":[],"stat_num":0},
	"99020302":{"id":99020302,"name":"3星狂怒项链","items":[],"rand_num":1,"cli_items":[],"stat_num":0},
	"99020402":{"id":99020402,"name":"4星狂怒项链","items":[],"rand_num":1,"cli_items":[],"stat_num":0},
	"99020502":{"id":99020502,"name":"5星狂怒项链","items":[],"rand_num":1,"cli_items":[],"stat_num":0},
	"99020602":{"id":99020602,"name":"6星狂怒项链","items":[],"rand_num":1,"cli_items":[],"stat_num":0},
	"99020702":{"id":99020702,"name":"7星狂怒项链","items":[],"rand_num":1,"cli_items":[],"stat_num":0},
	"99020802":{"id":99020802,"name":"8星狂怒项链","items":[],"rand_num":1,"cli_items":[],"stat_num":0},
	"99020902":{"id":99020902,"name":"9星狂怒项链","items":[],"rand_num":1,"cli_items":[],"stat_num":0},
	"99021002":{"id":99021002,"name":"10星狂怒项链","items":[],"rand_num":1,"cli_items":[],"stat_num":0},
	"99020103":{"id":99020103,"name":"1星狂怒戒指","items":[],"rand_num":1,"cli_items":[],"stat_num":0},
	"99020203":{"id":99020203,"name":"2星狂怒戒指","items":[],"rand_num":1,"cli_items":[],"stat_num":0},
	"99020303":{"id":99020303,"name":"3星狂怒戒指","items":[],"rand_num":1,"cli_items":[],"stat_num":0},
	"99020403":{"id":99020403,"name":"4星狂怒戒指","items":[],"rand_num":1,"cli_items":[],"stat_num":0},
	"99020503":{"id":99020503,"name":"5星狂怒戒指","items":[],"rand_num":1,"cli_items":[],"stat_num":0},
	"99020603":{"id":99020603,"name":"6星狂怒戒指","items":[],"rand_num":1,"cli_items":[],"stat_num":0},
	"99020703":{"id":99020703,"name":"7星狂怒戒指","items":[],"rand_num":1,"cli_items":[],"stat_num":0},
	"99020803":{"id":99020803,"name":"8星狂怒戒指","items":[],"rand_num":1,"cli_items":[],"stat_num":0},
	"99020903":{"id":99020903,"name":"9星狂怒戒指","items":[],"rand_num":1,"cli_items":[],"stat_num":0},
	"99021003":{"id":99021003,"name":"10星狂怒戒指","items":[],"rand_num":1,"cli_items":[],"stat_num":0},
	"99020104":{"id":99020104,"name":"1星狂怒手镯","items":[],"rand_num":1,"cli_items":[],"stat_num":0},
	"99020204":{"id":99020204,"name":"2星狂怒手镯","items":[],"rand_num":1,"cli_items":[],"stat_num":0},
	"99020304":{"id":99020304,"name":"3星狂怒手镯","items":[],"rand_num":1,"cli_items":[],"stat_num":0},
	"99020404":{"id":99020404,"name":"4星狂怒手镯","items":[],"rand_num":1,"cli_items":[],"stat_num":0},
	"99020504":{"id":99020504,"name":"5星狂怒手镯","items":[],"rand_num":1,"cli_items":[],"stat_num":0},
	"99020604":{"id":99020604,"name":"6星狂怒手镯","items":[],"rand_num":1,"cli_items":[],"stat_num":0},
	"99020704":{"id":99020704,"name":"7星狂怒手镯","items":[],"rand_num":1,"cli_items":[],"stat_num":0},
	"99020804":{"id":99020804,"name":"8星狂怒手镯","items":[],"rand_num":1,"cli_items":[],"stat_num":0},
	"99020904":{"id":99020904,"name":"9星狂怒手镯","items":[],"rand_num":1,"cli_items":[],"stat_num":0},
	"99021004":{"id":99021004,"name":"10星狂怒手镯","items":[],"rand_num":1,"cli_items":[],"stat_num":0},
	"99030101":{"id":99030101,"name":"1星斗志耳环","items":[],"rand_num":1,"cli_items":[],"stat_num":0},
	"99030201":{"id":99030201,"name":"2星斗志耳环","items":[],"rand_num":1,"cli_items":[],"stat_num":0},
	"99030301":{"id":99030301,"name":"3星斗志耳环","items":[],"rand_num":1,"cli_items":[],"stat_num":0},
	"99030401":{"id":99030401,"name":"4星斗志耳环","items":[],"rand_num":1,"cli_items":[],"stat_num":0},
	"99030501":{"id":99030501,"name":"5星斗志耳环","items":[],"rand_num":1,"cli_items":[],"stat_num":0},
	"99030601":{"id":99030601,"name":"6星斗志耳环","items":[],"rand_num":1,"cli_items":[],"stat_num":0},
	"99030701":{"id":99030701,"name":"7星斗志耳环","items":[],"rand_num":1,"cli_items":[],"stat_num":0},
	"99030801":{"id":99030801,"name":"8星斗志耳环","items":[],"rand_num":1,"cli_items":[],"stat_num":0},
	"99030901":{"id":99030901,"name":"9星斗志耳环","items":[],"rand_num":1,"cli_items":[],"stat_num":0},
	"99031001":{"id":99031001,"name":"10星斗志耳环","items":[],"rand_num":1,"cli_items":[],"stat_num":0},
	"99030102":{"id":99030102,"name":"1星斗志项链","items":[],"rand_num":1,"cli_items":[],"stat_num":0},
	"99030202":{"id":99030202,"name":"2星斗志项链","items":[],"rand_num":1,"cli_items":[],"stat_num":0},
	"99030302":{"id":99030302,"name":"3星斗志项链","items":[],"rand_num":1,"cli_items":[],"stat_num":0},
	"99030402":{"id":99030402,"name":"4星斗志项链","items":[],"rand_num":1,"cli_items":[],"stat_num":0},
	"99030502":{"id":99030502,"name":"5星斗志项链","items":[],"rand_num":1,"cli_items":[],"stat_num":0},
	"99030602":{"id":99030602,"name":"6星斗志项链","items":[],"rand_num":1,"cli_items":[],"stat_num":0},
	"99030702":{"id":99030702,"name":"7星斗志项链","items":[],"rand_num":1,"cli_items":[],"stat_num":0},
	"99030802":{"id":99030802,"name":"8星斗志项链","items":[],"rand_num":1,"cli_items":[],"stat_num":0},
	"99030902":{"id":99030902,"name":"9星斗志项链","items":[],"rand_num":1,"cli_items":[],"stat_num":0},
	"99031002":{"id":99031002,"name":"10星斗志项链","items":[],"rand_num":1,"cli_items":[],"stat_num":0},
	"99030103":{"id":99030103,"name":"1星斗志戒指","items":[],"rand_num":1,"cli_items":[],"stat_num":0},
	"99030203":{"id":99030203,"name":"2星斗志戒指","items":[],"rand_num":1,"cli_items":[],"stat_num":0},
	"99030303":{"id":99030303,"name":"3星斗志戒指","items":[],"rand_num":1,"cli_items":[],"stat_num":0},
	"99030403":{"id":99030403,"name":"4星斗志戒指","items":[],"rand_num":1,"cli_items":[],"stat_num":0},
	"99030503":{"id":99030503,"name":"5星斗志戒指","items":[],"rand_num":1,"cli_items":[],"stat_num":0},
	"99030603":{"id":99030603,"name":"6星斗志戒指","items":[],"rand_num":1,"cli_items":[],"stat_num":0},
	"99030703":{"id":99030703,"name":"7星斗志戒指","items":[],"rand_num":1,"cli_items":[],"stat_num":0},
	"99030803":{"id":99030803,"name":"8星斗志戒指","items":[],"rand_num":1,"cli_items":[],"stat_num":0},
	"99030903":{"id":99030903,"name":"9星斗志戒指","items":[],"rand_num":1,"cli_items":[],"stat_num":0},
	"99031003":{"id":99031003,"name":"10星斗志戒指","items":[],"rand_num":1,"cli_items":[],"stat_num":0},
	"99030104":{"id":99030104,"name":"1星斗志手镯","items":[],"rand_num":1,"cli_items":[],"stat_num":0},
	"99030204":{"id":99030204,"name":"2星斗志手镯","items":[],"rand_num":1,"cli_items":[],"stat_num":0},
	"99030304":{"id":99030304,"name":"3星斗志手镯","items":[],"rand_num":1,"cli_items":[],"stat_num":0},
	"99030404":{"id":99030404,"name":"4星斗志手镯","items":[],"rand_num":1,"cli_items":[],"stat_num":0},
	"99030504":{"id":99030504,"name":"5星斗志手镯","items":[],"rand_num":1,"cli_items":[],"stat_num":0},
	"99030604":{"id":99030604,"name":"6星斗志手镯","items":[],"rand_num":1,"cli_items":[],"stat_num":0},
	"99030704":{"id":99030704,"name":"7星斗志手镯","items":[],"rand_num":1,"cli_items":[],"stat_num":0},
	"99030804":{"id":99030804,"name":"8星斗志手镯","items":[],"rand_num":1,"cli_items":[],"stat_num":0},
	"99030904":{"id":99030904,"name":"9星斗志手镯","items":[],"rand_num":1,"cli_items":[],"stat_num":0},
	"99031004":{"id":99031004,"name":"10星斗志手镯","items":[],"rand_num":1,"cli_items":[],"stat_num":0},
	"99040101":{"id":99040101,"name":"1星灵咏耳环","items":[],"rand_num":1,"cli_items":[],"stat_num":0},
	"99040201":{"id":99040201,"name":"2星灵咏耳环","items":[],"rand_num":1,"cli_items":[],"stat_num":0},
	"99040301":{"id":99040301,"name":"3星灵咏耳环","items":[],"rand_num":1,"cli_items":[],"stat_num":0},
	"99040401":{"id":99040401,"name":"4星灵咏耳环","items":[],"rand_num":1,"cli_items":[],"stat_num":0},
	"99040501":{"id":99040501,"name":"5星灵咏耳环","items":[],"rand_num":1,"cli_items":[],"stat_num":0},
	"99040601":{"id":99040601,"name":"6星灵咏耳环","items":[],"rand_num":1,"cli_items":[],"stat_num":0},
	"99040701":{"id":99040701,"name":"7星灵咏耳环","items":[],"rand_num":1,"cli_items":[],"stat_num":0},
	"99040801":{"id":99040801,"name":"8星灵咏耳环","items":[],"rand_num":1,"cli_items":[],"stat_num":0},
	"99040901":{"id":99040901,"name":"9星灵咏耳环","items":[],"rand_num":1,"cli_items":[],"stat_num":0},
	"99041001":{"id":99041001,"name":"10星灵咏耳环","items":[],"rand_num":1,"cli_items":[],"stat_num":0},
	"99040102":{"id":99040102,"name":"1星灵咏项链","items":[],"rand_num":1,"cli_items":[],"stat_num":0},
	"99040202":{"id":99040202,"name":"2星灵咏项链","items":[],"rand_num":1,"cli_items":[],"stat_num":0},
	"99040302":{"id":99040302,"name":"3星灵咏项链","items":[],"rand_num":1,"cli_items":[],"stat_num":0},
	"99040402":{"id":99040402,"name":"4星灵咏项链","items":[],"rand_num":1,"cli_items":[],"stat_num":0},
	"99040502":{"id":99040502,"name":"5星灵咏项链","items":[],"rand_num":1,"cli_items":[],"stat_num":0},
	"99040602":{"id":99040602,"name":"6星灵咏项链","items":[],"rand_num":1,"cli_items":[],"stat_num":0},
	"99040702":{"id":99040702,"name":"7星灵咏项链","items":[],"rand_num":1,"cli_items":[],"stat_num":0},
	"99040802":{"id":99040802,"name":"8星灵咏项链","items":[],"rand_num":1,"cli_items":[],"stat_num":0},
	"99040902":{"id":99040902,"name":"9星灵咏项链","items":[],"rand_num":1,"cli_items":[],"stat_num":0},
	"99041002":{"id":99041002,"name":"10星灵咏项链","items":[],"rand_num":1,"cli_items":[],"stat_num":0},
	"99040103":{"id":99040103,"name":"1星灵咏戒指","items":[],"rand_num":1,"cli_items":[],"stat_num":0},
	"99040203":{"id":99040203,"name":"2星灵咏戒指","items":[],"rand_num":1,"cli_items":[],"stat_num":0},
	"99040303":{"id":99040303,"name":"3星灵咏戒指","items":[],"rand_num":1,"cli_items":[],"stat_num":0},
	"99040403":{"id":99040403,"name":"4星灵咏戒指","items":[],"rand_num":1,"cli_items":[],"stat_num":0},
	"99040503":{"id":99040503,"name":"5星灵咏戒指","items":[],"rand_num":1,"cli_items":[],"stat_num":0},
	"99040603":{"id":99040603,"name":"6星灵咏戒指","items":[],"rand_num":1,"cli_items":[],"stat_num":0},
	"99040703":{"id":99040703,"name":"7星灵咏戒指","items":[],"rand_num":1,"cli_items":[],"stat_num":0},
	"99040803":{"id":99040803,"name":"8星灵咏戒指","items":[],"rand_num":1,"cli_items":[],"stat_num":0},
	"99040903":{"id":99040903,"name":"9星灵咏戒指","items":[],"rand_num":1,"cli_items":[],"stat_num":0},
	"99041003":{"id":99041003,"name":"10星灵咏戒指","items":[],"rand_num":1,"cli_items":[],"stat_num":0},
	"99040104":{"id":99040104,"name":"1星灵咏手镯","items":[],"rand_num":1,"cli_items":[],"stat_num":0},
	"99040204":{"id":99040204,"name":"2星灵咏手镯","items":[],"rand_num":1,"cli_items":[],"stat_num":0},
	"99040304":{"id":99040304,"name":"3星灵咏手镯","items":[],"rand_num":1,"cli_items":[],"stat_num":0},
	"99040404":{"id":99040404,"name":"4星灵咏手镯","items":[],"rand_num":1,"cli_items":[],"stat_num":0},
	"99040504":{"id":99040504,"name":"5星灵咏手镯","items":[],"rand_num":1,"cli_items":[],"stat_num":0},
	"99040604":{"id":99040604,"name":"6星灵咏手镯","items":[],"rand_num":1,"cli_items":[],"stat_num":0},
	"99040704":{"id":99040704,"name":"7星灵咏手镯","items":[],"rand_num":1,"cli_items":[],"stat_num":0},
	"99040804":{"id":99040804,"name":"8星灵咏手镯","items":[],"rand_num":1,"cli_items":[],"stat_num":0},
	"99040904":{"id":99040904,"name":"9星灵咏手镯","items":[],"rand_num":1,"cli_items":[],"stat_num":0},
	"99041004":{"id":99041004,"name":"10星灵咏手镯","items":[],"rand_num":1,"cli_items":[],"stat_num":0},
	"99050101":{"id":99050101,"name":"1星穿甲耳环","items":[],"rand_num":1,"cli_items":[],"stat_num":0},
	"99050201":{"id":99050201,"name":"2星穿甲耳环","items":[],"rand_num":1,"cli_items":[],"stat_num":0},
	"99050301":{"id":99050301,"name":"3星穿甲耳环","items":[],"rand_num":1,"cli_items":[],"stat_num":0},
	"99050401":{"id":99050401,"name":"4星穿甲耳环","items":[],"rand_num":1,"cli_items":[],"stat_num":0},
	"99050501":{"id":99050501,"name":"5星穿甲耳环","items":[],"rand_num":1,"cli_items":[],"stat_num":0},
	"99050601":{"id":99050601,"name":"6星穿甲耳环","items":[],"rand_num":1,"cli_items":[],"stat_num":0},
	"99050701":{"id":99050701,"name":"7星穿甲耳环","items":[],"rand_num":1,"cli_items":[],"stat_num":0},
	"99050801":{"id":99050801,"name":"8星穿甲耳环","items":[],"rand_num":1,"cli_items":[],"stat_num":0},
	"99050901":{"id":99050901,"name":"9星穿甲耳环","items":[],"rand_num":1,"cli_items":[],"stat_num":0},
	"99051001":{"id":99051001,"name":"10星穿甲耳环","items":[],"rand_num":1,"cli_items":[],"stat_num":0},
	"99050102":{"id":99050102,"name":"1星穿甲项链","items":[],"rand_num":1,"cli_items":[],"stat_num":0},
	"99050202":{"id":99050202,"name":"2星穿甲项链","items":[],"rand_num":1,"cli_items":[],"stat_num":0},
	"99050302":{"id":99050302,"name":"3星穿甲项链","items":[],"rand_num":1,"cli_items":[],"stat_num":0},
	"99050402":{"id":99050402,"name":"4星穿甲项链","items":[],"rand_num":1,"cli_items":[],"stat_num":0},
	"99050502":{"id":99050502,"name":"5星穿甲项链","items":[],"rand_num":1,"cli_items":[],"stat_num":0},
	"99050602":{"id":99050602,"name":"6星穿甲项链","items":[],"rand_num":1,"cli_items":[],"stat_num":0},
	"99050702":{"id":99050702,"name":"7星穿甲项链","items":[],"rand_num":1,"cli_items":[],"stat_num":0},
	"99050802":{"id":99050802,"name":"8星穿甲项链","items":[],"rand_num":1,"cli_items":[],"stat_num":0},
	"99050902":{"id":99050902,"name":"9星穿甲项链","items":[],"rand_num":1,"cli_items":[],"stat_num":0},
	"99051002":{"id":99051002,"name":"10星穿甲项链","items":[],"rand_num":1,"cli_items":[],"stat_num":0},
	"99050103":{"id":99050103,"name":"1星穿甲戒指","items":[],"rand_num":1,"cli_items":[],"stat_num":0},
	"99050203":{"id":99050203,"name":"2星穿甲戒指","items":[],"rand_num":1,"cli_items":[],"stat_num":0},
	"99050303":{"id":99050303,"name":"3星穿甲戒指","items":[],"rand_num":1,"cli_items":[],"stat_num":0},
	"99050403":{"id":99050403,"name":"4星穿甲戒指","items":[],"rand_num":1,"cli_items":[],"stat_num":0},
	"99050503":{"id":99050503,"name":"5星穿甲戒指","items":[],"rand_num":1,"cli_items":[],"stat_num":0},
	"99050603":{"id":99050603,"name":"6星穿甲戒指","items":[],"rand_num":1,"cli_items":[],"stat_num":0},
	"99050703":{"id":99050703,"name":"7星穿甲戒指","items":[],"rand_num":1,"cli_items":[],"stat_num":0},
	"99050803":{"id":99050803,"name":"8星穿甲戒指","items":[],"rand_num":1,"cli_items":[],"stat_num":0},
	"99050903":{"id":99050903,"name":"9星穿甲戒指","items":[],"rand_num":1,"cli_items":[],"stat_num":0},
	"99051003":{"id":99051003,"name":"10星穿甲戒指","items":[],"rand_num":1,"cli_items":[],"stat_num":0},
	"99050104":{"id":99050104,"name":"1星穿甲手镯","items":[],"rand_num":1,"cli_items":[],"stat_num":0},
	"99050204":{"id":99050204,"name":"2星穿甲手镯","items":[],"rand_num":1,"cli_items":[],"stat_num":0},
	"99050304":{"id":99050304,"name":"3星穿甲手镯","items":[],"rand_num":1,"cli_items":[],"stat_num":0},
	"99050404":{"id":99050404,"name":"4星穿甲手镯","items":[],"rand_num":1,"cli_items":[],"stat_num":0},
	"99050504":{"id":99050504,"name":"5星穿甲手镯","items":[],"rand_num":1,"cli_items":[],"stat_num":0},
	"99050604":{"id":99050604,"name":"6星穿甲手镯","items":[],"rand_num":1,"cli_items":[],"stat_num":0},
	"99050704":{"id":99050704,"name":"7星穿甲手镯","items":[],"rand_num":1,"cli_items":[],"stat_num":0},
	"99050804":{"id":99050804,"name":"8星穿甲手镯","items":[],"rand_num":1,"cli_items":[],"stat_num":0},
	"99050904":{"id":99050904,"name":"9星穿甲手镯","items":[],"rand_num":1,"cli_items":[],"stat_num":0},
	"99051004":{"id":99051004,"name":"10星穿甲手镯","items":[],"rand_num":1,"cli_items":[],"stat_num":0},
	"99060101":{"id":99060101,"name":"1星破法耳环","items":[],"rand_num":1,"cli_items":[],"stat_num":0},
	"99060201":{"id":99060201,"name":"2星破法耳环","items":[],"rand_num":1,"cli_items":[],"stat_num":0},
	"99060301":{"id":99060301,"name":"3星破法耳环","items":[],"rand_num":1,"cli_items":[],"stat_num":0},
	"99060401":{"id":99060401,"name":"4星破法耳环","items":[],"rand_num":1,"cli_items":[],"stat_num":0},
	"99060501":{"id":99060501,"name":"5星破法耳环","items":[],"rand_num":1,"cli_items":[],"stat_num":0},
	"99060601":{"id":99060601,"name":"6星破法耳环","items":[],"rand_num":1,"cli_items":[],"stat_num":0},
	"99060701":{"id":99060701,"name":"7星破法耳环","items":[],"rand_num":1,"cli_items":[],"stat_num":0},
	"99060801":{"id":99060801,"name":"8星破法耳环","items":[],"rand_num":1,"cli_items":[],"stat_num":0},
	"99060901":{"id":99060901,"name":"9星破法耳环","items":[],"rand_num":1,"cli_items":[],"stat_num":0},
	"99061001":{"id":99061001,"name":"10星破法耳环","items":[],"rand_num":1,"cli_items":[],"stat_num":0},
	"99060102":{"id":99060102,"name":"1星破法项链","items":[],"rand_num":1,"cli_items":[],"stat_num":0},
	"99060202":{"id":99060202,"name":"2星破法项链","items":[],"rand_num":1,"cli_items":[],"stat_num":0},
	"99060302":{"id":99060302,"name":"3星破法项链","items":[],"rand_num":1,"cli_items":[],"stat_num":0},
	"99060402":{"id":99060402,"name":"4星破法项链","items":[],"rand_num":1,"cli_items":[],"stat_num":0},
	"99060502":{"id":99060502,"name":"5星破法项链","items":[],"rand_num":1,"cli_items":[],"stat_num":0},
	"99060602":{"id":99060602,"name":"6星破法项链","items":[],"rand_num":1,"cli_items":[],"stat_num":0},
	"99060702":{"id":99060702,"name":"7星破法项链","items":[],"rand_num":1,"cli_items":[],"stat_num":0},
	"99060802":{"id":99060802,"name":"8星破法项链","items":[],"rand_num":1,"cli_items":[],"stat_num":0},
	"99060902":{"id":99060902,"name":"9星破法项链","items":[],"rand_num":1,"cli_items":[],"stat_num":0},
	"99061002":{"id":99061002,"name":"10星破法项链","items":[],"rand_num":1,"cli_items":[],"stat_num":0},
	"99060103":{"id":99060103,"name":"1星破法戒指","items":[],"rand_num":1,"cli_items":[],"stat_num":0},
	"99060203":{"id":99060203,"name":"2星破法戒指","items":[],"rand_num":1,"cli_items":[],"stat_num":0},
	"99060303":{"id":99060303,"name":"3星破法戒指","items":[],"rand_num":1,"cli_items":[],"stat_num":0},
	"99060403":{"id":99060403,"name":"4星破法戒指","items":[],"rand_num":1,"cli_items":[],"stat_num":0},
	"99060503":{"id":99060503,"name":"5星破法戒指","items":[],"rand_num":1,"cli_items":[],"stat_num":0},
	"99060603":{"id":99060603,"name":"6星破法戒指","items":[],"rand_num":1,"cli_items":[],"stat_num":0},
	"99060703":{"id":99060703,"name":"7星破法戒指","items":[],"rand_num":1,"cli_items":[],"stat_num":0},
	"99060803":{"id":99060803,"name":"8星破法戒指","items":[],"rand_num":1,"cli_items":[],"stat_num":0},
	"99060903":{"id":99060903,"name":"9星破法戒指","items":[],"rand_num":1,"cli_items":[],"stat_num":0},
	"99061003":{"id":99061003,"name":"10星破法戒指","items":[],"rand_num":1,"cli_items":[],"stat_num":0},
	"99060104":{"id":99060104,"name":"1星破法手镯","items":[],"rand_num":1,"cli_items":[],"stat_num":0},
	"99060204":{"id":99060204,"name":"2星破法手镯","items":[],"rand_num":1,"cli_items":[],"stat_num":0},
	"99060304":{"id":99060304,"name":"3星破法手镯","items":[],"rand_num":1,"cli_items":[],"stat_num":0},
	"99060404":{"id":99060404,"name":"4星破法手镯","items":[],"rand_num":1,"cli_items":[],"stat_num":0},
	"99060504":{"id":99060504,"name":"5星破法手镯","items":[],"rand_num":1,"cli_items":[],"stat_num":0},
	"99060604":{"id":99060604,"name":"6星破法手镯","items":[],"rand_num":1,"cli_items":[],"stat_num":0},
	"99060704":{"id":99060704,"name":"7星破法手镯","items":[],"rand_num":1,"cli_items":[],"stat_num":0},
	"99060804":{"id":99060804,"name":"8星破法手镯","items":[],"rand_num":1,"cli_items":[],"stat_num":0},
	"99060904":{"id":99060904,"name":"9星破法手镯","items":[],"rand_num":1,"cli_items":[],"stat_num":0},
	"99061004":{"id":99061004,"name":"10星破法手镯","items":[],"rand_num":1,"cli_items":[],"stat_num":0},
	"99070101":{"id":99070101,"name":"1星斗战耳环","items":[],"rand_num":1,"cli_items":[],"stat_num":0},
	"99070201":{"id":99070201,"name":"2星斗战耳环","items":[],"rand_num":1,"cli_items":[],"stat_num":0},
	"99070301":{"id":99070301,"name":"3星斗战耳环","items":[],"rand_num":1,"cli_items":[],"stat_num":0},
	"99070401":{"id":99070401,"name":"4星斗战耳环","items":[],"rand_num":1,"cli_items":[],"stat_num":0},
	"99070501":{"id":99070501,"name":"5星斗战耳环","items":[],"rand_num":1,"cli_items":[],"stat_num":0},
	"99070601":{"id":99070601,"name":"6星斗战耳环","items":[],"rand_num":1,"cli_items":[],"stat_num":0},
	"99070701":{"id":99070701,"name":"7星斗战耳环","items":[],"rand_num":1,"cli_items":[],"stat_num":0},
	"99070801":{"id":99070801,"name":"8星斗战耳环","items":[],"rand_num":1,"cli_items":[],"stat_num":0},
	"99070901":{"id":99070901,"name":"9星斗战耳环","items":[],"rand_num":1,"cli_items":[],"stat_num":0},
	"99071001":{"id":99071001,"name":"10星斗战耳环","items":[],"rand_num":1,"cli_items":[],"stat_num":0},
	"99070102":{"id":99070102,"name":"1星斗战项链","items":[],"rand_num":1,"cli_items":[],"stat_num":0},
	"99070202":{"id":99070202,"name":"2星斗战项链","items":[],"rand_num":1,"cli_items":[],"stat_num":0},
	"99070302":{"id":99070302,"name":"3星斗战项链","items":[],"rand_num":1,"cli_items":[],"stat_num":0},
	"99070402":{"id":99070402,"name":"4星斗战项链","items":[],"rand_num":1,"cli_items":[],"stat_num":0},
	"99070502":{"id":99070502,"name":"5星斗战项链","items":[],"rand_num":1,"cli_items":[],"stat_num":0},
	"99070602":{"id":99070602,"name":"6星斗战项链","items":[],"rand_num":1,"cli_items":[],"stat_num":0},
	"99070702":{"id":99070702,"name":"7星斗战项链","items":[],"rand_num":1,"cli_items":[],"stat_num":0},
	"99070802":{"id":99070802,"name":"8星斗战项链","items":[],"rand_num":1,"cli_items":[],"stat_num":0},
	"99070902":{"id":99070902,"name":"9星斗战项链","items":[],"rand_num":1,"cli_items":[],"stat_num":0},
	"99071002":{"id":99071002,"name":"10星斗战项链","items":[],"rand_num":1,"cli_items":[],"stat_num":0},
	"99070103":{"id":99070103,"name":"1星斗战戒指","items":[],"rand_num":1,"cli_items":[],"stat_num":0},
	"99070203":{"id":99070203,"name":"2星斗战戒指","items":[],"rand_num":1,"cli_items":[],"stat_num":0},
	"99070303":{"id":99070303,"name":"3星斗战戒指","items":[],"rand_num":1,"cli_items":[],"stat_num":0},
	"99070403":{"id":99070403,"name":"4星斗战戒指","items":[],"rand_num":1,"cli_items":[],"stat_num":0},
	"99070503":{"id":99070503,"name":"5星斗战戒指","items":[],"rand_num":1,"cli_items":[],"stat_num":0},
	"99070603":{"id":99070603,"name":"6星斗战戒指","items":[],"rand_num":1,"cli_items":[],"stat_num":0},
	"99070703":{"id":99070703,"name":"7星斗战戒指","items":[],"rand_num":1,"cli_items":[],"stat_num":0},
	"99070803":{"id":99070803,"name":"8星斗战戒指","items":[],"rand_num":1,"cli_items":[],"stat_num":0},
	"99070903":{"id":99070903,"name":"9星斗战戒指","items":[],"rand_num":1,"cli_items":[],"stat_num":0},
	"99071003":{"id":99071003,"name":"10星斗战戒指","items":[],"rand_num":1,"cli_items":[],"stat_num":0},
	"99070104":{"id":99070104,"name":"1星斗战手镯","items":[],"rand_num":1,"cli_items":[],"stat_num":0},
	"99070204":{"id":99070204,"name":"2星斗战手镯","items":[],"rand_num":1,"cli_items":[],"stat_num":0},
	"99070304":{"id":99070304,"name":"3星斗战手镯","items":[],"rand_num":1,"cli_items":[],"stat_num":0},
	"99070404":{"id":99070404,"name":"4星斗战手镯","items":[],"rand_num":1,"cli_items":[],"stat_num":0},
	"99070504":{"id":99070504,"name":"5星斗战手镯","items":[],"rand_num":1,"cli_items":[],"stat_num":0},
	"99070604":{"id":99070604,"name":"6星斗战手镯","items":[],"rand_num":1,"cli_items":[],"stat_num":0},
	"99070704":{"id":99070704,"name":"7星斗战手镯","items":[],"rand_num":1,"cli_items":[],"stat_num":0},
	"99070804":{"id":99070804,"name":"8星斗战手镯","items":[],"rand_num":1,"cli_items":[],"stat_num":0},
	"99070904":{"id":99070904,"name":"9星斗战手镯","items":[],"rand_num":1,"cli_items":[],"stat_num":0},
	"99071004":{"id":99071004,"name":"10星斗战手镯","items":[],"rand_num":1,"cli_items":[],"stat_num":0},
	"99080101":{"id":99080101,"name":"1星镇灵耳环","items":[],"rand_num":1,"cli_items":[],"stat_num":0},
	"99080201":{"id":99080201,"name":"2星镇灵耳环","items":[],"rand_num":1,"cli_items":[],"stat_num":0},
	"99080301":{"id":99080301,"name":"3星镇灵耳环","items":[],"rand_num":1,"cli_items":[],"stat_num":0},
	"99080401":{"id":99080401,"name":"4星镇灵耳环","items":[],"rand_num":1,"cli_items":[],"stat_num":0},
	"99080501":{"id":99080501,"name":"5星镇灵耳环","items":[],"rand_num":1,"cli_items":[],"stat_num":0},
	"99080601":{"id":99080601,"name":"6星镇灵耳环","items":[],"rand_num":1,"cli_items":[],"stat_num":0},
	"99080701":{"id":99080701,"name":"7星镇灵耳环","items":[],"rand_num":1,"cli_items":[],"stat_num":0},
	"99080801":{"id":99080801,"name":"8星镇灵耳环","items":[],"rand_num":1,"cli_items":[],"stat_num":0},
	"99080901":{"id":99080901,"name":"9星镇灵耳环","items":[],"rand_num":1,"cli_items":[],"stat_num":0},
	"99081001":{"id":99081001,"name":"10星镇灵耳环","items":[],"rand_num":1,"cli_items":[],"stat_num":0},
	"99080102":{"id":99080102,"name":"1星镇灵项链","items":[],"rand_num":1,"cli_items":[],"stat_num":0},
	"99080202":{"id":99080202,"name":"2星镇灵项链","items":[],"rand_num":1,"cli_items":[],"stat_num":0},
	"99080302":{"id":99080302,"name":"3星镇灵项链","items":[],"rand_num":1,"cli_items":[],"stat_num":0},
	"99080402":{"id":99080402,"name":"4星镇灵项链","items":[],"rand_num":1,"cli_items":[],"stat_num":0},
	"99080502":{"id":99080502,"name":"5星镇灵项链","items":[],"rand_num":1,"cli_items":[],"stat_num":0},
	"99080602":{"id":99080602,"name":"6星镇灵项链","items":[],"rand_num":1,"cli_items":[],"stat_num":0},
	"99080702":{"id":99080702,"name":"7星镇灵项链","items":[],"rand_num":1,"cli_items":[],"stat_num":0},
	"99080802":{"id":99080802,"name":"8星镇灵项链","items":[],"rand_num":1,"cli_items":[],"stat_num":0},
	"99080902":{"id":99080902,"name":"9星镇灵项链","items":[],"rand_num":1,"cli_items":[],"stat_num":0},
	"99081002":{"id":99081002,"name":"10星镇灵项链","items":[],"rand_num":1,"cli_items":[],"stat_num":0},
	"99080103":{"id":99080103,"name":"1星镇灵戒指","items":[],"rand_num":1,"cli_items":[],"stat_num":0},
	"99080203":{"id":99080203,"name":"2星镇灵戒指","items":[],"rand_num":1,"cli_items":[],"stat_num":0},
	"99080303":{"id":99080303,"name":"3星镇灵戒指","items":[],"rand_num":1,"cli_items":[],"stat_num":0},
	"99080403":{"id":99080403,"name":"4星镇灵戒指","items":[],"rand_num":1,"cli_items":[],"stat_num":0},
	"99080503":{"id":99080503,"name":"5星镇灵戒指","items":[],"rand_num":1,"cli_items":[],"stat_num":0},
	"99080603":{"id":99080603,"name":"6星镇灵戒指","items":[],"rand_num":1,"cli_items":[],"stat_num":0},
	"99080703":{"id":99080703,"name":"7星镇灵戒指","items":[],"rand_num":1,"cli_items":[],"stat_num":0},
	"99080803":{"id":99080803,"name":"8星镇灵戒指","items":[],"rand_num":1,"cli_items":[],"stat_num":0},
	"99080903":{"id":99080903,"name":"9星镇灵戒指","items":[],"rand_num":1,"cli_items":[],"stat_num":0},
	"99081003":{"id":99081003,"name":"10星镇灵戒指","items":[],"rand_num":1,"cli_items":[],"stat_num":0},
	"99080104":{"id":99080104,"name":"1星镇灵手镯","items":[],"rand_num":1,"cli_items":[],"stat_num":0},
	"99080204":{"id":99080204,"name":"2星镇灵手镯","items":[],"rand_num":1,"cli_items":[],"stat_num":0},
	"99080304":{"id":99080304,"name":"3星镇灵手镯","items":[],"rand_num":1,"cli_items":[],"stat_num":0},
	"99080404":{"id":99080404,"name":"4星镇灵手镯","items":[],"rand_num":1,"cli_items":[],"stat_num":0},
	"99080504":{"id":99080504,"name":"5星镇灵手镯","items":[],"rand_num":1,"cli_items":[],"stat_num":0},
	"99080604":{"id":99080604,"name":"6星镇灵手镯","items":[],"rand_num":1,"cli_items":[],"stat_num":0},
	"99080704":{"id":99080704,"name":"7星镇灵手镯","items":[],"rand_num":1,"cli_items":[],"stat_num":0},
	"99080804":{"id":99080804,"name":"8星镇灵手镯","items":[],"rand_num":1,"cli_items":[],"stat_num":0},
	"99080904":{"id":99080904,"name":"9星镇灵手镯","items":[],"rand_num":1,"cli_items":[],"stat_num":0},
	"99081004":{"id":99081004,"name":"10星镇灵手镯","items":[],"rand_num":1,"cli_items":[],"stat_num":0},
	"99090101":{"id":99090101,"name":"1星魔甲耳环","items":[],"rand_num":1,"cli_items":[],"stat_num":0},
	"99090201":{"id":99090201,"name":"2星魔甲耳环","items":[],"rand_num":1,"cli_items":[],"stat_num":0},
	"99090301":{"id":99090301,"name":"3星魔甲耳环","items":[],"rand_num":1,"cli_items":[],"stat_num":0},
	"99090401":{"id":99090401,"name":"4星魔甲耳环","items":[],"rand_num":1,"cli_items":[],"stat_num":0},
	"99090501":{"id":99090501,"name":"5星魔甲耳环","items":[],"rand_num":1,"cli_items":[],"stat_num":0},
	"99090601":{"id":99090601,"name":"6星魔甲耳环","items":[],"rand_num":1,"cli_items":[],"stat_num":0},
	"99090701":{"id":99090701,"name":"7星魔甲耳环","items":[],"rand_num":1,"cli_items":[],"stat_num":0},
	"99090801":{"id":99090801,"name":"8星魔甲耳环","items":[],"rand_num":1,"cli_items":[],"stat_num":0},
	"99090901":{"id":99090901,"name":"9星魔甲耳环","items":[],"rand_num":1,"cli_items":[],"stat_num":0},
	"99091001":{"id":99091001,"name":"10星魔甲耳环","items":[],"rand_num":1,"cli_items":[],"stat_num":0},
	"99090102":{"id":99090102,"name":"1星魔甲项链","items":[],"rand_num":1,"cli_items":[],"stat_num":0},
	"99090202":{"id":99090202,"name":"2星魔甲项链","items":[],"rand_num":1,"cli_items":[],"stat_num":0},
	"99090302":{"id":99090302,"name":"3星魔甲项链","items":[],"rand_num":1,"cli_items":[],"stat_num":0},
	"99090402":{"id":99090402,"name":"4星魔甲项链","items":[],"rand_num":1,"cli_items":[],"stat_num":0},
	"99090502":{"id":99090502,"name":"5星魔甲项链","items":[],"rand_num":1,"cli_items":[],"stat_num":0},
	"99090602":{"id":99090602,"name":"6星魔甲项链","items":[],"rand_num":1,"cli_items":[],"stat_num":0},
	"99090702":{"id":99090702,"name":"7星魔甲项链","items":[],"rand_num":1,"cli_items":[],"stat_num":0},
	"99090802":{"id":99090802,"name":"8星魔甲项链","items":[],"rand_num":1,"cli_items":[],"stat_num":0},
	"99090902":{"id":99090902,"name":"9星魔甲项链","items":[],"rand_num":1,"cli_items":[],"stat_num":0},
	"99091002":{"id":99091002,"name":"10星魔甲项链","items":[],"rand_num":1,"cli_items":[],"stat_num":0},
	"99090103":{"id":99090103,"name":"1星魔甲戒指","items":[],"rand_num":1,"cli_items":[],"stat_num":0},
	"99090203":{"id":99090203,"name":"2星魔甲戒指","items":[],"rand_num":1,"cli_items":[],"stat_num":0},
	"99090303":{"id":99090303,"name":"3星魔甲戒指","items":[],"rand_num":1,"cli_items":[],"stat_num":0},
	"99090403":{"id":99090403,"name":"4星魔甲戒指","items":[],"rand_num":1,"cli_items":[],"stat_num":0},
	"99090503":{"id":99090503,"name":"5星魔甲戒指","items":[],"rand_num":1,"cli_items":[],"stat_num":0},
	"99090603":{"id":99090603,"name":"6星魔甲戒指","items":[],"rand_num":1,"cli_items":[],"stat_num":0},
	"99090703":{"id":99090703,"name":"7星魔甲戒指","items":[],"rand_num":1,"cli_items":[],"stat_num":0},
	"99090803":{"id":99090803,"name":"8星魔甲戒指","items":[],"rand_num":1,"cli_items":[],"stat_num":0},
	"99090903":{"id":99090903,"name":"9星魔甲戒指","items":[],"rand_num":1,"cli_items":[],"stat_num":0},
	"99091003":{"id":99091003,"name":"10星魔甲戒指","items":[],"rand_num":1,"cli_items":[],"stat_num":0},
	"99090104":{"id":99090104,"name":"1星魔甲手镯","items":[],"rand_num":1,"cli_items":[],"stat_num":0},
	"99090204":{"id":99090204,"name":"2星魔甲手镯","items":[],"rand_num":1,"cli_items":[],"stat_num":0},
	"99090304":{"id":99090304,"name":"3星魔甲手镯","items":[],"rand_num":1,"cli_items":[],"stat_num":0},
	"99090404":{"id":99090404,"name":"4星魔甲手镯","items":[],"rand_num":1,"cli_items":[],"stat_num":0},
	"99090504":{"id":99090504,"name":"5星魔甲手镯","items":[],"rand_num":1,"cli_items":[],"stat_num":0},
	"99090604":{"id":99090604,"name":"6星魔甲手镯","items":[],"rand_num":1,"cli_items":[],"stat_num":0},
	"99090704":{"id":99090704,"name":"7星魔甲手镯","items":[],"rand_num":1,"cli_items":[],"stat_num":0},
	"99090804":{"id":99090804,"name":"8星魔甲手镯","items":[],"rand_num":1,"cli_items":[],"stat_num":0},
	"99090904":{"id":99090904,"name":"9星魔甲手镯","items":[],"rand_num":1,"cli_items":[],"stat_num":0},
	"99091004":{"id":99091004,"name":"10星魔甲手镯","items":[],"rand_num":1,"cli_items":[],"stat_num":0},
	"99100101":{"id":99100101,"name":"1星神战耳环","items":[],"rand_num":1,"cli_items":[],"stat_num":0},
	"99100201":{"id":99100201,"name":"2星神战耳环","items":[],"rand_num":1,"cli_items":[],"stat_num":0},
	"99100301":{"id":99100301,"name":"3星神战耳环","items":[],"rand_num":1,"cli_items":[],"stat_num":0},
	"99100401":{"id":99100401,"name":"4星神战耳环","items":[],"rand_num":1,"cli_items":[],"stat_num":0},
	"99100501":{"id":99100501,"name":"5星神战耳环","items":[],"rand_num":1,"cli_items":[],"stat_num":0},
	"99100601":{"id":99100601,"name":"6星神战耳环","items":[],"rand_num":1,"cli_items":[],"stat_num":0},
	"99100701":{"id":99100701,"name":"7星神战耳环","items":[],"rand_num":1,"cli_items":[],"stat_num":0},
	"99100801":{"id":99100801,"name":"8星神战耳环","items":[],"rand_num":1,"cli_items":[],"stat_num":0},
	"99100901":{"id":99100901,"name":"9星神战耳环","items":[],"rand_num":1,"cli_items":[],"stat_num":0},
	"99101001":{"id":99101001,"name":"10星神战耳环","items":[],"rand_num":1,"cli_items":[],"stat_num":0},
	"99100102":{"id":99100102,"name":"1星神战项链","items":[],"rand_num":1,"cli_items":[],"stat_num":0},
	"99100202":{"id":99100202,"name":"2星神战项链","items":[],"rand_num":1,"cli_items":[],"stat_num":0},
	"99100302":{"id":99100302,"name":"3星神战项链","items":[],"rand_num":1,"cli_items":[],"stat_num":0},
	"99100402":{"id":99100402,"name":"4星神战项链","items":[],"rand_num":1,"cli_items":[],"stat_num":0},
	"99100502":{"id":99100502,"name":"5星神战项链","items":[],"rand_num":1,"cli_items":[],"stat_num":0},
	"99100602":{"id":99100602,"name":"6星神战项链","items":[],"rand_num":1,"cli_items":[],"stat_num":0},
	"99100702":{"id":99100702,"name":"7星神战项链","items":[],"rand_num":1,"cli_items":[],"stat_num":0},
	"99100802":{"id":99100802,"name":"8星神战项链","items":[],"rand_num":1,"cli_items":[],"stat_num":0},
	"99100902":{"id":99100902,"name":"9星神战项链","items":[],"rand_num":1,"cli_items":[],"stat_num":0},
	"99101002":{"id":99101002,"name":"10星神战项链","items":[],"rand_num":1,"cli_items":[],"stat_num":0},
	"99100103":{"id":99100103,"name":"1星神战戒指","items":[],"rand_num":1,"cli_items":[],"stat_num":0},
	"99100203":{"id":99100203,"name":"2星神战戒指","items":[],"rand_num":1,"cli_items":[],"stat_num":0},
	"99100303":{"id":99100303,"name":"3星神战戒指","items":[],"rand_num":1,"cli_items":[],"stat_num":0},
	"99100403":{"id":99100403,"name":"4星神战戒指","items":[],"rand_num":1,"cli_items":[],"stat_num":0},
	"99100503":{"id":99100503,"name":"5星神战戒指","items":[],"rand_num":1,"cli_items":[],"stat_num":0},
	"99100603":{"id":99100603,"name":"6星神战戒指","items":[],"rand_num":1,"cli_items":[],"stat_num":0},
	"99100703":{"id":99100703,"name":"7星神战戒指","items":[],"rand_num":1,"cli_items":[],"stat_num":0},
	"99100803":{"id":99100803,"name":"8星神战戒指","items":[],"rand_num":1,"cli_items":[],"stat_num":0},
	"99100903":{"id":99100903,"name":"9星神战戒指","items":[],"rand_num":1,"cli_items":[],"stat_num":0},
	"99101003":{"id":99101003,"name":"10星神战戒指","items":[],"rand_num":1,"cli_items":[],"stat_num":0},
	"99100104":{"id":99100104,"name":"1星神战手镯","items":[],"rand_num":1,"cli_items":[],"stat_num":0},
	"99100204":{"id":99100204,"name":"2星神战手镯","items":[],"rand_num":1,"cli_items":[],"stat_num":0},
	"99100304":{"id":99100304,"name":"3星神战手镯","items":[],"rand_num":1,"cli_items":[],"stat_num":0},
	"99100404":{"id":99100404,"name":"4星神战手镯","items":[],"rand_num":1,"cli_items":[],"stat_num":0},
	"99100504":{"id":99100504,"name":"5星神战手镯","items":[],"rand_num":1,"cli_items":[],"stat_num":0},
	"99100604":{"id":99100604,"name":"6星神战手镯","items":[],"rand_num":1,"cli_items":[],"stat_num":0},
	"99100704":{"id":99100704,"name":"7星神战手镯","items":[],"rand_num":1,"cli_items":[],"stat_num":0},
	"99100804":{"id":99100804,"name":"8星神战手镯","items":[],"rand_num":1,"cli_items":[],"stat_num":0},
	"99100904":{"id":99100904,"name":"9星神战手镯","items":[],"rand_num":1,"cli_items":[],"stat_num":0},
	"99101004":{"id":99101004,"name":"10星神战手镯","items":[],"rand_num":1,"cli_items":[],"stat_num":0},
	"99110101":{"id":99110101,"name":"1星龙威耳环","items":[],"rand_num":1,"cli_items":[],"stat_num":0},
	"99110201":{"id":99110201,"name":"2星龙威耳环","items":[],"rand_num":1,"cli_items":[],"stat_num":0},
	"99110301":{"id":99110301,"name":"3星龙威耳环","items":[],"rand_num":1,"cli_items":[],"stat_num":0},
	"99110401":{"id":99110401,"name":"4星龙威耳环","items":[],"rand_num":1,"cli_items":[],"stat_num":0},
	"99110501":{"id":99110501,"name":"5星龙威耳环","items":[],"rand_num":1,"cli_items":[],"stat_num":0},
	"99110601":{"id":99110601,"name":"6星龙威耳环","items":[],"rand_num":1,"cli_items":[],"stat_num":0},
	"99110701":{"id":99110701,"name":"7星龙威耳环","items":[],"rand_num":1,"cli_items":[],"stat_num":0},
	"99110801":{"id":99110801,"name":"8星龙威耳环","items":[],"rand_num":1,"cli_items":[],"stat_num":0},
	"99110901":{"id":99110901,"name":"9星龙威耳环","items":[],"rand_num":1,"cli_items":[],"stat_num":0},
	"99111001":{"id":99111001,"name":"10星龙威耳环","items":[],"rand_num":1,"cli_items":[],"stat_num":0},
	"99110102":{"id":99110102,"name":"1星龙威项链","items":[],"rand_num":1,"cli_items":[],"stat_num":0},
	"99110202":{"id":99110202,"name":"2星龙威项链","items":[],"rand_num":1,"cli_items":[],"stat_num":0},
	"99110302":{"id":99110302,"name":"3星龙威项链","items":[],"rand_num":1,"cli_items":[],"stat_num":0},
	"99110402":{"id":99110402,"name":"4星龙威项链","items":[],"rand_num":1,"cli_items":[],"stat_num":0},
	"99110502":{"id":99110502,"name":"5星龙威项链","items":[],"rand_num":1,"cli_items":[],"stat_num":0},
	"99110602":{"id":99110602,"name":"6星龙威项链","items":[],"rand_num":1,"cli_items":[],"stat_num":0},
	"99110702":{"id":99110702,"name":"7星龙威项链","items":[],"rand_num":1,"cli_items":[],"stat_num":0},
	"99110802":{"id":99110802,"name":"8星龙威项链","items":[],"rand_num":1,"cli_items":[],"stat_num":0},
	"99110902":{"id":99110902,"name":"9星龙威项链","items":[],"rand_num":1,"cli_items":[],"stat_num":0},
	"99111002":{"id":99111002,"name":"10星龙威项链","items":[],"rand_num":1,"cli_items":[],"stat_num":0},
	"99110103":{"id":99110103,"name":"1星龙威戒指","items":[],"rand_num":1,"cli_items":[],"stat_num":0},
	"99110203":{"id":99110203,"name":"2星龙威戒指","items":[],"rand_num":1,"cli_items":[],"stat_num":0},
	"99110303":{"id":99110303,"name":"3星龙威戒指","items":[],"rand_num":1,"cli_items":[],"stat_num":0},
	"99110403":{"id":99110403,"name":"4星龙威戒指","items":[],"rand_num":1,"cli_items":[],"stat_num":0},
	"99110503":{"id":99110503,"name":"5星龙威戒指","items":[],"rand_num":1,"cli_items":[],"stat_num":0},
	"99110603":{"id":99110603,"name":"6星龙威戒指","items":[],"rand_num":1,"cli_items":[],"stat_num":0},
	"99110703":{"id":99110703,"name":"7星龙威戒指","items":[],"rand_num":1,"cli_items":[],"stat_num":0},
	"99110803":{"id":99110803,"name":"8星龙威戒指","items":[],"rand_num":1,"cli_items":[],"stat_num":0},
	"99110903":{"id":99110903,"name":"9星龙威戒指","items":[],"rand_num":1,"cli_items":[],"stat_num":0},
	"99111003":{"id":99111003,"name":"10星龙威戒指","items":[],"rand_num":1,"cli_items":[],"stat_num":0},
	"99110104":{"id":99110104,"name":"1星龙威手镯","items":[],"rand_num":1,"cli_items":[],"stat_num":0},
	"99110204":{"id":99110204,"name":"2星龙威手镯","items":[],"rand_num":1,"cli_items":[],"stat_num":0},
	"99110304":{"id":99110304,"name":"3星龙威手镯","items":[],"rand_num":1,"cli_items":[],"stat_num":0},
	"99110404":{"id":99110404,"name":"4星龙威手镯","items":[],"rand_num":1,"cli_items":[],"stat_num":0},
	"99110504":{"id":99110504,"name":"5星龙威手镯","items":[],"rand_num":1,"cli_items":[],"stat_num":0},
	"99110604":{"id":99110604,"name":"6星龙威手镯","items":[],"rand_num":1,"cli_items":[],"stat_num":0},
	"99110704":{"id":99110704,"name":"7星龙威手镯","items":[],"rand_num":1,"cli_items":[],"stat_num":0},
	"99110804":{"id":99110804,"name":"8星龙威手镯","items":[],"rand_num":1,"cli_items":[],"stat_num":0},
	"99110904":{"id":99110904,"name":"9星龙威手镯","items":[],"rand_num":1,"cli_items":[],"stat_num":0},
	"99111004":{"id":99111004,"name":"10星龙威手镯","items":[],"rand_num":1,"cli_items":[],"stat_num":0},
	"99120101":{"id":99120101,"name":"1星神愈耳环","items":[],"rand_num":1,"cli_items":[],"stat_num":0},
	"99120201":{"id":99120201,"name":"2星神愈耳环","items":[],"rand_num":1,"cli_items":[],"stat_num":0},
	"99120301":{"id":99120301,"name":"3星神愈耳环","items":[],"rand_num":1,"cli_items":[],"stat_num":0},
	"99120401":{"id":99120401,"name":"4星神愈耳环","items":[],"rand_num":1,"cli_items":[],"stat_num":0},
	"99120501":{"id":99120501,"name":"5星神愈耳环","items":[],"rand_num":1,"cli_items":[],"stat_num":0},
	"99120601":{"id":99120601,"name":"6星神愈耳环","items":[],"rand_num":1,"cli_items":[],"stat_num":0},
	"99120701":{"id":99120701,"name":"7星神愈耳环","items":[],"rand_num":1,"cli_items":[],"stat_num":0},
	"99120801":{"id":99120801,"name":"8星神愈耳环","items":[],"rand_num":1,"cli_items":[],"stat_num":0},
	"99120901":{"id":99120901,"name":"9星神愈耳环","items":[],"rand_num":1,"cli_items":[],"stat_num":0},
	"99121001":{"id":99121001,"name":"10星神愈耳环","items":[],"rand_num":1,"cli_items":[],"stat_num":0},
	"99120102":{"id":99120102,"name":"1星神愈项链","items":[],"rand_num":1,"cli_items":[],"stat_num":0},
	"99120202":{"id":99120202,"name":"2星神愈项链","items":[],"rand_num":1,"cli_items":[],"stat_num":0},
	"99120302":{"id":99120302,"name":"3星神愈项链","items":[],"rand_num":1,"cli_items":[],"stat_num":0},
	"99120402":{"id":99120402,"name":"4星神愈项链","items":[],"rand_num":1,"cli_items":[],"stat_num":0},
	"99120502":{"id":99120502,"name":"5星神愈项链","items":[],"rand_num":1,"cli_items":[],"stat_num":0},
	"99120602":{"id":99120602,"name":"6星神愈项链","items":[],"rand_num":1,"cli_items":[],"stat_num":0},
	"99120702":{"id":99120702,"name":"7星神愈项链","items":[],"rand_num":1,"cli_items":[],"stat_num":0},
	"99120802":{"id":99120802,"name":"8星神愈项链","items":[],"rand_num":1,"cli_items":[],"stat_num":0},
	"99120902":{"id":99120902,"name":"9星神愈项链","items":[],"rand_num":1,"cli_items":[],"stat_num":0},
	"99121002":{"id":99121002,"name":"10星神愈项链","items":[],"rand_num":1,"cli_items":[],"stat_num":0},
	"99120103":{"id":99120103,"name":"1星神愈戒指","items":[],"rand_num":1,"cli_items":[],"stat_num":0},
	"99120203":{"id":99120203,"name":"2星神愈戒指","items":[],"rand_num":1,"cli_items":[],"stat_num":0},
	"99120303":{"id":99120303,"name":"3星神愈戒指","items":[],"rand_num":1,"cli_items":[],"stat_num":0},
	"99120403":{"id":99120403,"name":"4星神愈戒指","items":[],"rand_num":1,"cli_items":[],"stat_num":0},
	"99120503":{"id":99120503,"name":"5星神愈戒指","items":[],"rand_num":1,"cli_items":[],"stat_num":0},
	"99120603":{"id":99120603,"name":"6星神愈戒指","items":[],"rand_num":1,"cli_items":[],"stat_num":0},
	"99120703":{"id":99120703,"name":"7星神愈戒指","items":[],"rand_num":1,"cli_items":[],"stat_num":0},
	"99120803":{"id":99120803,"name":"8星神愈戒指","items":[],"rand_num":1,"cli_items":[],"stat_num":0},
	"99120903":{"id":99120903,"name":"9星神愈戒指","items":[],"rand_num":1,"cli_items":[],"stat_num":0},
	"99121003":{"id":99121003,"name":"10星神愈戒指","items":[],"rand_num":1,"cli_items":[],"stat_num":0},
	"99120104":{"id":99120104,"name":"1星神愈手镯","items":[],"rand_num":1,"cli_items":[],"stat_num":0},
	"99120204":{"id":99120204,"name":"2星神愈手镯","items":[],"rand_num":1,"cli_items":[],"stat_num":0},
	"99120304":{"id":99120304,"name":"3星神愈手镯","items":[],"rand_num":1,"cli_items":[],"stat_num":0},
	"99120404":{"id":99120404,"name":"4星神愈手镯","items":[],"rand_num":1,"cli_items":[],"stat_num":0},
	"99120504":{"id":99120504,"name":"5星神愈手镯","items":[],"rand_num":1,"cli_items":[],"stat_num":0},
	"99120604":{"id":99120604,"name":"6星神愈手镯","items":[],"rand_num":1,"cli_items":[],"stat_num":0},
	"99120704":{"id":99120704,"name":"7星神愈手镯","items":[],"rand_num":1,"cli_items":[],"stat_num":0},
	"99120804":{"id":99120804,"name":"8星神愈手镯","items":[],"rand_num":1,"cli_items":[],"stat_num":0},
	"99120904":{"id":99120904,"name":"9星神愈手镯","items":[],"rand_num":1,"cli_items":[],"stat_num":0},
	"99121004":{"id":99121004,"name":"10星神愈手镯","items":[],"rand_num":1,"cli_items":[],"stat_num":0}
},
"data_choose_gift_length" : 12,
"data_choose_gift" : {
	"30010": {
		"30011": {"id":30010,"bid":30011,"num":1,"bind":1,"career":0,"sex":2,"min_lev":1,"max_lev":999,"auto_open":1,"sort_id":1},
		"30012": {"id":30010,"bid":30012,"num":1,"bind":1,"career":0,"sex":2,"min_lev":1,"max_lev":999,"auto_open":1,"sort_id":2},
		"30013": {"id":30010,"bid":30013,"num":1,"bind":1,"career":0,"sex":2,"min_lev":1,"max_lev":999,"auto_open":1,"sort_id":3},
		"30014": {"id":30010,"bid":30014,"num":1,"bind":1,"career":0,"sex":2,"min_lev":1,"max_lev":999,"auto_open":1,"sort_id":4}
	},
	"30015": {
		"30016": {"id":30015,"bid":30016,"num":1,"bind":1,"career":0,"sex":2,"min_lev":1,"max_lev":999,"auto_open":1,"sort_id":1},
		"30017": {"id":30015,"bid":30017,"num":1,"bind":1,"career":0,"sex":2,"min_lev":1,"max_lev":999,"auto_open":1,"sort_id":2},
		"30018": {"id":30015,"bid":30018,"num":1,"bind":1,"career":0,"sex":2,"min_lev":1,"max_lev":999,"auto_open":1,"sort_id":3}
	},
	"30019": {
		"30020": {"id":30019,"bid":30020,"num":1,"bind":1,"career":0,"sex":2,"min_lev":1,"max_lev":999,"auto_open":1,"sort_id":1},
		"30021": {"id":30019,"bid":30021,"num":1,"bind":1,"career":0,"sex":2,"min_lev":1,"max_lev":999,"auto_open":1,"sort_id":2},
		"30022": {"id":30019,"bid":30022,"num":1,"bind":1,"career":0,"sex":2,"min_lev":1,"max_lev":999,"auto_open":1,"sort_id":3},
		"30023": {"id":30019,"bid":30023,"num":1,"bind":1,"career":0,"sex":2,"min_lev":1,"max_lev":999,"auto_open":1,"sort_id":4}
	},
	"30401": {
		"10110": {"id":30401,"bid":10110,"num":5,"bind":1,"career":0,"sex":2,"min_lev":1,"max_lev":999,"auto_open":1,"sort_id":1},
		"10111": {"id":30401,"bid":10111,"num":5,"bind":1,"career":0,"sex":2,"min_lev":1,"max_lev":999,"auto_open":1,"sort_id":2},
		"10112": {"id":30401,"bid":10112,"num":5,"bind":1,"career":0,"sex":2,"min_lev":1,"max_lev":999,"auto_open":1,"sort_id":3},
		"10113": {"id":30401,"bid":10113,"num":5,"bind":1,"career":0,"sex":2,"min_lev":1,"max_lev":999,"auto_open":1,"sort_id":4},
		"10114": {"id":30401,"bid":10114,"num":5,"bind":1,"career":0,"sex":2,"min_lev":1,"max_lev":999,"auto_open":1,"sort_id":5},
		"10115": {"id":30401,"bid":10115,"num":5,"bind":1,"career":0,"sex":2,"min_lev":1,"max_lev":999,"auto_open":1,"sort_id":6},
		"10116": {"id":30401,"bid":10116,"num":5,"bind":1,"career":0,"sex":2,"min_lev":1,"max_lev":999,"auto_open":1,"sort_id":7}
	},
	"35001": {
		"20027": {"id":35001,"bid":20027,"num":1,"bind":1,"career":0,"sex":2,"min_lev":1,"max_lev":999,"auto_open":1,"sort_id":1},
		"20030": {"id":35001,"bid":20030,"num":1,"bind":1,"career":0,"sex":2,"min_lev":1,"max_lev":999,"auto_open":1,"sort_id":2}
	},
	"10402": {
		"10403": {"id":10402,"bid":10403,"num":1,"bind":1,"career":0,"sex":2,"min_lev":1,"max_lev":999,"auto_open":1,"sort_id":1},
		"10404": {"id":10402,"bid":10404,"num":1,"bind":1,"career":0,"sex":2,"min_lev":1,"max_lev":999,"auto_open":1,"sort_id":2},
		"10405": {"id":10402,"bid":10405,"num":1,"bind":1,"career":0,"sex":2,"min_lev":1,"max_lev":999,"auto_open":1,"sort_id":3},
		"10406": {"id":10402,"bid":10406,"num":1,"bind":1,"career":0,"sex":2,"min_lev":1,"max_lev":999,"auto_open":1,"sort_id":4}
	},
	"39008": {
		"10450": {"id":39008,"bid":10450,"num":2000,"bind":1,"career":0,"sex":2,"min_lev":1,"max_lev":999,"auto_open":1,"sort_id":1},
		"72001": {"id":39008,"bid":72001,"num":130,"bind":1,"career":0,"sex":2,"min_lev":1,"max_lev":999,"auto_open":1,"sort_id":2},
		"10001": {"id":39008,"bid":10001,"num":2000,"bind":1,"career":0,"sex":2,"min_lev":1,"max_lev":999,"auto_open":1,"sort_id":3},
		"14002": {"id":39008,"bid":14002,"num":200,"bind":1,"career":0,"sex":2,"min_lev":1,"max_lev":999,"auto_open":1,"sort_id":4}
	},
	"39009": {
		"10450": {"id":39009,"bid":10450,"num":4000,"bind":1,"career":0,"sex":2,"min_lev":1,"max_lev":999,"auto_open":1,"sort_id":1},
		"72001": {"id":39009,"bid":72001,"num":265,"bind":1,"career":0,"sex":2,"min_lev":1,"max_lev":999,"auto_open":1,"sort_id":2},
		"10001": {"id":39009,"bid":10001,"num":4000,"bind":1,"career":0,"sex":2,"min_lev":1,"max_lev":999,"auto_open":1,"sort_id":3},
		"14002": {"id":39009,"bid":14002,"num":400,"bind":1,"career":0,"sex":2,"min_lev":1,"max_lev":999,"auto_open":1,"sort_id":4}
	},
	"17009": {
		"17001": {"id":17009,"bid":17001,"num":1,"bind":1,"career":0,"sex":2,"min_lev":1,"max_lev":999,"auto_open":1,"sort_id":1},
		"17002": {"id":17009,"bid":17002,"num":1,"bind":1,"career":0,"sex":2,"min_lev":1,"max_lev":999,"auto_open":1,"sort_id":2},
		"17003": {"id":17009,"bid":17003,"num":1,"bind":1,"career":0,"sex":2,"min_lev":1,"max_lev":999,"auto_open":1,"sort_id":3},
		"17004": {"id":17009,"bid":17004,"num":1,"bind":1,"career":0,"sex":2,"min_lev":1,"max_lev":999,"auto_open":1,"sort_id":4},
		"17005": {"id":17009,"bid":17005,"num":1,"bind":1,"career":0,"sex":2,"min_lev":1,"max_lev":999,"auto_open":1,"sort_id":5}
	},
	"60201": {
		"24400": {"id":60201,"bid":24400,"num":1,"bind":1,"career":0,"sex":2,"min_lev":1,"max_lev":999,"auto_open":1,"sort_id":1},
		"25406": {"id":60201,"bid":25406,"num":1,"bind":1,"career":0,"sex":2,"min_lev":1,"max_lev":999,"auto_open":1,"sort_id":2},
		"26406": {"id":60201,"bid":26406,"num":1,"bind":1,"career":0,"sex":2,"min_lev":1,"max_lev":999,"auto_open":1,"sort_id":3}
	},
	"60202": {
		"24404": {"id":60202,"bid":24404,"num":1,"bind":1,"career":0,"sex":2,"min_lev":1,"max_lev":999,"auto_open":1,"sort_id":1},
		"25407": {"id":60202,"bid":25407,"num":1,"bind":1,"career":0,"sex":2,"min_lev":1,"max_lev":999,"auto_open":1,"sort_id":2},
		"26407": {"id":60202,"bid":26407,"num":1,"bind":1,"career":0,"sex":2,"min_lev":1,"max_lev":999,"auto_open":1,"sort_id":3}
	},
	"60203": {
		"24401": {"id":60203,"bid":24401,"num":1,"bind":1,"career":0,"sex":2,"min_lev":1,"max_lev":999,"auto_open":1,"sort_id":3},
		"24404": {"id":60203,"bid":24404,"num":1,"bind":1,"career":0,"sex":2,"min_lev":1,"max_lev":999,"auto_open":1,"sort_id":2},
		"24409": {"id":60203,"bid":24409,"num":1,"bind":1,"career":0,"sex":2,"min_lev":1,"max_lev":999,"auto_open":1,"sort_id":1}
	}
},
"data_week_card_data_length" : 2,
"data_week_card_data" : {
	"85001":{"id":85001,"reward":[[3,400]],"mail_reward":[[3,300]],"mail_day":7,"weekcard_desc":"购买礼包，七日总共可领取2500钻石！（每日奖励通过邮件发放）"},
	"85002":{"id":85002,"reward":[[10450,1500]],"mail_reward":[[10450,500]],"mail_day":7,"weekcard_desc":"购买礼包，七日总共可领取5000符文精华！（每日奖励通过邮件发放）"}
}
}