{"data_const_length" : 28,
"data_const" : {
	"guild_lev":{"key":"guild_lev","val":1,"desc":"公会达到1级开启"},
	"join_lev":{"key":"join_lev","val":10,"desc":"成员最低参与等级"},
	"free_time":{"key":"free_time","val":2,"desc":"每日初始免费次数"},
	"time_quantum":{"key":"time_quantum","val":[],"desc":"每天恢复次数时间段"},
	"recover_time":{"key":"recover_time","val":[],"desc":"每X分钟恢复1次挑战次数"},
	"resetting_time":{"key":"resetting_time","val":[0,0,0],"desc":"每天几点重置副本"},
	"action_time":{"key":"action_time","val":15,"desc":"每次挑战己方行动次数"},
	"gold_box":{"key":"gold_box","val":1,"desc":"宝箱1数量(召唤书）"},
	"hero_soul_box":{"key":"hero_soul_box","val":8,"desc":"宝箱2数量（神格）"},
	"guild_box":{"key":"guild_box","val":10,"desc":"宝箱3数量（贡献）"},
	"coin_box":{"key":"coin_box","val":21,"desc":"宝箱4数量（金币）"},
	"box_max_num":{"key":"box_max_num","val":40,"desc":"宝箱总数量"},
	"rumour_items":{"key":"rumour_items","val":[10201],"desc":"传闻道具"},
	"rank_dam":{"key":"rank_dam","val":2000,"desc":"上榜所需最低伤害"},
	"reset_desc_0":{"key":"reset_desc_0","val":"正常重置","desc":"明日公会副本重置至历史最高章节"},
	"reset_desc_1":{"key":"reset_desc_1","val":"章节回退","desc":"明日公会副本重置至历史最高章节的前一章节"},
	"bosstype_1":{"key":"bosstype_1","val":[],"desc":"该Boss法防较低，推荐法系输出"},
	"bosstype_2":{"key":"bosstype_2","val":[],"desc":"该Boss物防较低，推荐物理输出"},
	"des_nobuff":{"key":"des_nobuff","val":[],"desc":"全公会成员攻击力+0%"},
	"buff_cost":{"key":"buff_cost","val":20,"desc":"激活&加强Buff消费红蓝钻"},
	"buff_item":{"key":"buff_item","val":10020,"desc":"激活&加强Buff消耗道具ID"},
	"reward_desc01":{"key":"reward_desc01","val":[],"desc":"通关数越高奖励越丰厚！"},
	"reward_desc02":{"key":"reward_desc02","val":[],"desc":"每周一<color=289b14>00:00</color>根据最高通关数结算奖励，通过邮件向全公会成员发放"},
	"double_time":{"key":"double_time","val":[],"desc":"双倍奖励时间段"},
	"concentrate_cd":{"key":"concentrate_cd","val":3600,"desc":"集结冷却时间（单位：秒）"},
	"praise_reward":{"key":"praise_reward","val":[[2,3000]],"desc":"点赞奖励"},
	"praise_time":{"key":"praise_time","val":3,"desc":"点赞次数限制"},
	"game_rule":{"key":"game_rule","val":1,"desc":"1.每次挑战副本中的Boss都会获得<color=289b14>公会贡献</color>、<color=289b14>金币</color>\n2.击杀Boss后根据公会成员对本Boss造成的伤害排名发放结算奖励，击杀者可额外获得<color=289b14>击杀奖励</color>，同时公会可获得一定<color=289b14>公会经验</color>\n3.玩家每日拥有2次免费挑战次数,次数在每日0点重置,此外玩家可消耗钻石购买额外挑战次数 \n4.扫荡会继承上一次挑战的伤害量进行结算，扫荡同样消耗1点挑战次数\n5.消耗<color=289b14>公会增幅令</color>或<color=289b14>钻石</color>可激活或提升<color=289b14>公会全员增加攻击Buff</color>效果，最大可增加到20%的攻击力加成\n6.每个Boss击杀奖励每个角色只可获得1次，更换公会重复击杀只获得保底奖励"}
},
"data_guildboss_list_length" : 50,
"data_guildboss_list" : {
	"101":{"id":1,"boss_id":101,"hp":1000000,"combat_id":50101,"item_name":"莉莉丝","head_icon":10101,"bg_res":"guildboss_5"},
	"201":{"id":2,"boss_id":201,"hp":2000000,"combat_id":50102,"item_name":"地狱犬","head_icon":20101,"bg_res":"guildboss_6"},
	"301":{"id":3,"boss_id":301,"hp":3500000,"combat_id":50103,"item_name":"精灵射手","head_icon":30202,"bg_res":"guildboss_7"},
	"401":{"id":4,"boss_id":401,"hp":5500000,"combat_id":50104,"item_name":"精灵希尔","head_icon":20202,"bg_res":"guildboss_5"},
	"501":{"id":5,"boss_id":501,"hp":8000000,"combat_id":50105,"item_name":"巫女","head_icon":10201,"bg_res":"guildboss_6"},
	"601":{"id":6,"boss_id":601,"hp":11000000,"combat_id":50106,"item_name":"光之苏尔","head_icon":40301,"bg_res":"guildboss_7"},
	"701":{"id":7,"boss_id":701,"hp":14500000,"combat_id":50107,"item_name":"巨魔巫医","head_icon":50301,"bg_res":"guildboss_5"},
	"801":{"id":8,"boss_id":801,"hp":18500000,"combat_id":50108,"item_name":"风暴猎手","head_icon":30302,"bg_res":"guildboss_6"},
	"901":{"id":9,"boss_id":901,"hp":23000000,"combat_id":50109,"item_name":"地狱火","head_icon":20304,"bg_res":"guildboss_7"},
	"1001":{"id":10,"boss_id":1001,"hp":28000000,"combat_id":50110,"item_name":"水元素","head_icon":10403,"bg_res":"guildboss_5"},
	"1101":{"id":11,"boss_id":1101,"hp":33500000,"combat_id":50111,"item_name":"火枪艾克","head_icon":20401,"bg_res":"guildboss_6"},
	"1201":{"id":12,"boss_id":1201,"hp":39500000,"combat_id":50112,"item_name":"甘道夫","head_icon":30404,"bg_res":"guildboss_7"},
	"1301":{"id":13,"boss_id":1301,"hp":46000000,"combat_id":50113,"item_name":"丘比特","head_icon":40404,"bg_res":"guildboss_5"},
	"1401":{"id":14,"boss_id":1401,"hp":53000000,"combat_id":50114,"item_name":"死亡骑士","head_icon":50402,"bg_res":"guildboss_6"},
	"1501":{"id":15,"boss_id":1501,"hp":60500000,"combat_id":50115,"item_name":"普罗米修斯","head_icon":20507,"bg_res":"guildboss_7"},
	"1601":{"id":16,"boss_id":1601,"hp":68500000,"combat_id":50116,"item_name":"竖琴海妖","head_icon":10402,"bg_res":"guildboss_5"},
	"1701":{"id":17,"boss_id":1701,"hp":77000000,"combat_id":50117,"item_name":"圣锤提尔","head_icon":30403,"bg_res":"guildboss_6"},
	"1801":{"id":18,"boss_id":1801,"hp":86000000,"combat_id":50118,"item_name":"亚瑟","head_icon":10401,"bg_res":"guildboss_7"},
	"1901":{"id":19,"boss_id":1901,"hp":95500000,"combat_id":50119,"item_name":"翼女","head_icon":20405,"bg_res":"guildboss_5"},
	"2001":{"id":20,"boss_id":2001,"hp":105500000,"combat_id":50120,"item_name":"伊西斯","head_icon":40501,"bg_res":"guildboss_6"},
	"2101":{"id":21,"boss_id":2101,"hp":116000000,"combat_id":50121,"item_name":"蛇女墨莎","head_icon":50501,"bg_res":"guildboss_5"},
	"2201":{"id":22,"boss_id":2201,"hp":127000000,"combat_id":50122,"item_name":"冰晶魔法师","head_icon":10404,"bg_res":"guildboss_6"},
	"2301":{"id":23,"boss_id":2301,"hp":138500000,"combat_id":50123,"item_name":"炽天使","head_icon":20501,"bg_res":"guildboss_7"},
	"2401":{"id":24,"boss_id":2401,"hp":150500000,"combat_id":50124,"item_name":"美杜莎","head_icon":30505,"bg_res":"guildboss_5"},
	"2501":{"id":25,"boss_id":2501,"hp":163000000,"combat_id":50125,"item_name":"凯瑟琳","head_icon":20402,"bg_res":"guildboss_6"},
	"2601":{"id":26,"boss_id":2601,"hp":176000000,"combat_id":50126,"item_name":"波塞冬","head_icon":10505,"bg_res":"guildboss_7"},
	"2701":{"id":27,"boss_id":2701,"hp":189500000,"combat_id":50127,"item_name":"路西法","head_icon":50506,"bg_res":"guildboss_5"},
	"2801":{"id":28,"boss_id":2801,"hp":203500000,"combat_id":50128,"item_name":"盖亚","head_icon":40505,"bg_res":"guildboss_6"},
	"2901":{"id":29,"boss_id":2901,"hp":218000000,"combat_id":50129,"item_name":"奥丁","head_icon":30501,"bg_res":"guildboss_7"},
	"3001":{"id":30,"boss_id":3001,"hp":233000000,"combat_id":50130,"item_name":"阿波罗","head_icon":20505,"bg_res":"guildboss_5"},
	"3101":{"id":31,"boss_id":3101,"hp":248500000,"combat_id":50131,"item_name":"阿瑞斯","head_icon":10509,"bg_res":"guildboss_6"},
	"3201":{"id":32,"boss_id":3201,"hp":264500000,"combat_id":50132,"item_name":"吸血伯爵","head_icon":20506,"bg_res":"guildboss_7"},
	"3301":{"id":33,"boss_id":3301,"hp":281000000,"combat_id":50133,"item_name":"亡灵收割者","head_icon":30402,"bg_res":"guildboss_5"},
	"3401":{"id":34,"boss_id":3401,"hp":298000000,"combat_id":50134,"item_name":"阿努比斯","head_icon":50505,"bg_res":"guildboss_6"},
	"3501":{"id":35,"boss_id":3501,"hp":315500000,"combat_id":50135,"item_name":"赫拉","head_icon":40503,"bg_res":"guildboss_7"},
	"3601":{"id":36,"boss_id":3601,"hp":333500000,"combat_id":50136,"item_name":"普罗米修斯","head_icon":20507,"bg_res":"guildboss_5"},
	"3701":{"id":37,"boss_id":3701,"hp":352000000,"combat_id":50137,"item_name":"少年梅林","head_icon":10507,"bg_res":"guildboss_6"},
	"3801":{"id":38,"boss_id":3801,"hp":371000000,"combat_id":50138,"item_name":"魅魔女王","head_icon":30504,"bg_res":"guildboss_7"},
	"3901":{"id":39,"boss_id":3901,"hp":390500000,"combat_id":50139,"item_name":"海宁芙","head_icon":10508,"bg_res":"guildboss_5"},
	"4001":{"id":40,"boss_id":4001,"hp":410500000,"combat_id":50140,"item_name":"剑豪卡赞","head_icon":20503,"bg_res":"guildboss_6"},
	"4101":{"id":41,"boss_id":4101,"hp":431000000,"combat_id":50141,"item_name":"哈迪斯","head_icon":50502,"bg_res":"guildboss_5"},
	"4201":{"id":42,"boss_id":4201,"hp":452000000,"combat_id":50142,"item_name":"艾蕾莉亚","head_icon":40506,"bg_res":"guildboss_6"},
	"4301":{"id":43,"boss_id":4301,"hp":473500000,"combat_id":50143,"item_name":"波塞冬","head_icon":10505,"bg_res":"guildboss_7"},
	"4401":{"id":44,"boss_id":4401,"hp":495500000,"combat_id":50144,"item_name":"炎魔之王","head_icon":20502,"bg_res":"guildboss_5"},
	"4501":{"id":45,"boss_id":4501,"hp":518000000,"combat_id":50145,"item_name":"潘","head_icon":30507,"bg_res":"guildboss_6"},
	"4601":{"id":46,"boss_id":4601,"hp":541000000,"combat_id":50146,"item_name":"宙斯","head_icon":40502,"bg_res":"guildboss_7"},
	"4701":{"id":47,"boss_id":4701,"hp":564500000,"combat_id":50147,"item_name":"黑暗之主","head_icon":50504,"bg_res":"guildboss_5"},
	"4801":{"id":48,"boss_id":4801,"hp":588500000,"combat_id":50148,"item_name":"斯芬克斯","head_icon":30508,"bg_res":"guildboss_6"},
	"4901":{"id":49,"boss_id":4901,"hp":613000000,"combat_id":50149,"item_name":"冰霜巨龙","head_icon":10503,"bg_res":"guildboss_7"},
	"5001":{"id":50,"boss_id":5001,"hp":638000000,"combat_id":50150,"item_name":"瓦尔基里","head_icon":20508,"bg_res":"guildboss_5"}
},
"data_chapter_boss_length" : 50,
"data_chapter_boss" : {
	"1": [{"boss_id":101}],
	"2": [{"boss_id":201}],
	"3": [{"boss_id":301}],
	"4": [{"boss_id":401}],
	"5": [{"boss_id":501}],
	"6": [{"boss_id":601}],
	"7": [{"boss_id":701}],
	"8": [{"boss_id":801}],
	"9": [{"boss_id":901}],
	"10": [{"boss_id":1001}],
	"11": [{"boss_id":1101}],
	"12": [{"boss_id":1201}],
	"13": [{"boss_id":1301}],
	"14": [{"boss_id":1401}],
	"15": [{"boss_id":1501}],
	"16": [{"boss_id":1601}],
	"17": [{"boss_id":1701}],
	"18": [{"boss_id":1801}],
	"19": [{"boss_id":1901}],
	"20": [{"boss_id":2001}],
	"21": [{"boss_id":2101}],
	"22": [{"boss_id":2201}],
	"23": [{"boss_id":2301}],
	"24": [{"boss_id":2401}],
	"25": [{"boss_id":2501}],
	"26": [{"boss_id":2601}],
	"27": [{"boss_id":2701}],
	"28": [{"boss_id":2801}],
	"29": [{"boss_id":2901}],
	"30": [{"boss_id":3001}],
	"31": [{"boss_id":3101}],
	"32": [{"boss_id":3201}],
	"33": [{"boss_id":3301}],
	"34": [{"boss_id":3401}],
	"35": [{"boss_id":3501}],
	"36": [{"boss_id":3601}],
	"37": [{"boss_id":3701}],
	"38": [{"boss_id":3801}],
	"39": [{"boss_id":3901}],
	"40": [{"boss_id":4001}],
	"41": [{"boss_id":4101}],
	"42": [{"boss_id":4201}],
	"43": [{"boss_id":4301}],
	"44": [{"boss_id":4401}],
	"45": [{"boss_id":4501}],
	"46": [{"boss_id":4601}],
	"47": [{"boss_id":4701}],
	"48": [{"boss_id":4801}],
	"49": [{"boss_id":4901}],
	"50": [{"boss_id":5001}]
},
"data_chapter_reward_length" : 50,
"data_chapter_reward" : {
	"1":{"id":1,"chapter_name":"第一章","chapter_desc":"小小海盗","award_list":[],"dps_awrard":[[10,10,10,480,150],[1,20000,20000,860,200]],"award":[[10,200]],"guild_exp":100,"show_id":101,"reward_list":[]},
	"2":{"id":2,"chapter_name":"第二章","chapter_desc":"地狱的看守","award_list":[],"dps_awrard":[[10,12,12,480,150],[1,22000,22000,860,200]],"award":[[10,200]],"guild_exp":100,"show_id":201,"reward_list":[]},
	"3":{"id":3,"chapter_name":"第三章","chapter_desc":"丛林飞矢","award_list":[],"dps_awrard":[[10,14,14,480,150],[1,24000,24000,860,200]],"award":[[10,200]],"guild_exp":100,"show_id":301,"reward_list":[]},
	"4":{"id":4,"chapter_name":"第四章","chapter_desc":"火灵","award_list":[],"dps_awrard":[[10,16,16,480,150],[1,26000,26000,860,200]],"award":[[10,200]],"guild_exp":100,"show_id":401,"reward_list":[]},
	"5":{"id":5,"chapter_name":"第五章","chapter_desc":"神秘的巫术","award_list":[],"dps_awrard":[[10,18,18,480,150],[1,28000,28000,860,200]],"award":[[10,200]],"guild_exp":100,"show_id":501,"reward_list":[]},
	"6":{"id":6,"chapter_name":"第六章","chapter_desc":"光的使徒","award_list":[],"dps_awrard":[[10,20,20,480,150],[1,30000,30000,860,200]],"award":[[10,200]],"guild_exp":100,"show_id":601,"reward_list":[]},
	"7":{"id":7,"chapter_name":"第七章","chapter_desc":"邪恶的医道","award_list":[],"dps_awrard":[[10,22,22,480,150],[1,32000,32000,860,200]],"award":[[10,200]],"guild_exp":100,"show_id":701,"reward_list":[]},
	"8":{"id":8,"chapter_name":"第八章","chapter_desc":"风之刃","award_list":[],"dps_awrard":[[10,24,24,480,150],[1,34000,34000,860,200]],"award":[[10,200]],"guild_exp":100,"show_id":801,"reward_list":[]},
	"9":{"id":9,"chapter_name":"第九章","chapter_desc":"烈焰轰炸","award_list":[],"dps_awrard":[[10,26,26,480,150],[1,36000,36000,860,200]],"award":[[10,200]],"guild_exp":100,"show_id":901,"reward_list":[]},
	"10":{"id":10,"chapter_name":"第十章","chapter_desc":"水神的使者","award_list":[],"dps_awrard":[[10,28,28,480,150],[1,38000,38000,860,200]],"award":[[10,200]],"guild_exp":100,"show_id":1001,"reward_list":[]},
	"11":{"id":11,"chapter_name":"第十一章","chapter_desc":"疯狂的火枪","award_list":[],"dps_awrard":[[10,30,30,480,150],[1,40000,40000,860,200]],"award":[[10,200]],"guild_exp":100,"show_id":1101,"reward_list":[]},
	"12":{"id":12,"chapter_name":"第十二章","chapter_desc":"长者的智慧","award_list":[],"dps_awrard":[[10,32,32,480,150],[1,42000,42000,860,200]],"award":[[10,200]],"guild_exp":100,"show_id":1201,"reward_list":[]},
	"13":{"id":13,"chapter_name":"第十三章","chapter_desc":"爱神之箭","award_list":[],"dps_awrard":[[10,34,34,480,150],[1,44000,44000,860,200]],"award":[[10,200]],"guild_exp":100,"show_id":1301,"reward_list":[]},
	"14":{"id":14,"chapter_name":"第十四章","chapter_desc":"死亡之寒","award_list":[],"dps_awrard":[[10,36,36,480,150],[1,46000,46000,860,200]],"award":[[10,200]],"guild_exp":100,"show_id":1401,"reward_list":[]},
	"15":{"id":15,"chapter_name":"第十五章","chapter_desc":"火焰之章","award_list":[],"dps_awrard":[[10,38,38,480,150],[1,48000,48000,860,200]],"award":[[10,200]],"guild_exp":100,"show_id":1501,"reward_list":[]},
	"16":{"id":16,"chapter_name":"第十六章","chapter_desc":"海潮的挽歌","award_list":[],"dps_awrard":[[10,40,40,480,150],[1,50000,50000,860,200]],"award":[[10,200]],"guild_exp":100,"show_id":1601,"reward_list":[]},
	"17":{"id":17,"chapter_name":"第十七章","chapter_desc":"战锤荣耀","award_list":[],"dps_awrard":[[10,42,42,480,150],[1,52000,52000,860,200]],"award":[[10,200]],"guild_exp":100,"show_id":1701,"reward_list":[]},
	"18":{"id":18,"chapter_name":"第十八章","chapter_desc":"王的征途","award_list":[],"dps_awrard":[[10,44,44,480,150],[1,54000,54000,860,200]],"award":[[10,200]],"guild_exp":100,"show_id":1801,"reward_list":[]},
	"19":{"id":19,"chapter_name":"第十九章","chapter_desc":"火焰风暴","award_list":[],"dps_awrard":[[10,46,46,480,150],[1,56000,56000,860,200]],"award":[[10,200]],"guild_exp":100,"show_id":1901,"reward_list":[]},
	"20":{"id":20,"chapter_name":"第二十章","chapter_desc":"致命的舞步","award_list":[],"dps_awrard":[[10,48,48,480,150],[1,58000,58000,860,200]],"award":[[10,200]],"guild_exp":100,"show_id":2001,"reward_list":[]},
	"21":{"id":21,"chapter_name":"第二十一章","chapter_desc":"陷阱诱惑","award_list":[],"dps_awrard":[[10,50,50,480,150],[1,60000,60000,860,200]],"award":[[10,200]],"guild_exp":100,"show_id":2101,"reward_list":[]},
	"22":{"id":22,"chapter_name":"第二十二章","chapter_desc":"五彩冰晶","award_list":[],"dps_awrard":[[10,52,52,480,150],[1,62000,62000,860,200]],"award":[[10,200]],"guild_exp":100,"show_id":2201,"reward_list":[]},
	"23":{"id":23,"chapter_name":"第二十三章","chapter_desc":"正义审判","award_list":[],"dps_awrard":[[10,54,54,480,150],[1,64000,64000,860,200]],"award":[[10,200]],"guild_exp":100,"show_id":2301,"reward_list":[]},
	"24":{"id":24,"chapter_name":"第二十四章","chapter_desc":"诡异石像","award_list":[],"dps_awrard":[[10,56,56,480,150],[1,66000,66000,860,200]],"award":[[10,200]],"guild_exp":100,"show_id":2401,"reward_list":[]},
	"25":{"id":25,"chapter_name":"第二十五章","chapter_desc":"烈焰的魔道","award_list":[],"dps_awrard":[[10,58,58,480,150],[1,68000,68000,860,200]],"award":[[10,200]],"guild_exp":100,"show_id":2501,"reward_list":[]},
	"26":{"id":26,"chapter_name":"第二十六章","chapter_desc":"海神之力","award_list":[],"dps_awrard":[[10,60,60,480,150],[1,70000,70000,860,200]],"award":[[10,200]],"guild_exp":100,"show_id":2601,"reward_list":[]},
	"27":{"id":27,"chapter_name":"第二十七章","chapter_desc":"漆黑的羽根","award_list":[],"dps_awrard":[[10,62,62,480,150],[1,72000,72000,860,200]],"award":[[10,200]],"guild_exp":100,"show_id":2701,"reward_list":[]},
	"28":{"id":28,"chapter_name":"第二十八章","chapter_desc":"大地之蕴","award_list":[],"dps_awrard":[[10,64,64,480,150],[1,74000,74000,860,200]],"award":[[10,200]],"guild_exp":100,"show_id":2801,"reward_list":[]},
	"29":{"id":29,"chapter_name":"第二十九章","chapter_desc":"智勇长枪","award_list":[],"dps_awrard":[[10,66,66,480,150],[1,76000,76000,860,200]],"award":[[10,200]],"guild_exp":100,"show_id":2901,"reward_list":[]},
	"30":{"id":30,"chapter_name":"第三十章","chapter_desc":"烈阳光芒","award_list":[],"dps_awrard":[[10,68,68,480,150],[1,78000,78000,860,200]],"award":[[10,200]],"guild_exp":100,"show_id":3001,"reward_list":[]},
	"31":{"id":31,"chapter_name":"第三十一章","chapter_desc":"战神意志","award_list":[],"dps_awrard":[[10,70,70,480,150],[1,80000,80000,860,200]],"award":[[10,200]],"guild_exp":100,"show_id":3101,"reward_list":[]},
	"32":{"id":32,"chapter_name":"第三十二章","chapter_desc":"鲜血之","award_list":[],"dps_awrard":[[10,72,72,480,150],[1,82000,82000,860,200]],"award":[[10,200]],"guild_exp":100,"show_id":3201,"reward_list":[]},
	"33":{"id":33,"chapter_name":"第三十三章","chapter_desc":"无声的刺杀","award_list":[],"dps_awrard":[[10,74,74,480,150],[1,84000,84000,860,200]],"award":[[10,200]],"guild_exp":100,"show_id":3301,"reward_list":[]},
	"34":{"id":34,"chapter_name":"第三十四章","chapter_desc":"死神的呼唤","award_list":[],"dps_awrard":[[10,76,76,480,150],[1,86000,86000,860,200]],"award":[[10,200]],"guild_exp":100,"show_id":3401,"reward_list":[]},
	"35":{"id":35,"chapter_name":"第三十五章","chapter_desc":"圣洁的衣钵","award_list":[],"dps_awrard":[[10,78,78,480,150],[1,88000,88000,860,200]],"award":[[10,200]],"guild_exp":100,"show_id":3501,"reward_list":[]},
	"36":{"id":36,"chapter_name":"第三十六章","chapter_desc":"智慧的火种","award_list":[],"dps_awrard":[[10,80,80,480,150],[1,90000,90000,860,200]],"award":[[10,200]],"guild_exp":100,"show_id":3601,"reward_list":[]},
	"37":{"id":37,"chapter_name":"第三十七章","chapter_desc":"天才的任性","award_list":[],"dps_awrard":[[10,82,82,480,150],[1,92000,92000,860,200]],"award":[[10,200]],"guild_exp":100,"show_id":3701,"reward_list":[]},
	"38":{"id":38,"chapter_name":"第三十八章","chapter_desc":"魅惑陷阱","award_list":[],"dps_awrard":[[10,84,84,480,150],[1,94000,94000,860,200]],"award":[[10,200]],"guild_exp":100,"show_id":3801,"reward_list":[]},
	"39":{"id":39,"chapter_name":"第三十九章","chapter_desc":"海浪战姿","award_list":[],"dps_awrard":[[10,86,86,480,150],[1,96000,96000,860,200]],"award":[[10,200]],"guild_exp":100,"show_id":3901,"reward_list":[]},
	"40":{"id":40,"chapter_name":"第四十章","chapter_desc":"刃下心","award_list":[],"dps_awrard":[[10,88,88,480,150],[1,98000,98000,860,200]],"award":[[10,200]],"guild_exp":100,"show_id":4001,"reward_list":[]},
	"41":{"id":41,"chapter_name":"第四十一章","chapter_desc":"冥界之惩","award_list":[],"dps_awrard":[[10,90,90,480,150],[1,100000,100000,860,200]],"award":[[10,200]],"guild_exp":100,"show_id":4101,"reward_list":[]},
	"42":{"id":42,"chapter_name":"第四十二章","chapter_desc":"耀眼圣光","award_list":[],"dps_awrard":[[10,92,92,480,150],[1,102000,102000,860,200]],"award":[[10,200]],"guild_exp":100,"show_id":4201,"reward_list":[]},
	"43":{"id":43,"chapter_name":"第四十三章","chapter_desc":"瀚海巨浪","award_list":[],"dps_awrard":[[10,94,94,480,150],[1,104000,104000,860,200]],"award":[[10,200]],"guild_exp":100,"show_id":4301,"reward_list":[]},
	"44":{"id":44,"chapter_name":"第四十四章","chapter_desc":"灼热熔岩","award_list":[],"dps_awrard":[[10,96,96,480,150],[1,106000,106000,860,200]],"award":[[10,200]],"guild_exp":100,"show_id":4401,"reward_list":[]},
	"45":{"id":45,"chapter_name":"第四十五章","chapter_desc":"生命乐章","award_list":[],"dps_awrard":[[10,98,98,480,150],[1,108000,108000,860,200]],"award":[[10,200]],"guild_exp":100,"show_id":4501,"reward_list":[]},
	"46":{"id":46,"chapter_name":"第四十六章","chapter_desc":"主神的愤怒","award_list":[],"dps_awrard":[[10,100,100,480,150],[1,110000,110000,860,200]],"award":[[10,200]],"guild_exp":100,"show_id":4601,"reward_list":[]},
	"47":{"id":47,"chapter_name":"第四十七章","chapter_desc":"诅咒的结晶","award_list":[],"dps_awrard":[[10,102,102,480,150],[1,112000,112000,860,200]],"award":[[10,200]],"guild_exp":100,"show_id":4701,"reward_list":[]},
	"48":{"id":48,"chapter_name":"第四十八章","chapter_desc":"无声的利爪","award_list":[],"dps_awrard":[[10,104,104,480,150],[1,114000,114000,860,200]],"award":[[10,200]],"guild_exp":100,"show_id":4801,"reward_list":[]},
	"49":{"id":49,"chapter_name":"第四十九章","chapter_desc":"凛冽的怒吼","award_list":[],"dps_awrard":[[10,106,106,480,150],[1,116000,116000,860,200]],"award":[[10,200]],"guild_exp":100,"show_id":4901,"reward_list":[]},
	"50":{"id":50,"chapter_name":"第五十章","chapter_desc":"究极圣勇","award_list":[],"dps_awrard":[[10,108,108,480,150],[1,118000,118000,860,200]],"award":[[10,200]],"guild_exp":100,"show_id":5001,"reward_list":[]}
},
"data_chapter_box_length" : 50,
"data_chapter_box" : {
	"1":{"id":1,"cli_award_list":[[10401,1],[10,300],[1,3000],[2,30000],[10006,6]]},
	"2":{"id":2,"cli_award_list":[[10401,1],[10,310],[1,3100],[2,31000],[10006,6]]},
	"3":{"id":3,"cli_award_list":[[10401,1],[10,320],[1,3200],[2,32000],[10006,8]]},
	"4":{"id":4,"cli_award_list":[[10401,1],[10,330],[1,3300],[2,33000],[10006,8]]},
	"5":{"id":5,"cli_award_list":[[10401,1],[10,340],[1,3400],[2,34000],[10006,10]]},
	"6":{"id":6,"cli_award_list":[[10401,1],[10,350],[1,3500],[2,35000],[10006,10]]},
	"7":{"id":7,"cli_award_list":[[10401,1],[10,360],[1,3600],[2,36000],[10006,12]]},
	"8":{"id":8,"cli_award_list":[[10401,1],[10,370],[1,3700],[2,37000],[10006,12]]},
	"9":{"id":9,"cli_award_list":[[10401,1],[10,380],[1,3800],[2,38000],[10006,14]]},
	"10":{"id":10,"cli_award_list":[[10401,1],[10,390],[1,3900],[2,39000],[10006,14]]},
	"11":{"id":11,"cli_award_list":[[10401,1],[10,400],[1,4000],[2,40000],[10006,16]]},
	"12":{"id":12,"cli_award_list":[[10401,1],[10,410],[1,4100],[2,41000],[10006,16]]},
	"13":{"id":13,"cli_award_list":[[10401,1],[10,420],[1,4200],[2,42000],[10006,18]]},
	"14":{"id":14,"cli_award_list":[[10401,1],[10,430],[1,4300],[2,43000],[10006,18]]},
	"15":{"id":15,"cli_award_list":[[10401,1],[10,440],[1,4400],[2,44000],[10006,20]]},
	"16":{"id":16,"cli_award_list":[[10401,1],[10,450],[1,4500],[2,45000],[10006,20]]},
	"17":{"id":17,"cli_award_list":[[10401,1],[10,460],[1,4600],[2,46000],[10006,22]]},
	"18":{"id":18,"cli_award_list":[[10401,1],[10,470],[1,4700],[2,47000],[10006,22]]},
	"19":{"id":19,"cli_award_list":[[10401,1],[10,480],[1,4800],[2,48000],[10006,24]]},
	"20":{"id":20,"cli_award_list":[[10401,1],[10,490],[1,4900],[2,49000],[10006,24]]},
	"21":{"id":21,"cli_award_list":[[10401,1],[10,300],[1,3000],[2,30000],[10006,6]]},
	"22":{"id":22,"cli_award_list":[[10401,1],[10,310],[1,3100],[2,31000],[10006,6]]},
	"23":{"id":23,"cli_award_list":[[10401,1],[10,320],[1,3200],[2,32000],[10006,8]]},
	"24":{"id":24,"cli_award_list":[[10401,1],[10,330],[1,3300],[2,33000],[10006,8]]},
	"25":{"id":25,"cli_award_list":[[10401,1],[10,340],[1,3400],[2,34000],[10006,10]]},
	"26":{"id":26,"cli_award_list":[[10401,1],[10,350],[1,3500],[2,35000],[10006,10]]},
	"27":{"id":27,"cli_award_list":[[10401,1],[10,360],[1,3600],[2,36000],[10006,12]]},
	"28":{"id":28,"cli_award_list":[[10401,1],[10,370],[1,3700],[2,37000],[10006,12]]},
	"29":{"id":29,"cli_award_list":[[10401,1],[10,380],[1,3800],[2,38000],[10006,14]]},
	"30":{"id":30,"cli_award_list":[[10401,1],[10,390],[1,3900],[2,39000],[10006,14]]},
	"31":{"id":31,"cli_award_list":[[10401,1],[10,400],[1,4000],[2,40000],[10006,16]]},
	"32":{"id":32,"cli_award_list":[[10401,1],[10,410],[1,4100],[2,41000],[10006,16]]},
	"33":{"id":33,"cli_award_list":[[10401,1],[10,420],[1,4200],[2,42000],[10006,18]]},
	"34":{"id":34,"cli_award_list":[[10401,1],[10,430],[1,4300],[2,43000],[10006,18]]},
	"35":{"id":35,"cli_award_list":[[10401,1],[10,440],[1,4400],[2,44000],[10006,20]]},
	"36":{"id":36,"cli_award_list":[[10401,1],[10,450],[1,4500],[2,45000],[10006,20]]},
	"37":{"id":37,"cli_award_list":[[10401,1],[10,460],[1,4600],[2,46000],[10006,22]]},
	"38":{"id":38,"cli_award_list":[[10401,1],[10,470],[1,4700],[2,47000],[10006,22]]},
	"39":{"id":39,"cli_award_list":[[10401,1],[10,480],[1,4800],[2,48000],[10006,24]]},
	"40":{"id":40,"cli_award_list":[[10401,1],[10,490],[1,4900],[2,49000],[10006,24]]},
	"41":{"id":41,"cli_award_list":[[10401,1],[10,300],[1,3000],[2,30000],[10006,6]]},
	"42":{"id":42,"cli_award_list":[[10401,1],[10,310],[1,3100],[2,31000],[10006,6]]},
	"43":{"id":43,"cli_award_list":[[10401,1],[10,320],[1,3200],[2,32000],[10006,8]]},
	"44":{"id":44,"cli_award_list":[[10401,1],[10,330],[1,3300],[2,33000],[10006,8]]},
	"45":{"id":45,"cli_award_list":[[10401,1],[10,340],[1,3400],[2,34000],[10006,10]]},
	"46":{"id":46,"cli_award_list":[[10401,1],[10,350],[1,3500],[2,35000],[10006,10]]},
	"47":{"id":47,"cli_award_list":[[10401,1],[10,360],[1,3600],[2,36000],[10006,12]]},
	"48":{"id":48,"cli_award_list":[[10401,1],[10,370],[1,3700],[2,37000],[10006,12]]},
	"49":{"id":49,"cli_award_list":[[10401,1],[10,380],[1,3800],[2,38000],[10006,14]]},
	"50":{"id":50,"cli_award_list":[[10401,1],[10,390],[1,3900],[2,39000],[10006,14]]}
},
"data_buy_count_length" : 4,
"data_buy_count" : {
	"1":{"count":1,"expend":[15,20],"vip_lev":0},
	"2":{"count":2,"expend":[15,30],"vip_lev":0},
	"3":{"count":3,"expend":[15,40],"vip_lev":0},
	"4":{"count":4,"expend":[15,60],"vip_lev":0}
},
"data_rank_reward_length" : 50,
"data_rank_reward" : {
	"101": [{"boss_id":101,"rank1":21,"rank2":50,"award":[[10,100],[1,25000]]}, {"boss_id":101,"rank1":16,"rank2":20,"award":[[10,120],[1,30000]]}, {"boss_id":101,"rank1":11,"rank2":15,"award":[[10,160],[1,40000]]}, {"boss_id":101,"rank1":4,"rank2":10,"award":[[10,200],[1,50000]]}, {"boss_id":101,"rank1":3,"rank2":3,"award":[[10,260],[1,65000]]}, {"boss_id":101,"rank1":2,"rank2":2,"award":[[10,280],[1,70000]]}, {"boss_id":101,"rank1":1,"rank2":1,"award":[[10,300],[1,75000]]}],
	"201": [{"boss_id":201,"rank1":21,"rank2":50,"award":[[10,150],[1,30000]]}, {"boss_id":201,"rank1":16,"rank2":20,"award":[[10,180],[1,36000]]}, {"boss_id":201,"rank1":11,"rank2":15,"award":[[10,240],[1,48000]]}, {"boss_id":201,"rank1":4,"rank2":10,"award":[[10,300],[1,60000]]}, {"boss_id":201,"rank1":3,"rank2":3,"award":[[10,390],[1,78000]]}, {"boss_id":201,"rank1":2,"rank2":2,"award":[[10,420],[1,84000]]}, {"boss_id":201,"rank1":1,"rank2":1,"award":[[10,450],[1,90000]]}],
	"301": [{"boss_id":301,"rank1":21,"rank2":50,"award":[[10,300],[1,45000]]}, {"boss_id":301,"rank1":16,"rank2":20,"award":[[10,360],[1,54000]]}, {"boss_id":301,"rank1":11,"rank2":15,"award":[[10,480],[1,72000]]}, {"boss_id":301,"rank1":4,"rank2":10,"award":[[10,600],[1,90000]]}, {"boss_id":301,"rank1":3,"rank2":3,"award":[[10,780],[1,117000]]}, {"boss_id":301,"rank1":2,"rank2":2,"award":[[10,840],[1,126000]]}, {"boss_id":301,"rank1":1,"rank2":1,"award":[[10,900],[1,135000]]}],
	"401": [{"boss_id":401,"rank1":21,"rank2":50,"award":[[10,500],[1,50000]]}, {"boss_id":401,"rank1":16,"rank2":20,"award":[[10,600],[1,60000]]}, {"boss_id":401,"rank1":11,"rank2":15,"award":[[10,800],[1,80000]]}, {"boss_id":401,"rank1":4,"rank2":10,"award":[[10,1000],[1,100000]]}, {"boss_id":401,"rank1":3,"rank2":3,"award":[[10,1300],[1,130000]]}, {"boss_id":401,"rank1":2,"rank2":2,"award":[[10,1400],[1,140000]]}, {"boss_id":401,"rank1":1,"rank2":1,"award":[[10,1500],[1,150000]]}],
	"501": [{"boss_id":501,"rank1":21,"rank2":50,"award":[[10,700],[1,63000]]}, {"boss_id":501,"rank1":16,"rank2":20,"award":[[10,840],[1,75600]]}, {"boss_id":501,"rank1":11,"rank2":15,"award":[[10,1120],[1,100800]]}, {"boss_id":501,"rank1":4,"rank2":10,"award":[[10,1400],[1,126000]]}, {"boss_id":501,"rank1":3,"rank2":3,"award":[[10,1820],[1,163800]]}, {"boss_id":501,"rank1":2,"rank2":2,"award":[[10,1960],[1,176400]]}, {"boss_id":501,"rank1":1,"rank2":1,"award":[[10,2100],[1,189000]]}],
	"601": [{"boss_id":601,"rank1":21,"rank2":50,"award":[[10,1000],[1,70000]]}, {"boss_id":601,"rank1":16,"rank2":20,"award":[[10,1200],[1,84000]]}, {"boss_id":601,"rank1":11,"rank2":15,"award":[[10,1600],[1,112000]]}, {"boss_id":601,"rank1":4,"rank2":10,"award":[[10,2000],[1,140000]]}, {"boss_id":601,"rank1":3,"rank2":3,"award":[[10,2600],[1,182000]]}, {"boss_id":601,"rank1":2,"rank2":2,"award":[[10,2800],[1,196000]]}, {"boss_id":601,"rank1":1,"rank2":1,"award":[[10,3000],[1,210000]]}],
	"701": [{"boss_id":701,"rank1":21,"rank2":50,"award":[[10,1250],[1,75000]]}, {"boss_id":701,"rank1":16,"rank2":20,"award":[[10,1500],[1,90000]]}, {"boss_id":701,"rank1":11,"rank2":15,"award":[[10,2000],[1,120000]]}, {"boss_id":701,"rank1":4,"rank2":10,"award":[[10,2500],[1,150000]]}, {"boss_id":701,"rank1":3,"rank2":3,"award":[[10,3250],[1,195000]]}, {"boss_id":701,"rank1":2,"rank2":2,"award":[[10,3500],[1,210000]]}, {"boss_id":701,"rank1":1,"rank2":1,"award":[[10,3750],[1,225000]]}],
	"801": [{"boss_id":801,"rank1":21,"rank2":50,"award":[[10,1500],[1,82500]]}, {"boss_id":801,"rank1":16,"rank2":20,"award":[[10,1800],[1,99000]]}, {"boss_id":801,"rank1":11,"rank2":15,"award":[[10,2400],[1,132000]]}, {"boss_id":801,"rank1":4,"rank2":10,"award":[[10,3000],[1,165000]]}, {"boss_id":801,"rank1":3,"rank2":3,"award":[[10,3900],[1,214500]]}, {"boss_id":801,"rank1":2,"rank2":2,"award":[[10,4200],[1,231000]]}, {"boss_id":801,"rank1":1,"rank2":1,"award":[[10,4500],[1,247500]]}],
	"901": [{"boss_id":901,"rank1":21,"rank2":50,"award":[[10,1750],[1,96250]]}, {"boss_id":901,"rank1":16,"rank2":20,"award":[[10,2100],[1,115500]]}, {"boss_id":901,"rank1":11,"rank2":15,"award":[[10,2800],[1,154000]]}, {"boss_id":901,"rank1":4,"rank2":10,"award":[[10,3500],[1,192500]]}, {"boss_id":901,"rank1":3,"rank2":3,"award":[[10,4550],[1,250250]]}, {"boss_id":901,"rank1":2,"rank2":2,"award":[[10,4900],[1,269500]]}, {"boss_id":901,"rank1":1,"rank2":1,"award":[[10,5250],[1,288750]]}],
	"1001": [{"boss_id":1001,"rank1":21,"rank2":50,"award":[[10,2250],[1,101250]]}, {"boss_id":1001,"rank1":16,"rank2":20,"award":[[10,2700],[1,121500]]}, {"boss_id":1001,"rank1":11,"rank2":15,"award":[[10,3600],[1,162000]]}, {"boss_id":1001,"rank1":4,"rank2":10,"award":[[10,4500],[1,202500]]}, {"boss_id":1001,"rank1":3,"rank2":3,"award":[[10,5850],[1,263250]]}, {"boss_id":1001,"rank1":2,"rank2":2,"award":[[10,6300],[1,283500]]}, {"boss_id":1001,"rank1":1,"rank2":1,"award":[[10,6750],[1,303750]]}],
	"1101": [{"boss_id":1101,"rank1":21,"rank2":50,"award":[[10,2250],[1,25000]]}, {"boss_id":1101,"rank1":16,"rank2":20,"award":[[10,2700],[1,30000]]}, {"boss_id":1101,"rank1":11,"rank2":15,"award":[[10,3600],[1,40000]]}, {"boss_id":1101,"rank1":4,"rank2":10,"award":[[10,4500],[1,50000]]}, {"boss_id":1101,"rank1":3,"rank2":3,"award":[[10,5850],[1,65000]]}, {"boss_id":1101,"rank1":2,"rank2":2,"award":[[10,6300],[1,70000]]}, {"boss_id":1101,"rank1":1,"rank2":1,"award":[[10,6750],[1,303750]]}],
	"1201": [{"boss_id":1201,"rank1":21,"rank2":50,"award":[[10,2500],[1,30000]]}, {"boss_id":1201,"rank1":16,"rank2":20,"award":[[10,3000],[1,36000]]}, {"boss_id":1201,"rank1":11,"rank2":15,"award":[[10,4000],[1,48000]]}, {"boss_id":1201,"rank1":4,"rank2":10,"award":[[10,5000],[1,60000]]}, {"boss_id":1201,"rank1":3,"rank2":3,"award":[[10,6500],[1,78000]]}, {"boss_id":1201,"rank1":2,"rank2":2,"award":[[10,7000],[1,84000]]}, {"boss_id":1201,"rank1":1,"rank2":1,"award":[[10,7500],[1,337500]]}],
	"1301": [{"boss_id":1301,"rank1":21,"rank2":50,"award":[[10,2750],[1,45000]]}, {"boss_id":1301,"rank1":16,"rank2":20,"award":[[10,3300],[1,54000]]}, {"boss_id":1301,"rank1":11,"rank2":15,"award":[[10,4400],[1,72000]]}, {"boss_id":1301,"rank1":4,"rank2":10,"award":[[10,5500],[1,90000]]}, {"boss_id":1301,"rank1":3,"rank2":3,"award":[[10,7150],[1,117000]]}, {"boss_id":1301,"rank1":2,"rank2":2,"award":[[10,7700],[1,126000]]}, {"boss_id":1301,"rank1":1,"rank2":1,"award":[[10,8250],[1,371250]]}],
	"1401": [{"boss_id":1401,"rank1":21,"rank2":50,"award":[[10,2750],[1,50000]]}, {"boss_id":1401,"rank1":16,"rank2":20,"award":[[10,3300],[1,60000]]}, {"boss_id":1401,"rank1":11,"rank2":15,"award":[[10,4400],[1,80000]]}, {"boss_id":1401,"rank1":4,"rank2":10,"award":[[10,5500],[1,100000]]}, {"boss_id":1401,"rank1":3,"rank2":3,"award":[[10,7150],[1,130000]]}, {"boss_id":1401,"rank1":2,"rank2":2,"award":[[10,7700],[1,140000]]}, {"boss_id":1401,"rank1":1,"rank2":1,"award":[[10,8250],[1,371250]]}],
	"1501": [{"boss_id":1501,"rank1":21,"rank2":50,"award":[[10,2750],[1,63000]]}, {"boss_id":1501,"rank1":16,"rank2":20,"award":[[10,3300],[1,75600]]}, {"boss_id":1501,"rank1":11,"rank2":15,"award":[[10,4400],[1,100800]]}, {"boss_id":1501,"rank1":4,"rank2":10,"award":[[10,5500],[1,126000]]}, {"boss_id":1501,"rank1":3,"rank2":3,"award":[[10,7150],[1,163800]]}, {"boss_id":1501,"rank1":2,"rank2":2,"award":[[10,7700],[1,176400]]}, {"boss_id":1501,"rank1":1,"rank2":1,"award":[[10,8250],[1,371250]]}],
	"1601": [{"boss_id":1601,"rank1":21,"rank2":50,"award":[[10,2750],[1,70000]]}, {"boss_id":1601,"rank1":16,"rank2":20,"award":[[10,3300],[1,84000]]}, {"boss_id":1601,"rank1":11,"rank2":15,"award":[[10,4400],[1,112000]]}, {"boss_id":1601,"rank1":4,"rank2":10,"award":[[10,5500],[1,140000]]}, {"boss_id":1601,"rank1":3,"rank2":3,"award":[[10,7150],[1,182000]]}, {"boss_id":1601,"rank1":2,"rank2":2,"award":[[10,7700],[1,196000]]}, {"boss_id":1601,"rank1":1,"rank2":1,"award":[[10,8250],[1,371250]]}],
	"1701": [{"boss_id":1701,"rank1":21,"rank2":50,"award":[[10,2750],[1,75000]]}, {"boss_id":1701,"rank1":16,"rank2":20,"award":[[10,3300],[1,90000]]}, {"boss_id":1701,"rank1":11,"rank2":15,"award":[[10,4400],[1,120000]]}, {"boss_id":1701,"rank1":4,"rank2":10,"award":[[10,5500],[1,150000]]}, {"boss_id":1701,"rank1":3,"rank2":3,"award":[[10,7150],[1,195000]]}, {"boss_id":1701,"rank1":2,"rank2":2,"award":[[10,7700],[1,210000]]}, {"boss_id":1701,"rank1":1,"rank2":1,"award":[[10,8250],[1,371250]]}],
	"1801": [{"boss_id":1801,"rank1":21,"rank2":50,"award":[[10,2750],[1,82500]]}, {"boss_id":1801,"rank1":16,"rank2":20,"award":[[10,3300],[1,99000]]}, {"boss_id":1801,"rank1":11,"rank2":15,"award":[[10,4400],[1,132000]]}, {"boss_id":1801,"rank1":4,"rank2":10,"award":[[10,5500],[1,165000]]}, {"boss_id":1801,"rank1":3,"rank2":3,"award":[[10,7150],[1,214500]]}, {"boss_id":1801,"rank1":2,"rank2":2,"award":[[10,7700],[1,231000]]}, {"boss_id":1801,"rank1":1,"rank2":1,"award":[[10,8250],[1,371250]]}],
	"1901": [{"boss_id":1901,"rank1":21,"rank2":50,"award":[[10,2750],[1,96250]]}, {"boss_id":1901,"rank1":16,"rank2":20,"award":[[10,3300],[1,115500]]}, {"boss_id":1901,"rank1":11,"rank2":15,"award":[[10,4400],[1,154000]]}, {"boss_id":1901,"rank1":4,"rank2":10,"award":[[10,5500],[1,192500]]}, {"boss_id":1901,"rank1":3,"rank2":3,"award":[[10,7150],[1,250250]]}, {"boss_id":1901,"rank1":2,"rank2":2,"award":[[10,7700],[1,269500]]}, {"boss_id":1901,"rank1":1,"rank2":1,"award":[[10,8250],[1,371250]]}],
	"2001": [{"boss_id":2001,"rank1":21,"rank2":50,"award":[[10,2750],[1,101250]]}, {"boss_id":2001,"rank1":16,"rank2":20,"award":[[10,3300],[1,121500]]}, {"boss_id":2001,"rank1":11,"rank2":15,"award":[[10,4400],[1,162000]]}, {"boss_id":2001,"rank1":4,"rank2":10,"award":[[10,5500],[1,202500]]}, {"boss_id":2001,"rank1":3,"rank2":3,"award":[[10,7150],[1,263250]]}, {"boss_id":2001,"rank1":2,"rank2":2,"award":[[10,7700],[1,283500]]}, {"boss_id":2001,"rank1":1,"rank2":1,"award":[[10,8250],[1,371250]]}],
	"2101": [{"boss_id":2101,"rank1":21,"rank2":50,"award":[[10,3050],[1,137250]]}, {"boss_id":2101,"rank1":16,"rank2":20,"award":[[10,3660],[1,164700]]}, {"boss_id":2101,"rank1":11,"rank2":15,"award":[[10,4880],[1,219600]]}, {"boss_id":2101,"rank1":4,"rank2":10,"award":[[10,6100],[1,274500]]}, {"boss_id":2101,"rank1":3,"rank2":3,"award":[[10,7930],[1,356850]]}, {"boss_id":2101,"rank1":2,"rank2":2,"award":[[10,8540],[1,384300]]}, {"boss_id":2101,"rank1":1,"rank2":1,"award":[[10,9150],[1,411750]]}],
	"2201": [{"boss_id":2201,"rank1":21,"rank2":50,"award":[[10,3050],[1,137250]]}, {"boss_id":2201,"rank1":16,"rank2":20,"award":[[10,3660],[1,164700]]}, {"boss_id":2201,"rank1":11,"rank2":15,"award":[[10,4880],[1,219600]]}, {"boss_id":2201,"rank1":4,"rank2":10,"award":[[10,6100],[1,274500]]}, {"boss_id":2201,"rank1":3,"rank2":3,"award":[[10,7930],[1,356850]]}, {"boss_id":2201,"rank1":2,"rank2":2,"award":[[10,8540],[1,384300]]}, {"boss_id":2201,"rank1":1,"rank2":1,"award":[[10,9150],[1,411750]]}],
	"2301": [{"boss_id":2301,"rank1":21,"rank2":50,"award":[[10,3050],[1,137250]]}, {"boss_id":2301,"rank1":16,"rank2":20,"award":[[10,3660],[1,164700]]}, {"boss_id":2301,"rank1":11,"rank2":15,"award":[[10,4880],[1,219600]]}, {"boss_id":2301,"rank1":4,"rank2":10,"award":[[10,6100],[1,274500]]}, {"boss_id":2301,"rank1":3,"rank2":3,"award":[[10,7930],[1,356850]]}, {"boss_id":2301,"rank1":2,"rank2":2,"award":[[10,8540],[1,384300]]}, {"boss_id":2301,"rank1":1,"rank2":1,"award":[[10,9150],[1,411750]]}],
	"2401": [{"boss_id":2401,"rank1":21,"rank2":50,"award":[[10,3050],[1,137250]]}, {"boss_id":2401,"rank1":16,"rank2":20,"award":[[10,3660],[1,164700]]}, {"boss_id":2401,"rank1":11,"rank2":15,"award":[[10,4880],[1,219600]]}, {"boss_id":2401,"rank1":4,"rank2":10,"award":[[10,6100],[1,274500]]}, {"boss_id":2401,"rank1":3,"rank2":3,"award":[[10,7930],[1,356850]]}, {"boss_id":2401,"rank1":2,"rank2":2,"award":[[10,8540],[1,384300]]}, {"boss_id":2401,"rank1":1,"rank2":1,"award":[[10,9150],[1,411750]]}],
	"2501": [{"boss_id":2501,"rank1":21,"rank2":50,"award":[[10,3050],[1,137250]]}, {"boss_id":2501,"rank1":16,"rank2":20,"award":[[10,3660],[1,164700]]}, {"boss_id":2501,"rank1":11,"rank2":15,"award":[[10,4880],[1,219600]]}, {"boss_id":2501,"rank1":4,"rank2":10,"award":[[10,6100],[1,274500]]}, {"boss_id":2501,"rank1":3,"rank2":3,"award":[[10,7930],[1,356850]]}, {"boss_id":2501,"rank1":2,"rank2":2,"award":[[10,8540],[1,384300]]}, {"boss_id":2501,"rank1":1,"rank2":1,"award":[[10,9150],[1,411750]]}],
	"2601": [{"boss_id":2601,"rank1":21,"rank2":50,"award":[[10,3050],[1,137250]]}, {"boss_id":2601,"rank1":16,"rank2":20,"award":[[10,3660],[1,164700]]}, {"boss_id":2601,"rank1":11,"rank2":15,"award":[[10,4880],[1,219600]]}, {"boss_id":2601,"rank1":4,"rank2":10,"award":[[10,6100],[1,274500]]}, {"boss_id":2601,"rank1":3,"rank2":3,"award":[[10,7930],[1,356850]]}, {"boss_id":2601,"rank1":2,"rank2":2,"award":[[10,8540],[1,384300]]}, {"boss_id":2601,"rank1":1,"rank2":1,"award":[[10,9150],[1,411750]]}],
	"2701": [{"boss_id":2701,"rank1":21,"rank2":50,"award":[[10,3050],[1,137250]]}, {"boss_id":2701,"rank1":16,"rank2":20,"award":[[10,3660],[1,164700]]}, {"boss_id":2701,"rank1":11,"rank2":15,"award":[[10,4880],[1,219600]]}, {"boss_id":2701,"rank1":4,"rank2":10,"award":[[10,6100],[1,274500]]}, {"boss_id":2701,"rank1":3,"rank2":3,"award":[[10,7930],[1,356850]]}, {"boss_id":2701,"rank1":2,"rank2":2,"award":[[10,8540],[1,384300]]}, {"boss_id":2701,"rank1":1,"rank2":1,"award":[[10,9150],[1,411750]]}],
	"2801": [{"boss_id":2801,"rank1":21,"rank2":50,"award":[[10,3050],[1,137250]]}, {"boss_id":2801,"rank1":16,"rank2":20,"award":[[10,3660],[1,164700]]}, {"boss_id":2801,"rank1":11,"rank2":15,"award":[[10,4880],[1,219600]]}, {"boss_id":2801,"rank1":4,"rank2":10,"award":[[10,6100],[1,274500]]}, {"boss_id":2801,"rank1":3,"rank2":3,"award":[[10,7930],[1,356850]]}, {"boss_id":2801,"rank1":2,"rank2":2,"award":[[10,8540],[1,384300]]}, {"boss_id":2801,"rank1":1,"rank2":1,"award":[[10,9150],[1,411750]]}],
	"2901": [{"boss_id":2901,"rank1":21,"rank2":50,"award":[[10,3050],[1,137250]]}, {"boss_id":2901,"rank1":16,"rank2":20,"award":[[10,3660],[1,164700]]}, {"boss_id":2901,"rank1":11,"rank2":15,"award":[[10,4880],[1,219600]]}, {"boss_id":2901,"rank1":4,"rank2":10,"award":[[10,6100],[1,274500]]}, {"boss_id":2901,"rank1":3,"rank2":3,"award":[[10,7930],[1,356850]]}, {"boss_id":2901,"rank1":2,"rank2":2,"award":[[10,8540],[1,384300]]}, {"boss_id":2901,"rank1":1,"rank2":1,"award":[[10,9150],[1,411750]]}],
	"3001": [{"boss_id":3001,"rank1":21,"rank2":50,"award":[[10,3350],[1,150750]]}, {"boss_id":3001,"rank1":16,"rank2":20,"award":[[10,4020],[1,180900]]}, {"boss_id":3001,"rank1":11,"rank2":15,"award":[[10,5360],[1,241200]]}, {"boss_id":3001,"rank1":4,"rank2":10,"award":[[10,6700],[1,301500]]}, {"boss_id":3001,"rank1":3,"rank2":3,"award":[[10,8710],[1,391950]]}, {"boss_id":3001,"rank1":2,"rank2":2,"award":[[10,9380],[1,422100]]}, {"boss_id":3001,"rank1":1,"rank2":1,"award":[[10,10050],[1,452250]]}],
	"3101": [{"boss_id":3101,"rank1":21,"rank2":50,"award":[[10,3350],[1,150750]]}, {"boss_id":3101,"rank1":16,"rank2":20,"award":[[10,4020],[1,180900]]}, {"boss_id":3101,"rank1":11,"rank2":15,"award":[[10,5360],[1,241200]]}, {"boss_id":3101,"rank1":4,"rank2":10,"award":[[10,6700],[1,301500]]}, {"boss_id":3101,"rank1":3,"rank2":3,"award":[[10,8710],[1,391950]]}, {"boss_id":3101,"rank1":2,"rank2":2,"award":[[10,9380],[1,422100]]}, {"boss_id":3101,"rank1":1,"rank2":1,"award":[[10,10050],[1,452250]]}],
	"3201": [{"boss_id":3201,"rank1":21,"rank2":50,"award":[[10,3350],[1,150750]]}, {"boss_id":3201,"rank1":16,"rank2":20,"award":[[10,4020],[1,180900]]}, {"boss_id":3201,"rank1":11,"rank2":15,"award":[[10,5360],[1,241200]]}, {"boss_id":3201,"rank1":4,"rank2":10,"award":[[10,6700],[1,301500]]}, {"boss_id":3201,"rank1":3,"rank2":3,"award":[[10,8710],[1,391950]]}, {"boss_id":3201,"rank1":2,"rank2":2,"award":[[10,9380],[1,422100]]}, {"boss_id":3201,"rank1":1,"rank2":1,"award":[[10,10050],[1,452250]]}],
	"3301": [{"boss_id":3301,"rank1":21,"rank2":50,"award":[[10,3350],[1,150750]]}, {"boss_id":3301,"rank1":16,"rank2":20,"award":[[10,4020],[1,180900]]}, {"boss_id":3301,"rank1":11,"rank2":15,"award":[[10,5360],[1,241200]]}, {"boss_id":3301,"rank1":4,"rank2":10,"award":[[10,6700],[1,301500]]}, {"boss_id":3301,"rank1":3,"rank2":3,"award":[[10,8710],[1,391950]]}, {"boss_id":3301,"rank1":2,"rank2":2,"award":[[10,9380],[1,422100]]}, {"boss_id":3301,"rank1":1,"rank2":1,"award":[[10,10050],[1,452250]]}],
	"3401": [{"boss_id":3401,"rank1":21,"rank2":50,"award":[[10,3350],[1,150750]]}, {"boss_id":3401,"rank1":16,"rank2":20,"award":[[10,4020],[1,180900]]}, {"boss_id":3401,"rank1":11,"rank2":15,"award":[[10,5360],[1,241200]]}, {"boss_id":3401,"rank1":4,"rank2":10,"award":[[10,6700],[1,301500]]}, {"boss_id":3401,"rank1":3,"rank2":3,"award":[[10,8710],[1,391950]]}, {"boss_id":3401,"rank1":2,"rank2":2,"award":[[10,9380],[1,422100]]}, {"boss_id":3401,"rank1":1,"rank2":1,"award":[[10,10050],[1,452250]]}],
	"3501": [{"boss_id":3501,"rank1":21,"rank2":50,"award":[[10,3350],[1,150750]]}, {"boss_id":3501,"rank1":16,"rank2":20,"award":[[10,4020],[1,180900]]}, {"boss_id":3501,"rank1":11,"rank2":15,"award":[[10,5360],[1,241200]]}, {"boss_id":3501,"rank1":4,"rank2":10,"award":[[10,6700],[1,301500]]}, {"boss_id":3501,"rank1":3,"rank2":3,"award":[[10,8710],[1,391950]]}, {"boss_id":3501,"rank1":2,"rank2":2,"award":[[10,9380],[1,422100]]}, {"boss_id":3501,"rank1":1,"rank2":1,"award":[[10,10050],[1,452250]]}],
	"3601": [{"boss_id":3601,"rank1":21,"rank2":50,"award":[[10,3350],[1,150750]]}, {"boss_id":3601,"rank1":16,"rank2":20,"award":[[10,4020],[1,180900]]}, {"boss_id":3601,"rank1":11,"rank2":15,"award":[[10,5360],[1,241200]]}, {"boss_id":3601,"rank1":4,"rank2":10,"award":[[10,6700],[1,301500]]}, {"boss_id":3601,"rank1":3,"rank2":3,"award":[[10,8710],[1,391950]]}, {"boss_id":3601,"rank1":2,"rank2":2,"award":[[10,9380],[1,422100]]}, {"boss_id":3601,"rank1":1,"rank2":1,"award":[[10,10050],[1,452250]]}],
	"3701": [{"boss_id":3701,"rank1":21,"rank2":50,"award":[[10,3350],[1,150750]]}, {"boss_id":3701,"rank1":16,"rank2":20,"award":[[10,4020],[1,180900]]}, {"boss_id":3701,"rank1":11,"rank2":15,"award":[[10,5360],[1,241200]]}, {"boss_id":3701,"rank1":4,"rank2":10,"award":[[10,6700],[1,301500]]}, {"boss_id":3701,"rank1":3,"rank2":3,"award":[[10,8710],[1,391950]]}, {"boss_id":3701,"rank1":2,"rank2":2,"award":[[10,9380],[1,422100]]}, {"boss_id":3701,"rank1":1,"rank2":1,"award":[[10,10050],[1,452250]]}],
	"3801": [{"boss_id":3801,"rank1":21,"rank2":50,"award":[[10,3350],[1,150750]]}, {"boss_id":3801,"rank1":16,"rank2":20,"award":[[10,4020],[1,180900]]}, {"boss_id":3801,"rank1":11,"rank2":15,"award":[[10,5360],[1,241200]]}, {"boss_id":3801,"rank1":4,"rank2":10,"award":[[10,6700],[1,301500]]}, {"boss_id":3801,"rank1":3,"rank2":3,"award":[[10,8710],[1,391950]]}, {"boss_id":3801,"rank1":2,"rank2":2,"award":[[10,9380],[1,422100]]}, {"boss_id":3801,"rank1":1,"rank2":1,"award":[[10,10050],[1,452250]]}],
	"3901": [{"boss_id":3901,"rank1":21,"rank2":50,"award":[[10,3350],[1,150750]]}, {"boss_id":3901,"rank1":16,"rank2":20,"award":[[10,4020],[1,180900]]}, {"boss_id":3901,"rank1":11,"rank2":15,"award":[[10,5360],[1,241200]]}, {"boss_id":3901,"rank1":4,"rank2":10,"award":[[10,6700],[1,301500]]}, {"boss_id":3901,"rank1":3,"rank2":3,"award":[[10,8710],[1,391950]]}, {"boss_id":3901,"rank1":2,"rank2":2,"award":[[10,9380],[1,422100]]}, {"boss_id":3901,"rank1":1,"rank2":1,"award":[[10,10050],[1,452250]]}],
	"4001": [{"boss_id":4001,"rank1":21,"rank2":50,"award":[[10,3650],[1,164250]]}, {"boss_id":4001,"rank1":16,"rank2":20,"award":[[10,4380],[1,197100]]}, {"boss_id":4001,"rank1":11,"rank2":15,"award":[[10,5840],[1,262800]]}, {"boss_id":4001,"rank1":4,"rank2":10,"award":[[10,7300],[1,328500]]}, {"boss_id":4001,"rank1":3,"rank2":3,"award":[[10,9490],[1,427050]]}, {"boss_id":4001,"rank1":2,"rank2":2,"award":[[10,10220],[1,459900]]}, {"boss_id":4001,"rank1":1,"rank2":1,"award":[[10,10950],[1,492750]]}],
	"4101": [{"boss_id":4101,"rank1":21,"rank2":50,"award":[[10,3650],[1,164250]]}, {"boss_id":4101,"rank1":16,"rank2":20,"award":[[10,4380],[1,197100]]}, {"boss_id":4101,"rank1":11,"rank2":15,"award":[[10,5840],[1,262800]]}, {"boss_id":4101,"rank1":4,"rank2":10,"award":[[10,7300],[1,328500]]}, {"boss_id":4101,"rank1":3,"rank2":3,"award":[[10,9490],[1,427050]]}, {"boss_id":4101,"rank1":2,"rank2":2,"award":[[10,10220],[1,459900]]}, {"boss_id":4101,"rank1":1,"rank2":1,"award":[[10,10950],[1,492750]]}],
	"4201": [{"boss_id":4201,"rank1":21,"rank2":50,"award":[[10,3650],[1,164250]]}, {"boss_id":4201,"rank1":16,"rank2":20,"award":[[10,4380],[1,197100]]}, {"boss_id":4201,"rank1":11,"rank2":15,"award":[[10,5840],[1,262800]]}, {"boss_id":4201,"rank1":4,"rank2":10,"award":[[10,7300],[1,328500]]}, {"boss_id":4201,"rank1":3,"rank2":3,"award":[[10,9490],[1,427050]]}, {"boss_id":4201,"rank1":2,"rank2":2,"award":[[10,10220],[1,459900]]}, {"boss_id":4201,"rank1":1,"rank2":1,"award":[[10,10950],[1,492750]]}],
	"4301": [{"boss_id":4301,"rank1":21,"rank2":50,"award":[[10,3650],[1,164250]]}, {"boss_id":4301,"rank1":16,"rank2":20,"award":[[10,4380],[1,197100]]}, {"boss_id":4301,"rank1":11,"rank2":15,"award":[[10,5840],[1,262800]]}, {"boss_id":4301,"rank1":4,"rank2":10,"award":[[10,7300],[1,328500]]}, {"boss_id":4301,"rank1":3,"rank2":3,"award":[[10,9490],[1,427050]]}, {"boss_id":4301,"rank1":2,"rank2":2,"award":[[10,10220],[1,459900]]}, {"boss_id":4301,"rank1":1,"rank2":1,"award":[[10,10950],[1,492750]]}],
	"4401": [{"boss_id":4401,"rank1":21,"rank2":50,"award":[[10,3650],[1,164250]]}, {"boss_id":4401,"rank1":16,"rank2":20,"award":[[10,4380],[1,197100]]}, {"boss_id":4401,"rank1":11,"rank2":15,"award":[[10,5840],[1,262800]]}, {"boss_id":4401,"rank1":4,"rank2":10,"award":[[10,7300],[1,328500]]}, {"boss_id":4401,"rank1":3,"rank2":3,"award":[[10,9490],[1,427050]]}, {"boss_id":4401,"rank1":2,"rank2":2,"award":[[10,10220],[1,459900]]}, {"boss_id":4401,"rank1":1,"rank2":1,"award":[[10,10950],[1,492750]]}],
	"4501": [{"boss_id":4501,"rank1":21,"rank2":50,"award":[[10,3650],[1,164250]]}, {"boss_id":4501,"rank1":16,"rank2":20,"award":[[10,4380],[1,197100]]}, {"boss_id":4501,"rank1":11,"rank2":15,"award":[[10,5840],[1,262800]]}, {"boss_id":4501,"rank1":4,"rank2":10,"award":[[10,7300],[1,328500]]}, {"boss_id":4501,"rank1":3,"rank2":3,"award":[[10,9490],[1,427050]]}, {"boss_id":4501,"rank1":2,"rank2":2,"award":[[10,10220],[1,459900]]}, {"boss_id":4501,"rank1":1,"rank2":1,"award":[[10,10950],[1,492750]]}],
	"4601": [{"boss_id":4601,"rank1":21,"rank2":50,"award":[[10,3650],[1,164250]]}, {"boss_id":4601,"rank1":16,"rank2":20,"award":[[10,4380],[1,197100]]}, {"boss_id":4601,"rank1":11,"rank2":15,"award":[[10,5840],[1,262800]]}, {"boss_id":4601,"rank1":4,"rank2":10,"award":[[10,7300],[1,328500]]}, {"boss_id":4601,"rank1":3,"rank2":3,"award":[[10,9490],[1,427050]]}, {"boss_id":4601,"rank1":2,"rank2":2,"award":[[10,10220],[1,459900]]}, {"boss_id":4601,"rank1":1,"rank2":1,"award":[[10,10950],[1,492750]]}],
	"4701": [{"boss_id":4701,"rank1":21,"rank2":50,"award":[[10,3650],[1,164250]]}, {"boss_id":4701,"rank1":16,"rank2":20,"award":[[10,4380],[1,197100]]}, {"boss_id":4701,"rank1":11,"rank2":15,"award":[[10,5840],[1,262800]]}, {"boss_id":4701,"rank1":4,"rank2":10,"award":[[10,7300],[1,328500]]}, {"boss_id":4701,"rank1":3,"rank2":3,"award":[[10,9490],[1,427050]]}, {"boss_id":4701,"rank1":2,"rank2":2,"award":[[10,10220],[1,459900]]}, {"boss_id":4701,"rank1":1,"rank2":1,"award":[[10,10950],[1,492750]]}],
	"4801": [{"boss_id":4801,"rank1":21,"rank2":50,"award":[[10,3650],[1,164250]]}, {"boss_id":4801,"rank1":16,"rank2":20,"award":[[10,4380],[1,197100]]}, {"boss_id":4801,"rank1":11,"rank2":15,"award":[[10,5840],[1,262800]]}, {"boss_id":4801,"rank1":4,"rank2":10,"award":[[10,7300],[1,328500]]}, {"boss_id":4801,"rank1":3,"rank2":3,"award":[[10,9490],[1,427050]]}, {"boss_id":4801,"rank1":2,"rank2":2,"award":[[10,10220],[1,459900]]}, {"boss_id":4801,"rank1":1,"rank2":1,"award":[[10,10950],[1,492750]]}],
	"4901": [{"boss_id":4901,"rank1":21,"rank2":50,"award":[[10,3650],[1,164250]]}, {"boss_id":4901,"rank1":16,"rank2":20,"award":[[10,4380],[1,197100]]}, {"boss_id":4901,"rank1":11,"rank2":15,"award":[[10,5840],[1,262800]]}, {"boss_id":4901,"rank1":4,"rank2":10,"award":[[10,7300],[1,328500]]}, {"boss_id":4901,"rank1":3,"rank2":3,"award":[[10,9490],[1,427050]]}, {"boss_id":4901,"rank1":2,"rank2":2,"award":[[10,10220],[1,459900]]}, {"boss_id":4901,"rank1":1,"rank2":1,"award":[[10,10950],[1,492750]]}],
	"5001": [{"boss_id":5001,"rank1":21,"rank2":50,"award":[[10,3650],[1,164250]]}, {"boss_id":5001,"rank1":16,"rank2":20,"award":[[10,4380],[1,197100]]}, {"boss_id":5001,"rank1":11,"rank2":15,"award":[[10,5840],[1,262800]]}, {"boss_id":5001,"rank1":4,"rank2":10,"award":[[10,7300],[1,328500]]}, {"boss_id":5001,"rank1":3,"rank2":3,"award":[[10,9490],[1,427050]]}, {"boss_id":5001,"rank1":2,"rank2":2,"award":[[10,10220],[1,459900]]}, {"boss_id":5001,"rank1":1,"rank2":1,"award":[[10,10950],[1,492750]]}]
},
"data_buff_data_length" : 10,
"data_buff_data" : {
	"1":{"buff_lev":1,"add_attr":[["atk_per",20]],"desc":"全公会成员攻击力+2%"},
	"2":{"buff_lev":2,"add_attr":[["atk_per",40]],"desc":"全公会成员攻击力+4%"},
	"3":{"buff_lev":3,"add_attr":[["atk_per",60]],"desc":"全公会成员攻击力+6%"},
	"4":{"buff_lev":4,"add_attr":[["atk_per",80]],"desc":"全公会成员攻击力+8%"},
	"5":{"buff_lev":5,"add_attr":[["atk_per",100]],"desc":"全公会成员攻击力+10%"},
	"6":{"buff_lev":6,"add_attr":[["atk_per",120]],"desc":"全公会成员攻击力+12%"},
	"7":{"buff_lev":7,"add_attr":[["atk_per",140]],"desc":"全公会成员攻击力+14%"},
	"8":{"buff_lev":8,"add_attr":[["atk_per",160]],"desc":"全公会成员攻击力+16%"},
	"9":{"buff_lev":9,"add_attr":[["atk_per",180]],"desc":"全公会成员攻击力+18%"},
	"10":{"buff_lev":10,"add_attr":[["atk_per",200]],"desc":"全公会成员攻击力+20%"}
}
}