{"data_const_length" : 16,
"data_const" : {
	"id_advanced_props":{"val":72001,"desc":"神器进阶道具ID"},
	"id_skill_upgrade":{"val":72002,"desc":"神技道具ID"},
	"stone_attribute":{"val":[["hp_max",500],["atk",50]],"desc":"刻印石属性"},
	"id_stone":{"val":72003,"desc":"神印石ID"},
	"price_advanced_props":{"val":[15,20],"desc":"神器进阶道具价格（红蓝钻）"},
	"exchangeid_advanced_props":{"val":1020,"desc":"进阶道具商店ID"},
	"temporary_ratio":{"val":800,"desc":"临时属性千分比"},
	"order_max":{"val":24,"desc":"神器最大阶数"},
	"skill_show":{"val":["atk","def","hp_max","speed"],"desc":"神技属性展示"},
	"spirit_show":{"val":["atk","def","hp_max"],"desc":"神灵属性展示"},
	"source_item":{"val":71060,"desc":"装备前往获取读取的物品ID"},
	"skill_max":{"val":12,"desc":"神技最高等级"},
	"imprint_lowest":{"val":3,"desc":"3阶可使用刻印石"},
	"hallows_open":{"val":["dun",10010],"desc":"通关卡达尔森林1开启"},
	"game_rule":{"val":1,"desc":"一、解锁任务\n1.每件神器均有专属解锁任务，完成指定任务即可解锁对应神器，并开启下一件神器的专属任务！\n二、神器说明\n1.穿戴神器后，该神器属性对全队英雄进行加成，加成效果仅在战斗中生效。\n2.可使用炼神石提升神器等级，提升神器属性加成。\n3.可使用神器符石提升技能等级，大幅提高技能伤害效果。\n三、技能说明\n1.每件神器附带1个主动技能，神器可在战斗中上阵，第3回合释放主动技能，每3回合施放1次\n四、圣印说明\n1.圣印可使用刻印石提升属性。\n刻印石的可使用数量由神器等级决定。\n五、幻化说明\n1.满足对应的幻化条件即可开启幻化外观。\n2.幻化的属性附加在神器对英雄属性提升的基础上，多个幻化属性将会叠加。\n3.同一幻化外观每次最多可给一个神器进行幻化，战斗中原神器技能效果不变。"},
	"illusion_open":{"val":70,"desc":"冒险者等级70级开启"}
},
"data_max_lev_length" : 5,
"data_max_lev" : {
	"5": 24,
	"4": 24,
	"3": 24,
	"2": 24,
	"1": 24
},
"data_base_length" : 5,
"data_base" : {
	"5": {"id":5,"name":"魔神之锤","effect":"E21030","item_id":72103,"c_res_id":"H21030"},
	"4": {"id":4,"name":"罗睺之弓","effect":"E21010","item_id":72102,"c_res_id":"H21010"},
	"3": {"id":3,"name":"永恒神枪","effect":"E21020","item_id":72107,"c_res_id":"H21020"},
	"2": {"id":2,"name":"阿瑞斯战腕","effect":"E21070","item_id":72106,"c_res_id":"H21070"},
	"1": {"id":1,"name":"埃里克血斧","effect":"E21050","item_id":72104,"c_res_id":"H21050"}
},
"data_info_length" : 120,
"data_info" : {
	"1_1":{"id":1,"step":1,"name":"埃里克血斧","attr":[["hp_max",471],["atk",55]],"loss":[[72001,2],[1,5000]],"max_lucky":70,"clear_limit":0,"clear_time":0,"notice":"","effect":"E21050"},
	"1_2":{"id":1,"step":2,"name":"埃里克血斧","attr":[["hp_max",1413],["atk",167]],"loss":[[72001,4],[1,10000]],"max_lucky":140,"clear_limit":0,"clear_time":0,"notice":"","effect":"E21050"},
	"1_3":{"id":1,"step":3,"name":"埃里克血斧","attr":[["hp_max",2826],["atk",334]],"loss":[[72001,6],[1,18000]],"max_lucky":210,"clear_limit":0,"clear_time":0,"notice":"","effect":"E21050"},
	"1_4":{"id":1,"step":4,"name":"埃里克血斧","attr":[["hp_max",4710],["atk",557]],"loss":[[72001,8],[1,28000]],"max_lucky":290,"clear_limit":0,"clear_time":0,"notice":"","effect":"E21050"},
	"1_5":{"id":1,"step":5,"name":"埃里克血斧","attr":[["hp_max",7065],["atk",836]],"loss":[[72001,10],[1,40000]],"max_lucky":360,"clear_limit":0,"clear_time":0,"notice":"","effect":"E21050"},
	"1_6":{"id":1,"step":6,"name":"埃里克血斧","attr":[["hp_max",9892],["atk",1170]],"loss":[[72001,13],[1,54000]],"max_lucky":430,"clear_limit":0,"clear_time":0,"notice":"远处一道圣光冲破天际，冒险者<color=#e28700>~ts</color>成功将埃里克血斧升级为<color=#e28700>6</color>级！~ts","effect":"E21050"},
	"1_7":{"id":1,"step":7,"name":"埃里克血斧","attr":[["hp_max",13189],["atk",1561]],"loss":[[72001,16],[1,70000]],"max_lucky":500,"clear_limit":0,"clear_time":0,"notice":"远处一道圣光冲破天际，冒险者<color=#e28700>~ts</color>成功将埃里克血斧升级为<color=#e28700>7</color>级！~ts","effect":"E21050"},
	"1_8":{"id":1,"step":8,"name":"埃里克血斧","attr":[["hp_max",16958],["atk",2007]],"loss":[[72001,19],[1,88000]],"max_lucky":570,"clear_limit":0,"clear_time":0,"notice":"远处一道圣光冲破天际，冒险者<color=#e28700>~ts</color>成功将埃里克血斧升级为<color=#e28700>8</color>级！~ts","effect":"E21050"},
	"1_9":{"id":1,"step":9,"name":"埃里克血斧","attr":[["hp_max",21197],["atk",2509]],"loss":[[72001,22],[1,108000]],"max_lucky":640,"clear_limit":0,"clear_time":0,"notice":"远处一道圣光冲破天际，冒险者<color=#e28700>~ts</color>成功将埃里克血斧升级为<color=#e28700>9</color>级！~ts","effect":"E21050"},
	"1_10":{"id":1,"step":10,"name":"埃里克血斧","attr":[["hp_max",25908],["atk",3066]],"loss":[[72001,26],[1,130000]],"max_lucky":710,"clear_limit":0,"clear_time":0,"notice":"远处一道圣光冲破天际，冒险者<color=#e28700>~ts</color>成功将埃里克血斧升级为<color=#e28700>10</color>级！~ts","effect":"E21050"},
	"1_11":{"id":1,"step":11,"name":"埃里克血斧","attr":[["hp_max",31089],["atk",3680]],"loss":[[72001,30],[1,154000]],"max_lucky":790,"clear_limit":0,"clear_time":0,"notice":"远处一道圣光冲破天际，冒险者<color=#e28700>~ts</color>成功将埃里克血斧升级为<color=#e28700>11</color>级！~ts","effect":"E21050"},
	"1_12":{"id":1,"step":12,"name":"埃里克血斧","attr":[["hp_max",36742],["atk",4349]],"loss":[[72001,34],[1,180000]],"max_lucky":860,"clear_limit":0,"clear_time":0,"notice":"远处一道圣光冲破天际，冒险者<color=#e28700>~ts</color>成功将埃里克血斧升级为<color=#e28700>12</color>级！~ts","effect":"E21050"},
	"1_13":{"id":1,"step":13,"name":"埃里克血斧","attr":[["hp_max",42866],["atk",5074]],"loss":[[72001,38],[1,208000]],"max_lucky":930,"clear_limit":0,"clear_time":0,"notice":"远处一道圣光冲破天际，冒险者<color=#e28700>~ts</color>成功将埃里克血斧升级为<color=#e28700>13</color>级！~ts","effect":"E21050"},
	"1_14":{"id":1,"step":14,"name":"埃里克血斧","attr":[["hp_max",49461],["atk",5854]],"loss":[[72001,42],[1,238000]],"max_lucky":1000,"clear_limit":0,"clear_time":0,"notice":"远处一道圣光冲破天际，冒险者<color=#e28700>~ts</color>成功将埃里克血斧升级为<color=#e28700>14</color>级！~ts","effect":"E21050"},
	"1_15":{"id":1,"step":15,"name":"埃里克血斧","attr":[["hp_max",56527],["atk",6691]],"loss":[[72001,46],[1,270000]],"max_lucky":1070,"clear_limit":0,"clear_time":0,"notice":"远处一道圣光冲破天际，冒险者<color=#e28700>~ts</color>成功将埃里克血斧升级为<color=#e28700>15</color>级！~ts","effect":"E21050"},
	"1_16":{"id":1,"step":16,"name":"埃里克血斧","attr":[["hp_max",64064],["atk",7583]],"loss":[[72001,50],[1,304000]],"max_lucky":1140,"clear_limit":0,"clear_time":0,"notice":"远处一道圣光冲破天际，冒险者<color=#e28700>~ts</color>成功将埃里克血斧升级为<color=#e28700>16</color>级！~ts","effect":"E21050"},
	"1_17":{"id":1,"step":17,"name":"埃里克血斧","attr":[["hp_max",72072],["atk",8531]],"loss":[[72001,54],[1,340000]],"max_lucky":1210,"clear_limit":0,"clear_time":0,"notice":"远处一道圣光冲破天际，冒险者<color=#e28700>~ts</color>成功将埃里克血斧升级为<color=#e28700>17</color>级！~ts","effect":"E21050"},
	"1_18":{"id":1,"step":18,"name":"埃里克血斧","attr":[["hp_max",80551],["atk",9535]],"loss":[[72001,58],[1,378000]],"max_lucky":1290,"clear_limit":0,"clear_time":0,"notice":"远处一道圣光冲破天际，冒险者<color=#e28700>~ts</color>成功将埃里克血斧升级为<color=#e28700>18</color>级！~ts","effect":"E21050"},
	"1_19":{"id":1,"step":19,"name":"埃里克血斧","attr":[["hp_max",89501],["atk",10594]],"loss":[[72001,62],[1,418000]],"max_lucky":1360,"clear_limit":0,"clear_time":0,"notice":"远处一道圣光冲破天际，冒险者<color=#e28700>~ts</color>成功将埃里克血斧升级为<color=#e28700>19</color>级！~ts","effect":"E21050"},
	"1_20":{"id":1,"step":20,"name":"埃里克血斧","attr":[["hp_max",98922],["atk",11709]],"loss":[[72001,66],[1,460000]],"max_lucky":1430,"clear_limit":0,"clear_time":0,"notice":"远处一道圣光冲破天际，冒险者<color=#e28700>~ts</color>成功将埃里克血斧升级为<color=#e28700>20</color>级！~ts","effect":"E21050"},
	"1_21":{"id":1,"step":21,"name":"埃里克血斧","attr":[["hp_max",108814],["atk",12880]],"loss":[[72001,70],[1,504000]],"max_lucky":1500,"clear_limit":0,"clear_time":0,"notice":"远处一道圣光冲破天际，冒险者<color=#e28700>~ts</color>成功将埃里克血斧升级为<color=#e28700>21</color>级！~ts","effect":"E21050"},
	"1_22":{"id":1,"step":22,"name":"埃里克血斧","attr":[["hp_max",119178],["atk",14107]],"loss":[[72001,74],[1,550000]],"max_lucky":1570,"clear_limit":0,"clear_time":0,"notice":"远处一道圣光冲破天际，冒险者<color=#e28700>~ts</color>成功将埃里克血斧升级为<color=#e28700>22</color>级！~ts","effect":"E21050"},
	"1_23":{"id":1,"step":23,"name":"埃里克血斧","attr":[["hp_max",130012],["atk",15389]],"loss":[[72001,78],[1,598000]],"max_lucky":1640,"clear_limit":0,"clear_time":0,"notice":"远处一道圣光冲破天际，冒险者<color=#e28700>~ts</color>成功将埃里克血斧升级为<color=#e28700>23</color>级！~ts","effect":"E21050"},
	"1_24":{"id":1,"step":24,"name":"埃里克血斧","attr":[["hp_max",141789],["atk",16784]],"loss":[],"max_lucky":0,"clear_limit":0,"clear_time":0,"notice":"远处一道圣光冲破天际，冒险者<color=#e28700>~ts</color>成功将埃里克血斧升级为<color=#e28700>24</color>级！~ts","effect":"E21050"},
	"2_1":{"id":2,"step":1,"name":"阿瑞斯战腕","attr":[["hp_max",471],["atk",55]],"loss":[[72001,2],[1,5000]],"max_lucky":70,"clear_limit":0,"clear_time":0,"notice":"","effect":"E21070"},
	"2_2":{"id":2,"step":2,"name":"阿瑞斯战腕","attr":[["hp_max",1413],["atk",167]],"loss":[[72001,4],[1,10000]],"max_lucky":140,"clear_limit":0,"clear_time":0,"notice":"","effect":"E21070"},
	"2_3":{"id":2,"step":3,"name":"阿瑞斯战腕","attr":[["hp_max",2826],["atk",334]],"loss":[[72001,6],[1,18000]],"max_lucky":210,"clear_limit":0,"clear_time":0,"notice":"","effect":"E21070"},
	"2_4":{"id":2,"step":4,"name":"阿瑞斯战腕","attr":[["hp_max",4710],["atk",557]],"loss":[[72001,8],[1,28000]],"max_lucky":290,"clear_limit":0,"clear_time":0,"notice":"","effect":"E21070"},
	"2_5":{"id":2,"step":5,"name":"阿瑞斯战腕","attr":[["hp_max",7065],["atk",836]],"loss":[[72001,10],[1,40000]],"max_lucky":360,"clear_limit":0,"clear_time":0,"notice":"","effect":"E21070"},
	"2_6":{"id":2,"step":6,"name":"阿瑞斯战腕","attr":[["hp_max",9892],["atk",1170]],"loss":[[72001,13],[1,54000]],"max_lucky":430,"clear_limit":0,"clear_time":0,"notice":"远处一道圣光冲破天际，冒险者<color=#e28700>~ts</color>成功将阿瑞斯战腕升级为<color=#e28700>6</color>级！~ts","effect":"E21070"},
	"2_7":{"id":2,"step":7,"name":"阿瑞斯战腕","attr":[["hp_max",13189],["atk",1561]],"loss":[[72001,16],[1,70000]],"max_lucky":500,"clear_limit":0,"clear_time":0,"notice":"远处一道圣光冲破天际，冒险者<color=#e28700>~ts</color>成功将阿瑞斯战腕升级为<color=#e28700>7</color>级！~ts","effect":"E21070"},
	"2_8":{"id":2,"step":8,"name":"阿瑞斯战腕","attr":[["hp_max",16958],["atk",2007]],"loss":[[72001,19],[1,88000]],"max_lucky":570,"clear_limit":0,"clear_time":0,"notice":"远处一道圣光冲破天际，冒险者<color=#e28700>~ts</color>成功将阿瑞斯战腕升级为<color=#e28700>8</color>级！~ts","effect":"E21070"},
	"2_9":{"id":2,"step":9,"name":"阿瑞斯战腕","attr":[["hp_max",21197],["atk",2509]],"loss":[[72001,22],[1,108000]],"max_lucky":640,"clear_limit":0,"clear_time":0,"notice":"远处一道圣光冲破天际，冒险者<color=#e28700>~ts</color>成功将阿瑞斯战腕升级为<color=#e28700>9</color>级！~ts","effect":"E21070"},
	"2_10":{"id":2,"step":10,"name":"阿瑞斯战腕","attr":[["hp_max",25908],["atk",3066]],"loss":[[72001,26],[1,130000]],"max_lucky":710,"clear_limit":0,"clear_time":0,"notice":"远处一道圣光冲破天际，冒险者<color=#e28700>~ts</color>成功将阿瑞斯战腕升级为<color=#e28700>10</color>级！~ts","effect":"E21070"},
	"2_11":{"id":2,"step":11,"name":"阿瑞斯战腕","attr":[["hp_max",31089],["atk",3680]],"loss":[[72001,30],[1,154000]],"max_lucky":790,"clear_limit":0,"clear_time":0,"notice":"远处一道圣光冲破天际，冒险者<color=#e28700>~ts</color>成功将阿瑞斯战腕升级为<color=#e28700>11</color>级！~ts","effect":"E21070"},
	"2_12":{"id":2,"step":12,"name":"阿瑞斯战腕","attr":[["hp_max",36742],["atk",4349]],"loss":[[72001,34],[1,180000]],"max_lucky":860,"clear_limit":0,"clear_time":0,"notice":"远处一道圣光冲破天际，冒险者<color=#e28700>~ts</color>成功将阿瑞斯战腕升级为<color=#e28700>12</color>级！~ts","effect":"E21070"},
	"2_13":{"id":2,"step":13,"name":"阿瑞斯战腕","attr":[["hp_max",42866],["atk",5074]],"loss":[[72001,38],[1,208000]],"max_lucky":930,"clear_limit":0,"clear_time":0,"notice":"远处一道圣光冲破天际，冒险者<color=#e28700>~ts</color>成功将阿瑞斯战腕升级为<color=#e28700>13</color>级！~ts","effect":"E21070"},
	"2_14":{"id":2,"step":14,"name":"阿瑞斯战腕","attr":[["hp_max",49461],["atk",5854]],"loss":[[72001,42],[1,238000]],"max_lucky":1000,"clear_limit":0,"clear_time":0,"notice":"远处一道圣光冲破天际，冒险者<color=#e28700>~ts</color>成功将阿瑞斯战腕升级为<color=#e28700>14</color>级！~ts","effect":"E21070"},
	"2_15":{"id":2,"step":15,"name":"阿瑞斯战腕","attr":[["hp_max",56527],["atk",6691]],"loss":[[72001,46],[1,270000]],"max_lucky":1070,"clear_limit":0,"clear_time":0,"notice":"远处一道圣光冲破天际，冒险者<color=#e28700>~ts</color>成功将阿瑞斯战腕升级为<color=#e28700>15</color>级！~ts","effect":"E21070"},
	"2_16":{"id":2,"step":16,"name":"阿瑞斯战腕","attr":[["hp_max",64064],["atk",7583]],"loss":[[72001,50],[1,304000]],"max_lucky":1140,"clear_limit":0,"clear_time":0,"notice":"远处一道圣光冲破天际，冒险者<color=#e28700>~ts</color>成功将阿瑞斯战腕升级为<color=#e28700>16</color>级！~ts","effect":"E21070"},
	"2_17":{"id":2,"step":17,"name":"阿瑞斯战腕","attr":[["hp_max",72072],["atk",8531]],"loss":[[72001,54],[1,340000]],"max_lucky":1210,"clear_limit":0,"clear_time":0,"notice":"远处一道圣光冲破天际，冒险者<color=#e28700>~ts</color>成功将阿瑞斯战腕升级为<color=#e28700>17</color>级！~ts","effect":"E21070"},
	"2_18":{"id":2,"step":18,"name":"阿瑞斯战腕","attr":[["hp_max",80551],["atk",9535]],"loss":[[72001,58],[1,378000]],"max_lucky":1290,"clear_limit":0,"clear_time":0,"notice":"远处一道圣光冲破天际，冒险者<color=#e28700>~ts</color>成功将阿瑞斯战腕升级为<color=#e28700>18</color>级！~ts","effect":"E21070"},
	"2_19":{"id":2,"step":19,"name":"阿瑞斯战腕","attr":[["hp_max",89501],["atk",10594]],"loss":[[72001,62],[1,418000]],"max_lucky":1360,"clear_limit":0,"clear_time":0,"notice":"远处一道圣光冲破天际，冒险者<color=#e28700>~ts</color>成功将阿瑞斯战腕升级为<color=#e28700>19</color>级！~ts","effect":"E21070"},
	"2_20":{"id":2,"step":20,"name":"阿瑞斯战腕","attr":[["hp_max",98922],["atk",11709]],"loss":[[72001,66],[1,460000]],"max_lucky":1430,"clear_limit":0,"clear_time":0,"notice":"远处一道圣光冲破天际，冒险者<color=#e28700>~ts</color>成功将阿瑞斯战腕升级为<color=#e28700>20</color>级！~ts","effect":"E21070"},
	"2_21":{"id":2,"step":21,"name":"阿瑞斯战腕","attr":[["hp_max",108814],["atk",12880]],"loss":[[72001,70],[1,504000]],"max_lucky":1500,"clear_limit":0,"clear_time":0,"notice":"远处一道圣光冲破天际，冒险者<color=#e28700>~ts</color>成功将阿瑞斯战腕升级为<color=#e28700>21</color>级！~ts","effect":"E21070"},
	"2_22":{"id":2,"step":22,"name":"阿瑞斯战腕","attr":[["hp_max",119178],["atk",14107]],"loss":[[72001,74],[1,550000]],"max_lucky":1570,"clear_limit":0,"clear_time":0,"notice":"远处一道圣光冲破天际，冒险者<color=#e28700>~ts</color>成功将阿瑞斯战腕升级为<color=#e28700>22</color>级！~ts","effect":"E21070"},
	"2_23":{"id":2,"step":23,"name":"阿瑞斯战腕","attr":[["hp_max",130012],["atk",15389]],"loss":[[72001,78],[1,598000]],"max_lucky":1640,"clear_limit":0,"clear_time":0,"notice":"远处一道圣光冲破天际，冒险者<color=#e28700>~ts</color>成功将阿瑞斯战腕升级为<color=#e28700>23</color>级！~ts","effect":"E21070"},
	"2_24":{"id":2,"step":24,"name":"阿瑞斯战腕","attr":[["hp_max",141789],["atk",16784]],"loss":[],"max_lucky":0,"clear_limit":0,"clear_time":0,"notice":"远处一道圣光冲破天际，冒险者<color=#e28700>~ts</color>成功将阿瑞斯战腕升级为<color=#e28700>24</color>级！~ts","effect":"E21070"},
	"3_1":{"id":3,"step":1,"name":"永恒神枪","attr":[["hp_max",471],["atk",55]],"loss":[[72001,2],[1,5000]],"max_lucky":70,"clear_limit":0,"clear_time":0,"notice":"","effect":"E21020"},
	"3_2":{"id":3,"step":2,"name":"永恒神枪","attr":[["hp_max",1413],["atk",167]],"loss":[[72001,4],[1,10000]],"max_lucky":140,"clear_limit":0,"clear_time":0,"notice":"","effect":"E21020"},
	"3_3":{"id":3,"step":3,"name":"永恒神枪","attr":[["hp_max",2826],["atk",334]],"loss":[[72001,6],[1,18000]],"max_lucky":210,"clear_limit":0,"clear_time":0,"notice":"","effect":"E21020"},
	"3_4":{"id":3,"step":4,"name":"永恒神枪","attr":[["hp_max",4710],["atk",557]],"loss":[[72001,8],[1,28000]],"max_lucky":290,"clear_limit":0,"clear_time":0,"notice":"","effect":"E21020"},
	"3_5":{"id":3,"step":5,"name":"永恒神枪","attr":[["hp_max",7065],["atk",836]],"loss":[[72001,10],[1,40000]],"max_lucky":360,"clear_limit":0,"clear_time":0,"notice":"","effect":"E21020"},
	"3_6":{"id":3,"step":6,"name":"永恒神枪","attr":[["hp_max",9892],["atk",1170]],"loss":[[72001,13],[1,54000]],"max_lucky":430,"clear_limit":0,"clear_time":0,"notice":"远处一道圣光冲破天际，冒险者<color=#e28700>~ts</color>成功将永恒神枪升级为<color=#e28700>6</color>级！~ts","effect":"E21020"},
	"3_7":{"id":3,"step":7,"name":"永恒神枪","attr":[["hp_max",13189],["atk",1561]],"loss":[[72001,16],[1,70000]],"max_lucky":500,"clear_limit":0,"clear_time":0,"notice":"远处一道圣光冲破天际，冒险者<color=#e28700>~ts</color>成功将永恒神枪升级为<color=#e28700>7</color>级！~ts","effect":"E21020"},
	"3_8":{"id":3,"step":8,"name":"永恒神枪","attr":[["hp_max",16958],["atk",2007]],"loss":[[72001,19],[1,88000]],"max_lucky":570,"clear_limit":0,"clear_time":0,"notice":"远处一道圣光冲破天际，冒险者<color=#e28700>~ts</color>成功将永恒神枪升级为<color=#e28700>8</color>级！~ts","effect":"E21020"},
	"3_9":{"id":3,"step":9,"name":"永恒神枪","attr":[["hp_max",21197],["atk",2509]],"loss":[[72001,22],[1,108000]],"max_lucky":640,"clear_limit":0,"clear_time":0,"notice":"远处一道圣光冲破天际，冒险者<color=#e28700>~ts</color>成功将永恒神枪升级为<color=#e28700>9</color>级！~ts","effect":"E21020"},
	"3_10":{"id":3,"step":10,"name":"永恒神枪","attr":[["hp_max",25908],["atk",3066]],"loss":[[72001,26],[1,130000]],"max_lucky":710,"clear_limit":0,"clear_time":0,"notice":"远处一道圣光冲破天际，冒险者<color=#e28700>~ts</color>成功将永恒神枪升级为<color=#e28700>10</color>级！~ts","effect":"E21020"},
	"3_11":{"id":3,"step":11,"name":"永恒神枪","attr":[["hp_max",31089],["atk",3680]],"loss":[[72001,30],[1,154000]],"max_lucky":790,"clear_limit":0,"clear_time":0,"notice":"远处一道圣光冲破天际，冒险者<color=#e28700>~ts</color>成功将永恒神枪升级为<color=#e28700>11</color>级！~ts","effect":"E21020"},
	"3_12":{"id":3,"step":12,"name":"永恒神枪","attr":[["hp_max",36742],["atk",4349]],"loss":[[72001,34],[1,180000]],"max_lucky":860,"clear_limit":0,"clear_time":0,"notice":"远处一道圣光冲破天际，冒险者<color=#e28700>~ts</color>成功将永恒神枪升级为<color=#e28700>12</color>级！~ts","effect":"E21020"},
	"3_13":{"id":3,"step":13,"name":"永恒神枪","attr":[["hp_max",42866],["atk",5074]],"loss":[[72001,38],[1,208000]],"max_lucky":930,"clear_limit":0,"clear_time":0,"notice":"远处一道圣光冲破天际，冒险者<color=#e28700>~ts</color>成功将永恒神枪升级为<color=#e28700>13</color>级！~ts","effect":"E21020"},
	"3_14":{"id":3,"step":14,"name":"永恒神枪","attr":[["hp_max",49461],["atk",5854]],"loss":[[72001,42],[1,238000]],"max_lucky":1000,"clear_limit":0,"clear_time":0,"notice":"远处一道圣光冲破天际，冒险者<color=#e28700>~ts</color>成功将永恒神枪升级为<color=#e28700>14</color>级！~ts","effect":"E21020"},
	"3_15":{"id":3,"step":15,"name":"永恒神枪","attr":[["hp_max",56527],["atk",6691]],"loss":[[72001,46],[1,270000]],"max_lucky":1070,"clear_limit":0,"clear_time":0,"notice":"远处一道圣光冲破天际，冒险者<color=#e28700>~ts</color>成功将永恒神枪升级为<color=#e28700>15</color>级！~ts","effect":"E21020"},
	"3_16":{"id":3,"step":16,"name":"永恒神枪","attr":[["hp_max",64064],["atk",7583]],"loss":[[72001,50],[1,304000]],"max_lucky":1140,"clear_limit":0,"clear_time":0,"notice":"远处一道圣光冲破天际，冒险者<color=#e28700>~ts</color>成功将永恒神枪升级为<color=#e28700>16</color>级！~ts","effect":"E21020"},
	"3_17":{"id":3,"step":17,"name":"永恒神枪","attr":[["hp_max",72072],["atk",8531]],"loss":[[72001,54],[1,340000]],"max_lucky":1210,"clear_limit":0,"clear_time":0,"notice":"远处一道圣光冲破天际，冒险者<color=#e28700>~ts</color>成功将永恒神枪升级为<color=#e28700>17</color>级！~ts","effect":"E21020"},
	"3_18":{"id":3,"step":18,"name":"永恒神枪","attr":[["hp_max",80551],["atk",9535]],"loss":[[72001,58],[1,378000]],"max_lucky":1290,"clear_limit":0,"clear_time":0,"notice":"远处一道圣光冲破天际，冒险者<color=#e28700>~ts</color>成功将永恒神枪升级为<color=#e28700>18</color>级！~ts","effect":"E21020"},
	"3_19":{"id":3,"step":19,"name":"永恒神枪","attr":[["hp_max",89501],["atk",10594]],"loss":[[72001,62],[1,418000]],"max_lucky":1360,"clear_limit":0,"clear_time":0,"notice":"远处一道圣光冲破天际，冒险者<color=#e28700>~ts</color>成功将永恒神枪升级为<color=#e28700>19</color>级！~ts","effect":"E21020"},
	"3_20":{"id":3,"step":20,"name":"永恒神枪","attr":[["hp_max",98922],["atk",11709]],"loss":[[72001,66],[1,460000]],"max_lucky":1430,"clear_limit":0,"clear_time":0,"notice":"远处一道圣光冲破天际，冒险者<color=#e28700>~ts</color>成功将永恒神枪升级为<color=#e28700>20</color>级！~ts","effect":"E21020"},
	"3_21":{"id":3,"step":21,"name":"永恒神枪","attr":[["hp_max",108814],["atk",12880]],"loss":[[72001,70],[1,504000]],"max_lucky":1500,"clear_limit":0,"clear_time":0,"notice":"远处一道圣光冲破天际，冒险者<color=#e28700>~ts</color>成功将永恒神枪升级为<color=#e28700>21</color>级！~ts","effect":"E21020"},
	"3_22":{"id":3,"step":22,"name":"永恒神枪","attr":[["hp_max",119178],["atk",14107]],"loss":[[72001,74],[1,550000]],"max_lucky":1570,"clear_limit":0,"clear_time":0,"notice":"远处一道圣光冲破天际，冒险者<color=#e28700>~ts</color>成功将永恒神枪升级为<color=#e28700>22</color>级！~ts","effect":"E21020"},
	"3_23":{"id":3,"step":23,"name":"永恒神枪","attr":[["hp_max",130012],["atk",15389]],"loss":[[72001,78],[1,598000]],"max_lucky":1640,"clear_limit":0,"clear_time":0,"notice":"远处一道圣光冲破天际，冒险者<color=#e28700>~ts</color>成功将永恒神枪升级为<color=#e28700>23</color>级！~ts","effect":"E21020"},
	"3_24":{"id":3,"step":24,"name":"永恒神枪","attr":[["hp_max",141789],["atk",16784]],"loss":[],"max_lucky":0,"clear_limit":0,"clear_time":0,"notice":"远处一道圣光冲破天际，冒险者<color=#e28700>~ts</color>成功将永恒神枪升级为<color=#e28700>24</color>级！~ts","effect":"E21020"},
	"4_1":{"id":4,"step":1,"name":"罗睺之弓","attr":[["hp_max",471],["atk",55]],"loss":[[72001,2],[1,5000]],"max_lucky":70,"clear_limit":0,"clear_time":0,"notice":"","effect":"E21010"},
	"4_2":{"id":4,"step":2,"name":"罗睺之弓","attr":[["hp_max",1413],["atk",167]],"loss":[[72001,4],[1,10000]],"max_lucky":140,"clear_limit":0,"clear_time":0,"notice":"","effect":"E21010"},
	"4_3":{"id":4,"step":3,"name":"罗睺之弓","attr":[["hp_max",2826],["atk",334]],"loss":[[72001,6],[1,18000]],"max_lucky":210,"clear_limit":0,"clear_time":0,"notice":"","effect":"E21010"},
	"4_4":{"id":4,"step":4,"name":"罗睺之弓","attr":[["hp_max",4710],["atk",557]],"loss":[[72001,8],[1,28000]],"max_lucky":290,"clear_limit":0,"clear_time":0,"notice":"","effect":"E21010"},
	"4_5":{"id":4,"step":5,"name":"罗睺之弓","attr":[["hp_max",7065],["atk",836]],"loss":[[72001,10],[1,40000]],"max_lucky":360,"clear_limit":0,"clear_time":0,"notice":"","effect":"E21010"},
	"4_6":{"id":4,"step":6,"name":"罗睺之弓","attr":[["hp_max",9892],["atk",1170]],"loss":[[72001,13],[1,54000]],"max_lucky":430,"clear_limit":0,"clear_time":0,"notice":"远处一道圣光冲破天际，冒险者<color=#e28700>~ts</color>成功将罗睺之弓升级为<color=#e28700>6</color>级！~ts","effect":"E21010"},
	"4_7":{"id":4,"step":7,"name":"罗睺之弓","attr":[["hp_max",13189],["atk",1561]],"loss":[[72001,16],[1,70000]],"max_lucky":500,"clear_limit":0,"clear_time":0,"notice":"远处一道圣光冲破天际，冒险者<color=#e28700>~ts</color>成功将罗睺之弓升级为<color=#e28700>7</color>级！~ts","effect":"E21010"},
	"4_8":{"id":4,"step":8,"name":"罗睺之弓","attr":[["hp_max",16958],["atk",2007]],"loss":[[72001,19],[1,88000]],"max_lucky":570,"clear_limit":0,"clear_time":0,"notice":"远处一道圣光冲破天际，冒险者<color=#e28700>~ts</color>成功将罗睺之弓升级为<color=#e28700>8</color>级！~ts","effect":"E21010"},
	"4_9":{"id":4,"step":9,"name":"罗睺之弓","attr":[["hp_max",21197],["atk",2509]],"loss":[[72001,22],[1,108000]],"max_lucky":640,"clear_limit":0,"clear_time":0,"notice":"远处一道圣光冲破天际，冒险者<color=#e28700>~ts</color>成功将罗睺之弓升级为<color=#e28700>9</color>级！~ts","effect":"E21010"},
	"4_10":{"id":4,"step":10,"name":"罗睺之弓","attr":[["hp_max",25908],["atk",3066]],"loss":[[72001,26],[1,130000]],"max_lucky":710,"clear_limit":0,"clear_time":0,"notice":"远处一道圣光冲破天际，冒险者<color=#e28700>~ts</color>成功将罗睺之弓升级为<color=#e28700>10</color>级！~ts","effect":"E21010"},
	"4_11":{"id":4,"step":11,"name":"罗睺之弓","attr":[["hp_max",31089],["atk",3680]],"loss":[[72001,30],[1,154000]],"max_lucky":790,"clear_limit":0,"clear_time":0,"notice":"远处一道圣光冲破天际，冒险者<color=#e28700>~ts</color>成功将罗睺之弓升级为<color=#e28700>11</color>级！~ts","effect":"E21010"},
	"4_12":{"id":4,"step":12,"name":"罗睺之弓","attr":[["hp_max",36742],["atk",4349]],"loss":[[72001,34],[1,180000]],"max_lucky":860,"clear_limit":0,"clear_time":0,"notice":"远处一道圣光冲破天际，冒险者<color=#e28700>~ts</color>成功将罗睺之弓升级为<color=#e28700>12</color>级！~ts","effect":"E21010"},
	"4_13":{"id":4,"step":13,"name":"罗睺之弓","attr":[["hp_max",42866],["atk",5074]],"loss":[[72001,38],[1,208000]],"max_lucky":930,"clear_limit":0,"clear_time":0,"notice":"远处一道圣光冲破天际，冒险者<color=#e28700>~ts</color>成功将罗睺之弓升级为<color=#e28700>13</color>级！~ts","effect":"E21010"},
	"4_14":{"id":4,"step":14,"name":"罗睺之弓","attr":[["hp_max",49461],["atk",5854]],"loss":[[72001,42],[1,238000]],"max_lucky":1000,"clear_limit":0,"clear_time":0,"notice":"远处一道圣光冲破天际，冒险者<color=#e28700>~ts</color>成功将罗睺之弓升级为<color=#e28700>14</color>级！~ts","effect":"E21010"},
	"4_15":{"id":4,"step":15,"name":"罗睺之弓","attr":[["hp_max",56527],["atk",6691]],"loss":[[72001,46],[1,270000]],"max_lucky":1070,"clear_limit":0,"clear_time":0,"notice":"远处一道圣光冲破天际，冒险者<color=#e28700>~ts</color>成功将罗睺之弓升级为<color=#e28700>15</color>级！~ts","effect":"E21010"},
	"4_16":{"id":4,"step":16,"name":"罗睺之弓","attr":[["hp_max",64064],["atk",7583]],"loss":[[72001,50],[1,304000]],"max_lucky":1140,"clear_limit":0,"clear_time":0,"notice":"远处一道圣光冲破天际，冒险者<color=#e28700>~ts</color>成功将罗睺之弓升级为<color=#e28700>16</color>级！~ts","effect":"E21010"},
	"4_17":{"id":4,"step":17,"name":"罗睺之弓","attr":[["hp_max",72072],["atk",8531]],"loss":[[72001,54],[1,340000]],"max_lucky":1210,"clear_limit":0,"clear_time":0,"notice":"远处一道圣光冲破天际，冒险者<color=#e28700>~ts</color>成功将罗睺之弓升级为<color=#e28700>17</color>级！~ts","effect":"E21010"},
	"4_18":{"id":4,"step":18,"name":"罗睺之弓","attr":[["hp_max",80551],["atk",9535]],"loss":[[72001,58],[1,378000]],"max_lucky":1290,"clear_limit":0,"clear_time":0,"notice":"远处一道圣光冲破天际，冒险者<color=#e28700>~ts</color>成功将罗睺之弓升级为<color=#e28700>18</color>级！~ts","effect":"E21010"},
	"4_19":{"id":4,"step":19,"name":"罗睺之弓","attr":[["hp_max",89501],["atk",10594]],"loss":[[72001,62],[1,418000]],"max_lucky":1360,"clear_limit":0,"clear_time":0,"notice":"远处一道圣光冲破天际，冒险者<color=#e28700>~ts</color>成功将罗睺之弓升级为<color=#e28700>19</color>级！~ts","effect":"E21010"},
	"4_20":{"id":4,"step":20,"name":"罗睺之弓","attr":[["hp_max",98922],["atk",11709]],"loss":[[72001,66],[1,460000]],"max_lucky":1430,"clear_limit":0,"clear_time":0,"notice":"远处一道圣光冲破天际，冒险者<color=#e28700>~ts</color>成功将罗睺之弓升级为<color=#e28700>20</color>级！~ts","effect":"E21010"},
	"4_21":{"id":4,"step":21,"name":"罗睺之弓","attr":[["hp_max",108814],["atk",12880]],"loss":[[72001,70],[1,504000]],"max_lucky":1500,"clear_limit":0,"clear_time":0,"notice":"远处一道圣光冲破天际，冒险者<color=#e28700>~ts</color>成功将罗睺之弓升级为<color=#e28700>21</color>级！~ts","effect":"E21010"},
	"4_22":{"id":4,"step":22,"name":"罗睺之弓","attr":[["hp_max",119178],["atk",14107]],"loss":[[72001,74],[1,550000]],"max_lucky":1570,"clear_limit":0,"clear_time":0,"notice":"远处一道圣光冲破天际，冒险者<color=#e28700>~ts</color>成功将罗睺之弓升级为<color=#e28700>22</color>级！~ts","effect":"E21010"},
	"4_23":{"id":4,"step":23,"name":"罗睺之弓","attr":[["hp_max",130012],["atk",15389]],"loss":[[72001,78],[1,598000]],"max_lucky":1640,"clear_limit":0,"clear_time":0,"notice":"远处一道圣光冲破天际，冒险者<color=#e28700>~ts</color>成功将罗睺之弓升级为<color=#e28700>23</color>级！~ts","effect":"E21010"},
	"4_24":{"id":4,"step":24,"name":"罗睺之弓","attr":[["hp_max",141789],["atk",16784]],"loss":[],"max_lucky":0,"clear_limit":0,"clear_time":0,"notice":"远处一道圣光冲破天际，冒险者<color=#e28700>~ts</color>成功将罗睺之弓升级为<color=#e28700>24</color>级！~ts","effect":"E21010"},
	"5_1":{"id":5,"step":1,"name":"魔神之锤","attr":[["hp_max",471],["atk",55]],"loss":[[72001,2],[1,5000]],"max_lucky":70,"clear_limit":0,"clear_time":0,"notice":"","effect":"E21030"},
	"5_2":{"id":5,"step":2,"name":"魔神之锤","attr":[["hp_max",1413],["atk",167]],"loss":[[72001,4],[1,10000]],"max_lucky":140,"clear_limit":0,"clear_time":0,"notice":"","effect":"E21030"},
	"5_3":{"id":5,"step":3,"name":"魔神之锤","attr":[["hp_max",2826],["atk",334]],"loss":[[72001,6],[1,18000]],"max_lucky":210,"clear_limit":0,"clear_time":0,"notice":"","effect":"E21030"},
	"5_4":{"id":5,"step":4,"name":"魔神之锤","attr":[["hp_max",4710],["atk",557]],"loss":[[72001,8],[1,28000]],"max_lucky":290,"clear_limit":0,"clear_time":0,"notice":"","effect":"E21030"},
	"5_5":{"id":5,"step":5,"name":"魔神之锤","attr":[["hp_max",7065],["atk",836]],"loss":[[72001,10],[1,40000]],"max_lucky":360,"clear_limit":0,"clear_time":0,"notice":"","effect":"E21030"},
	"5_6":{"id":5,"step":6,"name":"魔神之锤","attr":[["hp_max",9892],["atk",1170]],"loss":[[72001,13],[1,54000]],"max_lucky":430,"clear_limit":0,"clear_time":0,"notice":"远处一道圣光冲破天际，冒险者<color=#e28700>~ts</color>成功将魔神之锤升级为<color=#e28700>6</color>级！~ts","effect":"E21030"},
	"5_7":{"id":5,"step":7,"name":"魔神之锤","attr":[["hp_max",13189],["atk",1561]],"loss":[[72001,16],[1,70000]],"max_lucky":500,"clear_limit":0,"clear_time":0,"notice":"远处一道圣光冲破天际，冒险者<color=#e28700>~ts</color>成功将魔神之锤升级为<color=#e28700>7</color>级！~ts","effect":"E21030"},
	"5_8":{"id":5,"step":8,"name":"魔神之锤","attr":[["hp_max",16958],["atk",2007]],"loss":[[72001,19],[1,88000]],"max_lucky":570,"clear_limit":0,"clear_time":0,"notice":"远处一道圣光冲破天际，冒险者<color=#e28700>~ts</color>成功将魔神之锤升级为<color=#e28700>8</color>级！~ts","effect":"E21030"},
	"5_9":{"id":5,"step":9,"name":"魔神之锤","attr":[["hp_max",21197],["atk",2509]],"loss":[[72001,22],[1,108000]],"max_lucky":640,"clear_limit":0,"clear_time":0,"notice":"远处一道圣光冲破天际，冒险者<color=#e28700>~ts</color>成功将魔神之锤升级为<color=#e28700>9</color>级！~ts","effect":"E21030"},
	"5_10":{"id":5,"step":10,"name":"魔神之锤","attr":[["hp_max",25908],["atk",3066]],"loss":[[72001,26],[1,130000]],"max_lucky":710,"clear_limit":0,"clear_time":0,"notice":"远处一道圣光冲破天际，冒险者<color=#e28700>~ts</color>成功将魔神之锤升级为<color=#e28700>10</color>级！~ts","effect":"E21030"},
	"5_11":{"id":5,"step":11,"name":"魔神之锤","attr":[["hp_max",31089],["atk",3680]],"loss":[[72001,30],[1,154000]],"max_lucky":790,"clear_limit":0,"clear_time":0,"notice":"远处一道圣光冲破天际，冒险者<color=#e28700>~ts</color>成功将魔神之锤升级为<color=#e28700>11</color>级！~ts","effect":"E21030"},
	"5_12":{"id":5,"step":12,"name":"魔神之锤","attr":[["hp_max",36742],["atk",4349]],"loss":[[72001,34],[1,180000]],"max_lucky":860,"clear_limit":0,"clear_time":0,"notice":"远处一道圣光冲破天际，冒险者<color=#e28700>~ts</color>成功将魔神之锤升级为<color=#e28700>12</color>级！~ts","effect":"E21030"},
	"5_13":{"id":5,"step":13,"name":"魔神之锤","attr":[["hp_max",42866],["atk",5074]],"loss":[[72001,38],[1,208000]],"max_lucky":930,"clear_limit":0,"clear_time":0,"notice":"远处一道圣光冲破天际，冒险者<color=#e28700>~ts</color>成功将魔神之锤升级为<color=#e28700>13</color>级！~ts","effect":"E21030"},
	"5_14":{"id":5,"step":14,"name":"魔神之锤","attr":[["hp_max",49461],["atk",5854]],"loss":[[72001,42],[1,238000]],"max_lucky":1000,"clear_limit":0,"clear_time":0,"notice":"远处一道圣光冲破天际，冒险者<color=#e28700>~ts</color>成功将魔神之锤升级为<color=#e28700>14</color>级！~ts","effect":"E21030"},
	"5_15":{"id":5,"step":15,"name":"魔神之锤","attr":[["hp_max",56527],["atk",6691]],"loss":[[72001,46],[1,270000]],"max_lucky":1070,"clear_limit":0,"clear_time":0,"notice":"远处一道圣光冲破天际，冒险者<color=#e28700>~ts</color>成功将魔神之锤升级为<color=#e28700>15</color>级！~ts","effect":"E21030"},
	"5_16":{"id":5,"step":16,"name":"魔神之锤","attr":[["hp_max",64064],["atk",7583]],"loss":[[72001,50],[1,304000]],"max_lucky":1140,"clear_limit":0,"clear_time":0,"notice":"远处一道圣光冲破天际，冒险者<color=#e28700>~ts</color>成功将魔神之锤升级为<color=#e28700>16</color>级！~ts","effect":"E21030"},
	"5_17":{"id":5,"step":17,"name":"魔神之锤","attr":[["hp_max",72072],["atk",8531]],"loss":[[72001,54],[1,340000]],"max_lucky":1210,"clear_limit":0,"clear_time":0,"notice":"远处一道圣光冲破天际，冒险者<color=#e28700>~ts</color>成功将魔神之锤升级为<color=#e28700>17</color>级！~ts","effect":"E21030"},
	"5_18":{"id":5,"step":18,"name":"魔神之锤","attr":[["hp_max",80551],["atk",9535]],"loss":[[72001,58],[1,378000]],"max_lucky":1290,"clear_limit":0,"clear_time":0,"notice":"远处一道圣光冲破天际，冒险者<color=#e28700>~ts</color>成功将魔神之锤升级为<color=#e28700>18</color>级！~ts","effect":"E21030"},
	"5_19":{"id":5,"step":19,"name":"魔神之锤","attr":[["hp_max",89501],["atk",10594]],"loss":[[72001,62],[1,418000]],"max_lucky":1360,"clear_limit":0,"clear_time":0,"notice":"远处一道圣光冲破天际，冒险者<color=#e28700>~ts</color>成功将魔神之锤升级为<color=#e28700>19</color>级！~ts","effect":"E21030"},
	"5_20":{"id":5,"step":20,"name":"魔神之锤","attr":[["hp_max",98922],["atk",11709]],"loss":[[72001,66],[1,460000]],"max_lucky":1430,"clear_limit":0,"clear_time":0,"notice":"远处一道圣光冲破天际，冒险者<color=#e28700>~ts</color>成功将魔神之锤升级为<color=#e28700>20</color>级！~ts","effect":"E21030"},
	"5_21":{"id":5,"step":21,"name":"魔神之锤","attr":[["hp_max",108814],["atk",12880]],"loss":[[72001,70],[1,504000]],"max_lucky":1500,"clear_limit":0,"clear_time":0,"notice":"远处一道圣光冲破天际，冒险者<color=#e28700>~ts</color>成功将魔神之锤升级为<color=#e28700>21</color>级！~ts","effect":"E21030"},
	"5_22":{"id":5,"step":22,"name":"魔神之锤","attr":[["hp_max",119178],["atk",14107]],"loss":[[72001,74],[1,550000]],"max_lucky":1570,"clear_limit":0,"clear_time":0,"notice":"远处一道圣光冲破天际，冒险者<color=#e28700>~ts</color>成功将魔神之锤升级为<color=#e28700>22</color>级！~ts","effect":"E21030"},
	"5_23":{"id":5,"step":23,"name":"魔神之锤","attr":[["hp_max",130012],["atk",15389]],"loss":[[72001,78],[1,598000]],"max_lucky":1640,"clear_limit":0,"clear_time":0,"notice":"远处一道圣光冲破天际，冒险者<color=#e28700>~ts</color>成功将魔神之锤升级为<color=#e28700>23</color>级！~ts","effect":"E21030"},
	"5_24":{"id":5,"step":24,"name":"魔神之锤","attr":[["hp_max",141789],["atk",16784]],"loss":[],"max_lucky":0,"clear_limit":0,"clear_time":0,"notice":"远处一道圣光冲破天际，冒险者<color=#e28700>~ts</color>成功将魔神之锤升级为<color=#e28700>24</color>级！~ts","effect":"E21030"}
},
"data_skill_up_length" : 60,
"data_skill_up" : {
	"1_1":{"lose":[[72002,10],[1,200000]],"skill_bid":801001,"lev_limit":4},
	"1_2":{"lose":[[72002,20],[1,400000]],"skill_bid":801002,"lev_limit":6},
	"1_3":{"lose":[[72002,30],[1,700000]],"skill_bid":801003,"lev_limit":8},
	"1_4":{"lose":[[72002,40],[1,1100000]],"skill_bid":801004,"lev_limit":10},
	"1_5":{"lose":[[72002,60],[1,1600000]],"skill_bid":801005,"lev_limit":12},
	"1_6":{"lose":[[72002,80],[1,2200000]],"skill_bid":801006,"lev_limit":14},
	"1_7":{"lose":[[72002,100],[1,2900000]],"skill_bid":801007,"lev_limit":16},
	"1_8":{"lose":[[72002,120],[1,3700000]],"skill_bid":801008,"lev_limit":18},
	"1_9":{"lose":[[72002,140],[1,4600000]],"skill_bid":801009,"lev_limit":20},
	"1_10":{"lose":[[72002,160],[1,5600000]],"skill_bid":801010,"lev_limit":22},
	"1_11":{"lose":[[72002,180],[1,6700000]],"skill_bid":801011,"lev_limit":24},
	"1_12":{"lose":[],"skill_bid":801012,"lev_limit":0},
	"2_1":{"lose":[[72002,10],[1,200000]],"skill_bid":802001,"lev_limit":4},
	"2_2":{"lose":[[72002,20],[1,400000]],"skill_bid":802002,"lev_limit":6},
	"2_3":{"lose":[[72002,30],[1,700000]],"skill_bid":802003,"lev_limit":8},
	"2_4":{"lose":[[72002,40],[1,1100000]],"skill_bid":802004,"lev_limit":10},
	"2_5":{"lose":[[72002,60],[1,1600000]],"skill_bid":802005,"lev_limit":12},
	"2_6":{"lose":[[72002,80],[1,2200000]],"skill_bid":802006,"lev_limit":14},
	"2_7":{"lose":[[72002,100],[1,2900000]],"skill_bid":802007,"lev_limit":16},
	"2_8":{"lose":[[72002,120],[1,3700000]],"skill_bid":802008,"lev_limit":18},
	"2_9":{"lose":[[72002,140],[1,4600000]],"skill_bid":802009,"lev_limit":20},
	"2_10":{"lose":[[72002,160],[1,5600000]],"skill_bid":802010,"lev_limit":22},
	"2_11":{"lose":[[72002,180],[1,6700000]],"skill_bid":802011,"lev_limit":24},
	"2_12":{"lose":[],"skill_bid":802012,"lev_limit":0},
	"3_1":{"lose":[[72002,10],[1,200000]],"skill_bid":803001,"lev_limit":4},
	"3_2":{"lose":[[72002,20],[1,400000]],"skill_bid":803002,"lev_limit":6},
	"3_3":{"lose":[[72002,30],[1,700000]],"skill_bid":803003,"lev_limit":8},
	"3_4":{"lose":[[72002,40],[1,1100000]],"skill_bid":803004,"lev_limit":10},
	"3_5":{"lose":[[72002,60],[1,1600000]],"skill_bid":803005,"lev_limit":12},
	"3_6":{"lose":[[72002,80],[1,2200000]],"skill_bid":803006,"lev_limit":14},
	"3_7":{"lose":[[72002,100],[1,2900000]],"skill_bid":803007,"lev_limit":16},
	"3_8":{"lose":[[72002,120],[1,3700000]],"skill_bid":803008,"lev_limit":18},
	"3_9":{"lose":[[72002,140],[1,4600000]],"skill_bid":803009,"lev_limit":20},
	"3_10":{"lose":[[72002,160],[1,5600000]],"skill_bid":803010,"lev_limit":22},
	"3_11":{"lose":[[72002,180],[1,6700000]],"skill_bid":803011,"lev_limit":24},
	"3_12":{"lose":[],"skill_bid":803012,"lev_limit":0},
	"4_1":{"lose":[[72002,10],[1,200000]],"skill_bid":805001,"lev_limit":4},
	"4_2":{"lose":[[72002,20],[1,400000]],"skill_bid":805002,"lev_limit":6},
	"4_3":{"lose":[[72002,30],[1,700000]],"skill_bid":805003,"lev_limit":8},
	"4_4":{"lose":[[72002,40],[1,1100000]],"skill_bid":805004,"lev_limit":10},
	"4_5":{"lose":[[72002,60],[1,1600000]],"skill_bid":805005,"lev_limit":12},
	"4_6":{"lose":[[72002,80],[1,2200000]],"skill_bid":805006,"lev_limit":14},
	"4_7":{"lose":[[72002,100],[1,2900000]],"skill_bid":805007,"lev_limit":16},
	"4_8":{"lose":[[72002,120],[1,3700000]],"skill_bid":805008,"lev_limit":18},
	"4_9":{"lose":[[72002,140],[1,4600000]],"skill_bid":805009,"lev_limit":20},
	"4_10":{"lose":[[72002,160],[1,5600000]],"skill_bid":805010,"lev_limit":22},
	"4_11":{"lose":[[72002,180],[1,6700000]],"skill_bid":805011,"lev_limit":24},
	"4_12":{"lose":[],"skill_bid":805012,"lev_limit":0},
	"5_1":{"lose":[[72002,10],[1,200000]],"skill_bid":807001,"lev_limit":4},
	"5_2":{"lose":[[72002,20],[1,400000]],"skill_bid":807002,"lev_limit":6},
	"5_3":{"lose":[[72002,30],[1,700000]],"skill_bid":807003,"lev_limit":8},
	"5_4":{"lose":[[72002,40],[1,1100000]],"skill_bid":807004,"lev_limit":10},
	"5_5":{"lose":[[72002,60],[1,1600000]],"skill_bid":807005,"lev_limit":12},
	"5_6":{"lose":[[72002,80],[1,2200000]],"skill_bid":807006,"lev_limit":14},
	"5_7":{"lose":[[72002,100],[1,2900000]],"skill_bid":807007,"lev_limit":16},
	"5_8":{"lose":[[72002,120],[1,3700000]],"skill_bid":807008,"lev_limit":18},
	"5_9":{"lose":[[72002,140],[1,4600000]],"skill_bid":807009,"lev_limit":20},
	"5_10":{"lose":[[72002,160],[1,5600000]],"skill_bid":807010,"lev_limit":22},
	"5_11":{"lose":[[72002,180],[1,6700000]],"skill_bid":807011,"lev_limit":24},
	"5_12":{"lose":[],"skill_bid":807012,"lev_limit":0}
},
"data_skill_max_lev_length" : 5,
"data_skill_max_lev" : {
	"5": 12,
	"4": 12,
	"3": 12,
	"2": 12,
	"1": 12
},
"data_trace_cost_length" : 120,
"data_trace_cost" : {
	"1_1":{"num":0},
	"1_2":{"num":0},
	"1_3":{"num":3},
	"1_4":{"num":5},
	"1_5":{"num":10},
	"1_6":{"num":15},
	"1_7":{"num":20},
	"1_8":{"num":25},
	"1_9":{"num":30},
	"1_10":{"num":35},
	"1_11":{"num":40},
	"1_12":{"num":45},
	"1_13":{"num":50},
	"1_14":{"num":55},
	"1_15":{"num":60},
	"1_16":{"num":65},
	"1_17":{"num":70},
	"1_18":{"num":75},
	"1_19":{"num":80},
	"1_20":{"num":85},
	"1_21":{"num":90},
	"1_22":{"num":95},
	"1_23":{"num":100},
	"1_24":{"num":105},
	"2_1":{"num":0},
	"2_2":{"num":0},
	"2_3":{"num":3},
	"2_4":{"num":5},
	"2_5":{"num":10},
	"2_6":{"num":15},
	"2_7":{"num":20},
	"2_8":{"num":25},
	"2_9":{"num":30},
	"2_10":{"num":35},
	"2_11":{"num":40},
	"2_12":{"num":45},
	"2_13":{"num":50},
	"2_14":{"num":55},
	"2_15":{"num":60},
	"2_16":{"num":65},
	"2_17":{"num":70},
	"2_18":{"num":75},
	"2_19":{"num":80},
	"2_20":{"num":85},
	"2_21":{"num":90},
	"2_22":{"num":95},
	"2_23":{"num":100},
	"2_24":{"num":105},
	"3_1":{"num":0},
	"3_2":{"num":0},
	"3_3":{"num":3},
	"3_4":{"num":5},
	"3_5":{"num":10},
	"3_6":{"num":15},
	"3_7":{"num":20},
	"3_8":{"num":25},
	"3_9":{"num":30},
	"3_10":{"num":35},
	"3_11":{"num":40},
	"3_12":{"num":45},
	"3_13":{"num":50},
	"3_14":{"num":55},
	"3_15":{"num":60},
	"3_16":{"num":65},
	"3_17":{"num":70},
	"3_18":{"num":75},
	"3_19":{"num":80},
	"3_20":{"num":85},
	"3_21":{"num":90},
	"3_22":{"num":95},
	"3_23":{"num":100},
	"3_24":{"num":105},
	"4_1":{"num":0},
	"4_2":{"num":0},
	"4_3":{"num":3},
	"4_4":{"num":5},
	"4_5":{"num":10},
	"4_6":{"num":15},
	"4_7":{"num":20},
	"4_8":{"num":25},
	"4_9":{"num":30},
	"4_10":{"num":35},
	"4_11":{"num":40},
	"4_12":{"num":45},
	"4_13":{"num":50},
	"4_14":{"num":55},
	"4_15":{"num":60},
	"4_16":{"num":65},
	"4_17":{"num":70},
	"4_18":{"num":75},
	"4_19":{"num":80},
	"4_20":{"num":85},
	"4_21":{"num":90},
	"4_22":{"num":95},
	"4_23":{"num":100},
	"4_24":{"num":105},
	"5_1":{"num":0},
	"5_2":{"num":0},
	"5_3":{"num":3},
	"5_4":{"num":5},
	"5_5":{"num":10},
	"5_6":{"num":15},
	"5_7":{"num":20},
	"5_8":{"num":25},
	"5_9":{"num":30},
	"5_10":{"num":35},
	"5_11":{"num":40},
	"5_12":{"num":45},
	"5_13":{"num":50},
	"5_14":{"num":55},
	"5_15":{"num":60},
	"5_16":{"num":65},
	"5_17":{"num":70},
	"5_18":{"num":75},
	"5_19":{"num":80},
	"5_20":{"num":85},
	"5_21":{"num":90},
	"5_22":{"num":95},
	"5_23":{"num":100},
	"5_24":{"num":105}
},
"data_attr_radio_length" : 4,
"data_attr_radio" : {
	"4":{"type":4,"ratio":[["atk",1000],["hp_max",1000]]},
	"3":{"type":3,"ratio":[["atk",1000],["hp_max",1000]]},
	"2":{"type":2,"ratio":[["atk",1000],["hp_max",1000]]},
	"5":{"type":5,"ratio":[["atk",1000],["hp_max",1000]]}
},
"data_task_length" : 20,
"data_task" : {
	"101":{"id":101,"hid":1,"items":[[3,50]],"progress":[{"cli_label":"evt_dungeon_pass","target":10030,"target_val":1,"param":["chapter"]}],"extra":[],"desc":"通关关卡3关","is_show_eff":1,"drama_eff":[["battletopscene","guildsign_battle_boss_btn"],["partnergofight","fight_btn"]],"sort":2},
	"102":{"id":102,"hid":1,"items":[[3,50]],"progress":[{"cli_label":"evt_levup","target":0,"target_val":5,"param":[]}],"extra":[],"desc":"冒险者等级5级","is_show_eff":1,"drama_eff":[["battletopscene","guildsign_battle_boss_btn"],["partnergofight","fight_btn"]],"sort":3},
	"103":{"id":103,"hid":1,"items":[[3,50]],"progress":[{"cli_label":"evt_partner","target":0,"target_val":1,"param":[["lev",20]]}],"extra":["lev",20],"desc":"1个英雄达到20级","is_show_eff":1,"drama_eff":[["partner","hero_10404"],["partnereinfoview","level_up_btn"]],"sort":4},
	"104":{"id":104,"hid":1,"items":[[3,50]],"progress":[{"cli_label":"evt_recruit","target":300,"target_val":1,"param":[]}],"extra":[],"desc":"进行1次高级召唤","is_show_eff":0,"drama_eff":[],"sort":1},
	"201":{"id":201,"hid":2,"items":[[3,50]],"progress":[{"cli_label":"evt_dungeon_pass","target":10200,"target_val":1,"param":["chapter"]}],"extra":[],"desc":"通关关卡20关","is_show_eff":1,"drama_eff":[["battletopscene","guildsign_battle_boss_btn"],["partnergofight","fight_btn"]],"sort":2},
	"202":{"id":202,"hid":2,"items":[[3,50]],"progress":[{"cli_label":"evt_levup","target":0,"target_val":10,"param":[]}],"extra":[],"desc":"冒险者等级10级","is_show_eff":1,"drama_eff":[["battletopscene","guildsign_battle_boss_btn"],["partnergofight","fight_btn"]],"sort":3},
	"203":{"id":203,"hid":2,"items":[[3,50]],"progress":[{"cli_label":"evt_arena_fight","target":0,"target_val":3,"param":[]}],"extra":[],"desc":"竞技场挑战3次","is_show_eff":1,"drama_eff":[],"sort":4},
	"204":{"id":204,"hid":2,"items":[[3,50]],"progress":[{"cli_label":"evt_shipping","target":0,"target_val":1,"param":[]}],"extra":[],"desc":"接取1次远航任务","is_show_eff":1,"drama_eff":[["battletopscene","guidesign_tipsqingbao"],["voyageview","get_btn_1"],["voyagedispatchview","quick_btn"]],"sort":6},
	"301":{"id":301,"hid":3,"items":[[3,50]],"progress":[{"cli_label":"evt_dungeon_pass","target":10300,"target_val":1,"param":["chapter"]}],"extra":[],"desc":"通关关卡30关","is_show_eff":1,"drama_eff":[["battletopscene","guildsign_battle_boss_btn"],["partnergofight","fight_btn"]],"sort":1},
	"302":{"id":302,"hid":3,"items":[[3,50]],"progress":[{"cli_label":"evt_levup","target":0,"target_val":16,"param":[]}],"extra":[],"desc":"冒险者等级16级","is_show_eff":1,"drama_eff":[["battletopscene","guildsign_battle_boss_btn"],["partnergofight","fight_btn"]],"sort":3},
	"303":{"id":303,"hid":3,"items":[[3,50]],"progress":[{"cli_label":"evt_dungeon_fast_combat","target":0,"target_val":1,"param":[]}],"extra":[],"desc":"快速作战1次","is_show_eff":1,"drama_eff":[["battlequickview","guidesign_quick_btn"],["battletophookrewards","guidesign_rewards_quick_btn"]],"sort":2},
	"304":{"id":304,"hid":3,"items":[[3,50]],"progress":[{"cli_label":"evt_mystery_buy","target":4,"target_val":1,"param":[]}],"extra":[],"desc":"精灵商店购买1次","is_show_eff":1,"drama_eff":[],"sort":5},
	"401":{"id":401,"hid":4,"items":[[3,50]],"progress":[{"cli_label":"evt_dungeon_pass","target":20100,"target_val":1,"param":["chapter"]}],"extra":[],"desc":"通关关卡50关","is_show_eff":1,"drama_eff":[["battletopscene","guildsign_battle_boss_btn"],["partnergofight","fight_btn"]],"sort":1},
	"402":{"id":402,"hid":4,"items":[[3,50]],"progress":[{"cli_label":"evt_levup","target":0,"target_val":18,"param":[]}],"extra":[],"desc":"冒险者等级18级","is_show_eff":1,"drama_eff":[["battletopscene","guildsign_battle_boss_btn"],["partnergofight","fight_btn"]],"sort":2},
	"403":{"id":403,"hid":4,"items":[[3,50]],"progress":[{"cli_label":"evt_guild_dun_fight","target":0,"target_val":1,"param":[]}],"extra":[],"desc":"参与1次公会副本","is_show_eff":1,"drama_eff":[["guildboss_main_window","challenge_btn"],["partnergofight","fight_btn"]],"sort":3},
	"404":{"id":404,"hid":4,"items":[[3,50]],"progress":[{"cli_label":"evt_star_tower_floor_pass","target":0,"target_val":5,"param":[]}],"extra":[],"desc":"试练塔通关5层","is_show_eff":1,"drama_eff":[["startowerview","guildsign_startower_5"],["startowerchallengeview","btn1"]],"sort":4},
	"501":{"id":501,"hid":5,"items":[[3,50]],"progress":[{"cli_label":"evt_dungeon_pass","target":20300,"target_val":1,"param":["chapter"]}],"extra":[],"desc":"通关关卡70关","is_show_eff":0,"drama_eff":[["battletopscene","guildsign_battle_boss_btn"],["partnergofight","fight_btn"]],"sort":1},
	"502":{"id":502,"hid":5,"items":[[3,50]],"progress":[{"cli_label":"evt_levup","target":0,"target_val":25,"param":[]}],"extra":[],"desc":"冒险者等级25级","is_show_eff":0,"drama_eff":[["battletopscene","guildsign_battle_boss_btn"],["partnergofight","fight_btn"]],"sort":2},
	"503":{"id":503,"hid":5,"items":[[3,50]],"progress":[{"cli_label":"evt_power","target":0,"target_val":50000,"param":[]}],"extra":[],"desc":"总战力5万","is_show_eff":0,"drama_eff":[],"sort":5},
	"504":{"id":504,"hid":5,"items":[[3,50]],"progress":[{"cli_label":"evt_partner_star_up","target":5,"target_val":1,"param":[]}],"extra":[],"desc":"合成5星英雄","is_show_eff":0,"drama_eff":[],"sort":3}
},
"data_task_info_length" : 5,
"data_task_info" : {"1":[101,102,103,104],
"2":[201,202,203,204],
"3":[301,302,303,304],
"4":[401,402,403,404],
"5":[501,502,503,504]
},
"data_skill_attr_length" : 5,
"data_skill_attr" : {
	"1": {
		"1": {"hallows_id":1,"attr_id":1,"attr":[["atk_per",100]],"lev_limit":4,"desc":"全队攻击+10%"},
		"2": {"hallows_id":1,"attr_id":2,"attr":[["hit_rate",100]],"lev_limit":8,"desc":"全队命中+10%"},
		"3": {"hallows_id":1,"attr_id":3,"attr":[["speed",40]],"lev_limit":12,"desc":"全队速度+40"}
	},
	"2": {
		"1": {"hallows_id":2,"attr_id":1,"attr":[["def_per",100]],"lev_limit":4,"desc":"全队防御+10%"},
		"2": {"hallows_id":2,"attr_id":2,"attr":[["res",100]],"lev_limit":8,"desc":"全队免伤+10%"},
		"3": {"hallows_id":2,"attr_id":3,"attr":[["speed",40]],"lev_limit":12,"desc":"全队速度+40"}
	},
	"3": {
		"1": {"hallows_id":3,"attr_id":1,"attr":[["tenacity",100]],"lev_limit":4,"desc":"全队抗暴+10%"},
		"2": {"hallows_id":3,"attr_id":2,"attr":[["cure",100],["be_cure",100]],"lev_limit":8,"desc":"全队治疗被治疗+10%"},
		"3": {"hallows_id":3,"attr_id":3,"attr":[["speed",40]],"lev_limit":12,"desc":"全队速度+40"}
	},
	"4": {
		"1": {"hallows_id":4,"attr_id":1,"attr":[["dodge_rate",100]],"lev_limit":4,"desc":"全队闪避+10%"},
		"2": {"hallows_id":4,"attr_id":2,"attr":[["tenacity",100]],"lev_limit":8,"desc":"全队抗暴+10%"},
		"3": {"hallows_id":4,"attr_id":3,"attr":[["speed",40]],"lev_limit":12,"desc":"全队速度+40"}
	},
	"5": {
		"1": {"hallows_id":5,"attr_id":1,"attr":[["crit_rate",100]],"lev_limit":4,"desc":"全队暴击+10%"},
		"2": {"hallows_id":5,"attr_id":2,"attr":[["crit_ratio",100]],"lev_limit":8,"desc":"全队暴伤+20%"},
		"3": {"hallows_id":5,"attr_id":3,"attr":[["speed",40]],"lev_limit":12,"desc":"全队速度+40"}
	}
},
"data_magic_length" : 3,
"data_magic" : {
	"1":{"id":1,"name":"死神镰刀","attr":[["hp_max_per",20],["atk_per",20]],"is_item":1,"time":2592000,"loss":[[72109,1]],"item_id":72109,"effect":"E21080","c_res_id":"H21080","desc":"全神器提升：生命2%，攻击2%\n可幻化该神器外观","sort":3,"get_des":"","evt_id":0},
	"2":{"id":2,"name":"烈焰之剑","attr":[["hp_max_per",30],["atk_per",30]],"is_item":0,"time":0,"loss":[],"item_id":72110,"effect":"E21090","c_res_id":"H21090","desc":"开启超凡段位赛王者赛第二阵容\n全神器提升：生命3%，攻击3%\n可幻化该神器外观","sort":1,"get_des":"","evt_id":0},
	"3":{"id":3,"name":"海神三叉戟","attr":[["hp_max_per",30],["atk_per",30]],"is_item":2,"time":1209600,"loss":[[72111,1]],"item_id":72111,"effect":"E21014","c_res_id":"H21014","desc":"全神器提升：生命3%，攻击3%\n可幻化该神器外观","sort":2,"get_des":"超凡段位赛超凡王者V结算获得","evt_id":115}
},
"data_magic_task_length" : 4,
"data_magic_task" : {
	"101":{"id":101,"hid":2,"items":[[3,50]],"progress":[{"cli_label":"evt_levup","target":0,"target_val":70,"param":[]}],"extra":[],"desc":"冒险者等级70级"},
	"103":{"id":103,"hid":2,"items":[[3,50]],"progress":[{"cli_label":"evt_arena_elite_rank","target":18,"target_val":1,"param":[]}],"extra":[],"desc":"精英赛达到王者段位"},
	"104":{"id":104,"hid":2,"items":[[3,50]],"progress":[{"cli_label":"evt_partner","target":0,"target_val":2,"param":[["star",10]]}],"extra":["star",10],"desc":"拥有2个10星英雄"},
	"106":{"id":106,"hid":2,"items":[[3,50]],"progress":[{"cli_label":"evt_recruit_high","target":0,"target_val":20,"param":[]}],"extra":[],"desc":"先知圣殿召唤20次"}
}
}