{"data_get_config_const_length" : 12,
"data_get_config_const" : {
	"1":{"id":1,"expend":[[1,1],[3,1]],"award":[[37001,1]],"r_limit_day":1,"r_limit_all":0,"s_limit_day":0,"s_limit_all":0,"title":"每日限兑","sub_type":1},
	"2":{"id":2,"expend":[[29905,50],[3,5000]],"award":[[28906,50]],"r_limit_day":0,"r_limit_all":1,"s_limit_day":0,"s_limit_all":0,"title":"活动限兑","sub_type":3},
	"3":{"id":3,"expend":[[29905,50],[3,3000]],"award":[[25906,50]],"r_limit_day":0,"r_limit_all":1,"s_limit_day":0,"s_limit_all":0,"title":"活动限兑","sub_type":3},
	"4":{"id":4,"expend":[[29905,50],[3,3000]],"award":[[24903,50]],"r_limit_day":0,"r_limit_all":1,"s_limit_day":0,"s_limit_all":0,"title":"活动限兑","sub_type":3},
	"5":{"id":5,"expend":[[10403,1],[3,600]],"award":[[14001,1]],"r_limit_day":0,"r_limit_all":1,"s_limit_day":0,"s_limit_all":0,"title":"活动限兑","sub_type":3},
	"6":{"id":6,"expend":[[10401,1],[3,120]],"award":[[10403,1]],"r_limit_day":10,"r_limit_all":0,"s_limit_day":0,"s_limit_all":0,"title":"每日限兑","sub_type":1},
	"7":{"id":7,"expend":[[29405,50],[3,1000]],"award":[[29505,50]],"r_limit_day":1,"r_limit_all":0,"s_limit_day":0,"s_limit_all":0,"title":"每日限兑","sub_type":1},
	"8":{"id":8,"expend":[[29505,50],[3,1000]],"award":[[29405,50]],"r_limit_day":1,"r_limit_all":0,"s_limit_day":0,"s_limit_all":0,"title":"每日限兑","sub_type":1},
	"9":{"id":9,"expend":[[22,10000],[3,500]],"award":[[10450,1000]],"r_limit_day":0,"r_limit_all":10,"s_limit_day":0,"s_limit_all":0,"title":"活动限兑","sub_type":3},
	"10":{"id":10,"expend":[[1,10000],[3,500]],"award":[[10001,1000]],"r_limit_day":0,"r_limit_all":25,"s_limit_day":0,"s_limit_all":0,"title":"活动限兑","sub_type":3},
	"11":{"id":11,"expend":[[1,1000000],[3,1]],"award":[[22,500000]],"r_limit_day":0,"r_limit_all":99,"s_limit_day":0,"s_limit_all":0,"title":"活动限兑","sub_type":3},
	"12":{"id":12,"expend":[[22,1000000],[3,1]],"award":[[1,1000000]],"r_limit_day":0,"r_limit_all":99,"s_limit_day":0,"s_limit_all":0,"title":"活动限兑","sub_type":3}
}
}