{"data_constant_length" : 3,
"data_constant" : {
	"action_rule":{"label":"action_rule","val":1,"desc":"活动规则：\n1、每位冒险者通过完成每日任务、每周挑战、终极试炼获得沙滩贝壳，可以提升缤纷盛夏活动等级，同时可以领取普通奖励\n2、付费购买进阶卡可激活额外每日经验包和10级直升经验包，解锁进阶奖励，达到相应等级更有绝版头像框与称号相送\n3、使用钻石购买缤纷盛夏等级直升等级，直接解锁对应等级奖励\n4、活动结束后，累积等级、任务进度及经验将会清除，请及时完成任务，领取相应奖励，以免错过奖励哦！"},
	"action_time":{"label":"action_time","val":1,"desc":"8月22日-9月20日"},
	"war_order_levmax":{"label":"war_order_levmax","val":40,"desc":""}
},
"data_lev_reward_list_length" : 1,
"data_lev_reward_list" : {
	"1": {
		"1": {"period":1,"lev":1,"exp":1000,"reward":[[37001,3]],"rmb_reward":[[14001,1],[10403,1]],"common_price":100,"buy_price":2750,"all_reward":[[37001,3],[14001,1],[10403,1]],"item_num":3},
		"2": {"period":1,"lev":2,"exp":2000,"reward":[[10403,1]],"rmb_reward":[[10403,2]],"common_price":250,"buy_price":500,"all_reward":[[10403,1],[10403,2]],"item_num":2},
		"3": {"period":1,"lev":3,"exp":3000,"reward":[[37001,2]],"rmb_reward":[[39007,1]],"common_price":100,"buy_price":200,"all_reward":[[37001,2],[39007,1]],"item_num":2},
		"4": {"period":1,"lev":4,"exp":4000,"reward":[[72001,50]],"rmb_reward":[[10450,500]],"common_price":750,"buy_price":500,"all_reward":[[72001,50],[10450,500]],"item_num":2},
		"5": {"period":1,"lev":5,"exp":5000,"reward":[[29905,10]],"rmb_reward":[[38051,1],[10403,1]],"common_price":1000,"buy_price":3750,"all_reward":[[29905,10],[38051,1],[10403,1]],"item_num":3},
		"6": {"period":1,"lev":6,"exp":6000,"reward":[[37001,2]],"rmb_reward":[[10001,200]],"common_price":200,"buy_price":400,"all_reward":[[37001,2],[10001,200]],"item_num":2},
		"7": {"period":1,"lev":7,"exp":7000,"reward":[[29905,5]],"rmb_reward":[[29905,10]],"common_price":500,"buy_price":1000,"all_reward":[[29905,5],[29905,10]],"item_num":2},
		"8": {"period":1,"lev":8,"exp":8000,"reward":[[10403,1]],"rmb_reward":[[10403,2]],"common_price":250,"buy_price":500,"all_reward":[[10403,1],[10403,2]],"item_num":2},
		"9": {"period":1,"lev":9,"exp":9000,"reward":[[38081,1]],"rmb_reward":[[10450,500]],"common_price":730,"buy_price":500,"all_reward":[[38081,1],[10450,500]],"item_num":2},
		"10": {"period":1,"lev":10,"exp":10000,"reward":[[37002,1]],"rmb_reward":[[29905,50],[10403,1]],"common_price":1000,"buy_price":5250,"all_reward":[[37002,1],[29905,50],[10403,1]],"item_num":3},
		"11": {"period":1,"lev":11,"exp":11000,"reward":[[37001,2]],"rmb_reward":[[37001,3]],"common_price":100,"buy_price":150,"all_reward":[[37001,2],[37001,3]],"item_num":2},
		"12": {"period":1,"lev":12,"exp":12000,"reward":[[29905,5]],"rmb_reward":[[10403,1]],"common_price":500,"buy_price":250,"all_reward":[[29905,5],[10403,1]],"item_num":2},
		"13": {"period":1,"lev":13,"exp":13000,"reward":[[37001,2]],"rmb_reward":[[29905,10]],"common_price":100,"buy_price":1000,"all_reward":[[37001,2],[29905,10]],"item_num":2},
		"14": {"period":1,"lev":14,"exp":14000,"reward":[[38081,1]],"rmb_reward":[[39007,1]],"common_price":730,"buy_price":250,"all_reward":[[38081,1],[39007,1]],"item_num":2},
		"15": {"period":1,"lev":15,"exp":15000,"reward":[[10403,2]],"rmb_reward":[[38051,1],[50007,1]],"common_price":500,"buy_price":13500,"all_reward":[[10403,2],[38051,1],[50007,1]],"item_num":3},
		"16": {"period":1,"lev":16,"exp":16000,"reward":[[72001,50]],"rmb_reward":[[10001,200]],"common_price":300,"buy_price":500,"all_reward":[[72001,50],[10001,200]],"item_num":2},
		"17": {"period":1,"lev":17,"exp":17000,"reward":[[39013,1]],"rmb_reward":[[37001,5]],"common_price":293,"buy_price":250,"all_reward":[[39013,1],[37001,5]],"item_num":2},
		"18": {"period":1,"lev":18,"exp":18000,"reward":[[37001,2]],"rmb_reward":[[39007,1]],"common_price":250,"buy_price":250,"all_reward":[[37001,2],[39007,1]],"item_num":2},
		"19": {"period":1,"lev":19,"exp":19000,"reward":[[29905,5]],"rmb_reward":[[10403,1]],"common_price":500,"buy_price":250,"all_reward":[[29905,5],[10403,1]],"item_num":2},
		"20": {"period":1,"lev":20,"exp":20000,"reward":[[37001,2]],"rmb_reward":[[14001,1],[29905,10]],"common_price":300,"buy_price":3500,"all_reward":[[37001,2],[14001,1],[29905,10]],"item_num":3},
		"21": {"period":1,"lev":21,"exp":21000,"reward":[[29905,5]],"rmb_reward":[[10450,500]],"common_price":500,"buy_price":500,"all_reward":[[29905,5],[10450,500]],"item_num":2},
		"22": {"period":1,"lev":22,"exp":22000,"reward":[[10403,1]],"rmb_reward":[[10403,2]],"common_price":250,"buy_price":500,"all_reward":[[10403,1],[10403,2]],"item_num":2},
		"23": {"period":1,"lev":23,"exp":23000,"reward":[[37001,3]],"rmb_reward":[[29905,10]],"common_price":100,"buy_price":1000,"all_reward":[[37001,3],[29905,10]],"item_num":2},
		"24": {"period":1,"lev":24,"exp":24000,"reward":[[10002,5]],"rmb_reward":[[39007,1]],"common_price":150,"buy_price":500,"all_reward":[[10002,5],[39007,1]],"item_num":2},
		"25": {"period":1,"lev":25,"exp":25000,"reward":[[29905,10]],"rmb_reward":[[60202,1],[10450,2000]],"common_price":1000,"buy_price":10000,"all_reward":[[29905,10],[60202,1],[10450,2000]],"item_num":3},
		"26": {"period":1,"lev":26,"exp":26000,"reward":[[10103,10]],"rmb_reward":[[10450,200]],"common_price":200,"buy_price":200,"all_reward":[[10103,10],[10450,200]],"item_num":2},
		"27": {"period":1,"lev":27,"exp":27000,"reward":[[37001,2]],"rmb_reward":[[10450,500]],"common_price":100,"buy_price":500,"all_reward":[[37001,2],[10450,500]],"item_num":2},
		"28": {"period":1,"lev":28,"exp":28000,"reward":[[29905,5]],"rmb_reward":[[10403,2]],"common_price":500,"buy_price":500,"all_reward":[[29905,5],[10403,2]],"item_num":2},
		"29": {"period":1,"lev":29,"exp":29000,"reward":[[10403,1]],"rmb_reward":[[39007,1]],"common_price":250,"buy_price":250,"all_reward":[[10403,1],[39007,1]],"item_num":2},
		"30": {"period":1,"lev":30,"exp":30000,"reward":[[29905,50]],"rmb_reward":[[14001,1],[39007,1]],"common_price":5000,"buy_price":2765,"all_reward":[[29905,50],[14001,1],[39007,1]],"item_num":3},
		"31": {"period":1,"lev":31,"exp":31000,"reward":[[10403,1]],"rmb_reward":[[10403,2]],"common_price":250,"buy_price":500,"all_reward":[[10403,1],[10403,2]],"item_num":2},
		"32": {"period":1,"lev":32,"exp":32000,"reward":[[29905,5]],"rmb_reward":[[39007,1]],"common_price":500,"buy_price":250,"all_reward":[[29905,5],[39007,1]],"item_num":2},
		"33": {"period":1,"lev":33,"exp":33000,"reward":[[37001,2]],"rmb_reward":[[10450,500]],"common_price":100,"buy_price":500,"all_reward":[[37001,2],[10450,500]],"item_num":2},
		"34": {"period":1,"lev":34,"exp":34000,"reward":[[10002,5]],"rmb_reward":[[10001,500]],"common_price":150,"buy_price":500,"all_reward":[[10002,5],[10001,500]],"item_num":2},
		"35": {"period":1,"lev":35,"exp":35000,"reward":[[14001,1]],"rmb_reward":[[14001,1],[50909,1]],"common_price":2500,"buy_price":12500,"all_reward":[[14001,1],[14001,1],[50909,1]],"item_num":3},
		"36": {"period":1,"lev":36,"exp":36000,"reward":[],"rmb_reward":[[10403,2]],"common_price":0,"buy_price":500,"all_reward":[[10403,2]],"item_num":1},
		"37": {"period":1,"lev":37,"exp":37000,"reward":[],"rmb_reward":[[37001,2]],"common_price":0,"buy_price":100,"all_reward":[[37001,2]],"item_num":1},
		"38": {"period":1,"lev":38,"exp":38000,"reward":[],"rmb_reward":[[29905,10]],"common_price":0,"buy_price":1000,"all_reward":[[29905,10]],"item_num":1},
		"39": {"period":1,"lev":39,"exp":39000,"reward":[],"rmb_reward":[[39007,1]],"common_price":0,"buy_price":300,"all_reward":[[39007,1]],"item_num":1},
		"40": {"period":1,"lev":40,"exp":40000,"reward":[],"rmb_reward":[[14001,1],[37002,1]],"common_price":0,"buy_price":12500,"all_reward":[[14001,1],[37002,1]],"item_num":2}
	}
},
"data_day_task_list_length" : 1,
"data_day_task_list" : {
	"1": {
		"21001": {"period":1,"goal_id":21001,"quest_type":4,"day":1,"title":"今天也要元气满满！","desc":"登录冒险大陆一次","progress":[{"cli_label":"evt_cli_loaded","target":0,"target_val":1,"param":[]}],"show_icon":401,"award":[[80226,100]],"id":1},
		"21002": {"period":1,"goal_id":21002,"quest_type":4,"day":1,"title":"让世界感受我的欧气","desc":"进行一次先知召唤","progress":[{"cli_label":"evt_recruit_high","target":0,"target_val":1,"param":[]}],"show_icon":204,"award":[[80226,100]],"id":2},
		"21003": {"period":1,"goal_id":21003,"quest_type":4,"day":1,"title":"扬帆远航去夺宝！","desc":"接取1次橙色远航","progress":[{"cli_label":"evt_shipping","target":0,"target_val":1,"param":[4]}],"show_icon":126,"award":[[80226,200]],"id":3},
		"21004": {"period":1,"goal_id":21004,"quest_type":4,"day":1,"title":"今日份的欧气","desc":"进行5次高级召唤","progress":[{"cli_label":"evt_recruit","target":300,"target_val":5,"param":[]}],"show_icon":120,"award":[[80226,200]],"id":4},
		"21005": {"period":1,"goal_id":21005,"quest_type":4,"day":1,"title":"我们的公会无人能挡","desc":"挑战4次公会boss","progress":[{"cli_label":"evt_guild_dun_fight","target":0,"target_val":4,"param":[]}],"show_icon":146,"award":[[80226,200]],"id":5},
		"21006": {"period":1,"goal_id":21006,"quest_type":4,"day":2,"title":"今天也要元气满满！","desc":"登录冒险大陆一次","progress":[{"cli_label":"evt_cli_loaded","target":0,"target_val":1,"param":[]}],"show_icon":401,"award":[[80226,100]],"id":1},
		"21007": {"period":1,"goal_id":21007,"quest_type":4,"day":2,"title":"为大佬点个赞","desc":"在录像馆点赞3次","progress":[{"cli_label":"evt_replay_hall_like","target":0,"target_val":3,"param":[]}],"show_icon":412,"award":[[80226,100]],"id":2},
		"21008": {"period":1,"goal_id":21008,"quest_type":4,"day":2,"title":"这就是强者的力量么","desc":"赢得10次竞技场","progress":[{"cli_label":"evt_arena_fight_result","target":1,"target_val":10,"param":[]}],"show_icon":158,"award":[[80226,200]],"id":3},
		"21009": {"period":1,"goal_id":21009,"quest_type":4,"day":2,"title":"挥金如土的滋味","desc":"消耗100w金币","progress":[{"cli_label":"evt_loss_coin","target":0,"target_val":1000000,"param":[]}],"show_icon":200,"award":[[80226,200]],"id":4},
		"21010": {"period":1,"goal_id":21010,"quest_type":4,"day":2,"title":"沉浸在副本的奖励中吧","desc":"完成任意日常副本10次","progress":[{"cli_label":"evt_dungeon_stone_fight","target":0,"target_val":10,"param":[]}],"show_icon":152,"award":[[80226,200]],"id":5},
		"21011": {"period":1,"goal_id":21011,"quest_type":4,"day":3,"title":"今天也要元气满满！","desc":"登录冒险大陆一次","progress":[{"cli_label":"evt_cli_loaded","target":0,"target_val":1,"param":[]}],"show_icon":401,"award":[[80226,100]],"id":1},
		"21012": {"period":1,"goal_id":21012,"quest_type":4,"day":3,"title":"学习，使我变得更强","desc":"在录像馆观看一次战斗","progress":[{"cli_label":"evt_replay_hall_watch","target":0,"target_val":1,"param":[]}],"show_icon":412,"award":[[80226,100]],"id":2},
		"21013": {"period":1,"goal_id":21013,"quest_type":4,"day":3,"title":"幸运之星就是你了","desc":"进行10次幸运探宝","progress":[{"cli_label":"evt_dial","target":0,"target_val":10,"param":[]}],"show_icon":405,"award":[[80226,200]],"id":3},
		"21014": {"period":1,"goal_id":21014,"quest_type":4,"day":3,"title":"每日都在变强","desc":"升级任意神器3次","progress":[{"cli_label":"evt_hallows_step_intensify","target":0,"target_val":3,"param":[]}],"show_icon":201,"award":[[80226,200]],"id":4},
		"21015": {"period":1,"goal_id":21015,"quest_type":4,"day":3,"title":"我也是钻石爱好者哦","desc":"消耗300钻石","progress":[{"cli_label":"evt_loss_gold","target":0,"target_val":300,"param":[]}],"show_icon":138,"award":[[80226,200]],"id":5},
		"21016": {"period":1,"goal_id":21016,"quest_type":4,"day":4,"title":"今天也要元气满满！","desc":"登录冒险大陆一次","progress":[{"cli_label":"evt_cli_loaded","target":0,"target_val":1,"param":[]}],"show_icon":401,"award":[[80226,100]],"id":1},
		"21017": {"period":1,"goal_id":21017,"quest_type":4,"day":4,"title":"炎炎夏日也要努力修行","desc":"获取100点活跃度","progress":[{"cli_label":"evt_gain_activity","target":0,"target_val":100,"param":[]}],"show_icon":129,"award":[[80226,100]],"id":2},
		"21018": {"period":1,"goal_id":21018,"quest_type":4,"day":4,"title":"哇...这耀眼的红色","desc":"接取1次红色远航","progress":[{"cli_label":"evt_shipping","target":0,"target_val":1,"param":[5]}],"show_icon":126,"award":[[80226,200]],"id":3},
		"21019": {"period":1,"goal_id":21019,"quest_type":4,"day":4,"title":"我要变得更强","desc":"消耗50w英雄经验","progress":[{"cli_label":"evt_loss_hero_exp","target":0,"target_val":500000,"param":[]}],"show_icon":200,"award":[[80226,200]],"id":4},
		"21020": {"period":1,"goal_id":21020,"quest_type":4,"day":4,"title":"冒险者还是征服者","desc":"英雄远征达到第10关","progress":[{"cli_label":"evt_expedition_fight","target":0,"target_val":10,"param":[]}],"show_icon":151,"award":[[80226,200]],"id":5},
		"21021": {"period":1,"goal_id":21021,"quest_type":4,"day":5,"title":"今天也要元气满满！","desc":"登录冒险大陆一次","progress":[{"cli_label":"evt_cli_loaded","target":0,"target_val":1,"param":[]}],"show_icon":401,"award":[[80226,100]],"id":1},
		"21022": {"period":1,"goal_id":21022,"quest_type":4,"day":5,"title":"我们的友情比金坚","desc":"赠送好友友情点5次","progress":[{"cli_label":"evt_friend_present","target":14,"target_val":5,"param":[]}],"show_icon":402,"award":[[80226,100]],"id":2},
		"21023": {"period":1,"goal_id":21023,"quest_type":4,"day":5,"title":"这次一定能出货","desc":"进行1次先知召唤","progress":[{"cli_label":"evt_recruit_high","target":0,"target_val":1,"param":[]}],"show_icon":204,"award":[[80226,200]],"id":3},
		"21024": {"period":1,"goal_id":21024,"quest_type":4,"day":5,"title":"装备冶炼师","desc":"合成5个任意装备","progress":[{"cli_label":"evt_equipment_compound","target":0,"target_val":5,"param":[]}],"show_icon":154,"award":[[80226,200]],"id":4},
		"21025": {"period":1,"goal_id":21025,"quest_type":4,"day":5,"title":"装备，钻石我全都要","desc":"快速作战5次","progress":[{"cli_label":"evt_dungeon_fast_combat","target":0,"target_val":5,"param":[]}],"show_icon":132,"award":[[80226,200]],"id":5},
		"21026": {"period":1,"goal_id":21026,"quest_type":4,"day":6,"title":"今天也要元气满满！","desc":"登录冒险大陆一次","progress":[{"cli_label":"evt_cli_loaded","target":0,"target_val":1,"param":[]}],"show_icon":401,"award":[[80226,100]],"id":1},
		"21027": {"period":1,"goal_id":21027,"quest_type":4,"day":6,"title":"让我们先定个小目标","desc":"获取500钻石","progress":[{"cli_label":"evt_gain_gold","target":0,"target_val":500,"param":[]}],"show_icon":131,"award":[[80226,100]],"id":2},
		"21028": {"period":1,"goal_id":21028,"quest_type":4,"day":6,"title":"别忘了技能的提升","desc":"进行1次符文重铸","progress":[{"cli_label":"evt_artifact_recast","target":0,"target_val":1,"param":[]}],"show_icon":200,"award":[[80226,200]],"id":3},
		"21029": {"period":1,"goal_id":21029,"quest_type":4,"day":6,"title":"今日份的欧气","desc":"进行5次高级召唤","progress":[{"cli_label":"evt_recruit","target":300,"target_val":5,"param":[]}],"show_icon":120,"award":[[80226,200]],"id":4},
		"21030": {"period":1,"goal_id":21030,"quest_type":4,"day":6,"title":"我还能爬的更高","desc":"参与5次试练塔","progress":[{"cli_label":"evt_star_tower_pass","target":0,"target_val":5,"param":[]}],"show_icon":160,"award":[[80226,200]],"id":5},
		"21031": {"period":1,"goal_id":21031,"quest_type":4,"day":7,"title":"今天也要元气满满！","desc":"登录冒险大陆一次","progress":[{"cli_label":"evt_cli_loaded","target":0,"target_val":1,"param":[]}],"show_icon":401,"award":[[80226,100]],"id":1},
		"21032": {"period":1,"goal_id":21032,"quest_type":4,"day":7,"title":"展示自己的实力吧","desc":"分享1次自己的战斗","progress":[{"cli_label":"evt_replay_share","target":0,"target_val":1,"param":[]}],"show_icon":413,"award":[[80226,100]],"id":2},
		"21033": {"period":1,"goal_id":21033,"quest_type":4,"day":7,"title":"挥金如土的滋味","desc":"消耗200w金币","progress":[{"cli_label":"evt_loss_coin","target":0,"target_val":1000000,"param":[]}],"show_icon":200,"award":[[80226,200]],"id":3},
		"21034": {"period":1,"goal_id":21034,"quest_type":4,"day":7,"title":"我们的公会不可战胜","desc":"进行1次公会捐献","progress":[{"cli_label":"evt_guild_donate","target":0,"target_val":1,"param":[]}],"show_icon":145,"award":[[80226,200]],"id":4},
		"21035": {"period":1,"goal_id":21035,"quest_type":4,"day":7,"title":"欧气让我日渐强大","desc":"获取一个5星英雄","progress":[{"cli_label":"evt_partner_add_new","target":0,"target_val":1,"param":[["bind_star",5]]}],"show_icon":120,"award":[[80226,200]],"id":5},
		"21036": {"period":1,"goal_id":21036,"quest_type":4,"day":8,"title":"今天也要元气满满！","desc":"登录冒险大陆一次","progress":[{"cli_label":"evt_cli_loaded","target":0,"target_val":1,"param":[]}],"show_icon":401,"award":[[80226,100]],"id":1},
		"21037": {"period":1,"goal_id":21037,"quest_type":4,"day":8,"title":"让世界感受我的欧气","desc":"进行一次先知召唤","progress":[{"cli_label":"evt_recruit_high","target":0,"target_val":1,"param":[]}],"show_icon":204,"award":[[80226,100]],"id":2},
		"21038": {"period":1,"goal_id":21038,"quest_type":4,"day":8,"title":"扬帆远航去夺宝！","desc":"接取3次橙色远航","progress":[{"cli_label":"evt_shipping","target":0,"target_val":3,"param":[4]}],"show_icon":126,"award":[[80226,200]],"id":3},
		"21039": {"period":1,"goal_id":21039,"quest_type":4,"day":8,"title":"今日份的欧气","desc":"进行5次高级召唤","progress":[{"cli_label":"evt_recruit","target":300,"target_val":5,"param":[]}],"show_icon":120,"award":[[80226,200]],"id":4},
		"21040": {"period":1,"goal_id":21040,"quest_type":4,"day":8,"title":"我们的公会无人能挡","desc":"挑战4次公会boss","progress":[{"cli_label":"evt_guild_dun_fight","target":0,"target_val":4,"param":[]}],"show_icon":146,"award":[[80226,200]],"id":5},
		"21041": {"period":1,"goal_id":21041,"quest_type":4,"day":9,"title":"今天也要元气满满！","desc":"登录冒险大陆一次","progress":[{"cli_label":"evt_cli_loaded","target":0,"target_val":1,"param":[]}],"show_icon":401,"award":[[80226,100]],"id":1},
		"21042": {"period":1,"goal_id":21042,"quest_type":4,"day":9,"title":"为大佬点个赞","desc":"在录像馆点赞3次","progress":[{"cli_label":"evt_replay_hall_like","target":0,"target_val":3,"param":[]}],"show_icon":412,"award":[[80226,100]],"id":2},
		"21043": {"period":1,"goal_id":21043,"quest_type":4,"day":9,"title":"这就是强者的力量么","desc":"赢得10次竞技场","progress":[{"cli_label":"evt_arena_fight_result","target":1,"target_val":10,"param":[]}],"show_icon":158,"award":[[80226,200]],"id":3},
		"21044": {"period":1,"goal_id":21044,"quest_type":4,"day":9,"title":"挥金如土的滋味","desc":"消耗100w金币","progress":[{"cli_label":"evt_loss_coin","target":0,"target_val":1000000,"param":[]}],"show_icon":200,"award":[[80226,200]],"id":4},
		"21045": {"period":1,"goal_id":21045,"quest_type":4,"day":9,"title":"沉浸在副本的奖励中吧","desc":"完成任意日常副本10次","progress":[{"cli_label":"evt_dungeon_stone_fight","target":0,"target_val":10,"param":[]}],"show_icon":152,"award":[[80226,200]],"id":5},
		"21046": {"period":1,"goal_id":21046,"quest_type":4,"day":10,"title":"今天也要元气满满！","desc":"登录冒险大陆一次","progress":[{"cli_label":"evt_cli_loaded","target":0,"target_val":1,"param":[]}],"show_icon":401,"award":[[80226,100]],"id":1},
		"21047": {"period":1,"goal_id":21047,"quest_type":4,"day":10,"title":"学习，使我变得更强","desc":"在录像馆观看一次战斗","progress":[{"cli_label":"evt_replay_hall_watch","target":0,"target_val":1,"param":[]}],"show_icon":412,"award":[[80226,100]],"id":2},
		"21048": {"period":1,"goal_id":21048,"quest_type":4,"day":10,"title":"幸运之星就是你了","desc":"进行10次幸运探宝","progress":[{"cli_label":"evt_dial","target":0,"target_val":10,"param":[]}],"show_icon":405,"award":[[80226,200]],"id":3},
		"21049": {"period":1,"goal_id":21049,"quest_type":4,"day":10,"title":"每日都在变强","desc":"升级任意神器5次","progress":[{"cli_label":"evt_hallows_step_intensify","target":0,"target_val":5,"param":[]}],"show_icon":201,"award":[[80226,200]],"id":4},
		"21050": {"period":1,"goal_id":21050,"quest_type":4,"day":10,"title":"我也是钻石爱好者哦","desc":"消耗500钻石","progress":[{"cli_label":"evt_loss_gold","target":0,"target_val":500,"param":[]}],"show_icon":138,"award":[[80226,200]],"id":5},
		"21051": {"period":1,"goal_id":21051,"quest_type":4,"day":11,"title":"今天也要元气满满！","desc":"登录冒险大陆一次","progress":[{"cli_label":"evt_cli_loaded","target":0,"target_val":1,"param":[]}],"show_icon":401,"award":[[80226,100]],"id":1},
		"21052": {"period":1,"goal_id":21052,"quest_type":4,"day":11,"title":"炎炎夏日也要努力修行","desc":"获取100点活跃度","progress":[{"cli_label":"evt_gain_activity","target":0,"target_val":100,"param":[]}],"show_icon":129,"award":[[80226,100]],"id":2},
		"21053": {"period":1,"goal_id":21053,"quest_type":4,"day":11,"title":"哇...这耀眼的红色","desc":"接取1次红色远航","progress":[{"cli_label":"evt_shipping","target":0,"target_val":1,"param":[5]}],"show_icon":126,"award":[[80226,200]],"id":3},
		"21054": {"period":1,"goal_id":21054,"quest_type":4,"day":11,"title":"我要变得更强","desc":"消耗50w英雄经验","progress":[{"cli_label":"evt_loss_hero_exp","target":0,"target_val":500000,"param":[]}],"show_icon":200,"award":[[80226,200]],"id":4},
		"21055": {"period":1,"goal_id":21055,"quest_type":4,"day":11,"title":"冒险者还是征服者","desc":"英雄远征达到第10关","progress":[{"cli_label":"evt_expedition_fight","target":0,"target_val":10,"param":[]}],"show_icon":151,"award":[[80226,200]],"id":5},
		"21056": {"period":1,"goal_id":21056,"quest_type":4,"day":12,"title":"今天也要元气满满！","desc":"登录冒险大陆一次","progress":[{"cli_label":"evt_cli_loaded","target":0,"target_val":1,"param":[]}],"show_icon":401,"award":[[80226,100]],"id":1},
		"21057": {"period":1,"goal_id":21057,"quest_type":4,"day":12,"title":"我们的友情比金坚","desc":"赠送好友友情点5次","progress":[{"cli_label":"evt_friend_present","target":14,"target_val":5,"param":[]}],"show_icon":402,"award":[[80226,100]],"id":2},
		"21058": {"period":1,"goal_id":21058,"quest_type":4,"day":12,"title":"这次一定能出货","desc":"进行1次先知召唤","progress":[{"cli_label":"evt_recruit_high","target":0,"target_val":1,"param":[]}],"show_icon":204,"award":[[80226,200]],"id":3},
		"21059": {"period":1,"goal_id":21059,"quest_type":4,"day":12,"title":"装备冶炼师","desc":"合成5个任意装备","progress":[{"cli_label":"evt_equipment_compound","target":0,"target_val":5,"param":[]}],"show_icon":154,"award":[[80226,200]],"id":4},
		"21060": {"period":1,"goal_id":21060,"quest_type":4,"day":12,"title":"装备，钻石我全都要","desc":"快速作战5次","progress":[{"cli_label":"evt_dungeon_fast_combat","target":0,"target_val":5,"param":[]}],"show_icon":132,"award":[[80226,200]],"id":5},
		"21061": {"period":1,"goal_id":21061,"quest_type":4,"day":13,"title":"今天也要元气满满！","desc":"登录冒险大陆一次","progress":[{"cli_label":"evt_cli_loaded","target":0,"target_val":1,"param":[]}],"show_icon":401,"award":[[80226,100]],"id":1},
		"21062": {"period":1,"goal_id":21062,"quest_type":4,"day":13,"title":"让我们先定个小目标","desc":"获取500钻石","progress":[{"cli_label":"evt_gain_gold","target":0,"target_val":500,"param":[]}],"show_icon":131,"award":[[80226,100]],"id":2},
		"21063": {"period":1,"goal_id":21063,"quest_type":4,"day":13,"title":"别忘了技能的提升","desc":"进行1次符文重铸","progress":[{"cli_label":"evt_artifact_recast","target":0,"target_val":1,"param":[]}],"show_icon":200,"award":[[80226,200]],"id":3},
		"21064": {"period":1,"goal_id":21064,"quest_type":4,"day":13,"title":"今日份的欧气","desc":"进行5次高级召唤","progress":[{"cli_label":"evt_recruit","target":300,"target_val":5,"param":[]}],"show_icon":120,"award":[[80226,200]],"id":4},
		"21065": {"period":1,"goal_id":21065,"quest_type":4,"day":13,"title":"我还能爬的更高","desc":"参与5次试练塔","progress":[{"cli_label":"evt_star_tower_pass","target":0,"target_val":5,"param":[]}],"show_icon":160,"award":[[80226,200]],"id":5},
		"21066": {"period":1,"goal_id":21066,"quest_type":4,"day":14,"title":"今天也要元气满满！","desc":"登录冒险大陆一次","progress":[{"cli_label":"evt_cli_loaded","target":0,"target_val":1,"param":[]}],"show_icon":401,"award":[[80226,100]],"id":1},
		"21067": {"period":1,"goal_id":21067,"quest_type":4,"day":14,"title":"展示自己的实力吧","desc":"分享1次自己的战斗","progress":[{"cli_label":"evt_replay_share","target":0,"target_val":1,"param":[]}],"show_icon":413,"award":[[80226,100]],"id":2},
		"21068": {"period":1,"goal_id":21068,"quest_type":4,"day":14,"title":"挥金如土的滋味","desc":"消耗200w金币","progress":[{"cli_label":"evt_loss_coin","target":0,"target_val":1000000,"param":[]}],"show_icon":200,"award":[[80226,200]],"id":3},
		"21069": {"period":1,"goal_id":21069,"quest_type":4,"day":14,"title":"我们的公会不可战胜","desc":"进行1次公会捐献","progress":[{"cli_label":"evt_guild_donate","target":0,"target_val":1,"param":[]}],"show_icon":145,"award":[[80226,200]],"id":4},
		"21070": {"period":1,"goal_id":21070,"quest_type":4,"day":14,"title":"欧气让我日渐强大","desc":"获取一个5星英雄","progress":[{"cli_label":"evt_partner_add_new","target":0,"target_val":1,"param":[["bind_star",5]]}],"show_icon":120,"award":[[80226,200]],"id":5},
		"21071": {"period":1,"goal_id":21071,"quest_type":4,"day":15,"title":"今天也要元气满满！","desc":"登录冒险大陆一次","progress":[{"cli_label":"evt_cli_loaded","target":0,"target_val":1,"param":[]}],"show_icon":401,"award":[[80226,100]],"id":1},
		"21072": {"period":1,"goal_id":21072,"quest_type":4,"day":15,"title":"让世界感受我的欧气","desc":"进行一次先知召唤","progress":[{"cli_label":"evt_recruit_high","target":0,"target_val":1,"param":[]}],"show_icon":204,"award":[[80226,100]],"id":2},
		"21073": {"period":1,"goal_id":21073,"quest_type":4,"day":15,"title":"扬帆远航去夺宝！","desc":"接取1次橙色远航","progress":[{"cli_label":"evt_shipping","target":0,"target_val":1,"param":[4]}],"show_icon":126,"award":[[80226,200]],"id":3},
		"21074": {"period":1,"goal_id":21074,"quest_type":4,"day":15,"title":"今日份的欧气","desc":"进行5次高级召唤","progress":[{"cli_label":"evt_recruit","target":300,"target_val":5,"param":[]}],"show_icon":120,"award":[[80226,200]],"id":4},
		"21075": {"period":1,"goal_id":21075,"quest_type":4,"day":15,"title":"我们的公会无人能挡","desc":"挑战4次公会boss","progress":[{"cli_label":"evt_guild_dun_fight","target":0,"target_val":4,"param":[]}],"show_icon":146,"award":[[80226,200]],"id":5},
		"21076": {"period":1,"goal_id":21076,"quest_type":4,"day":16,"title":"今天也要元气满满！","desc":"登录冒险大陆一次","progress":[{"cli_label":"evt_cli_loaded","target":0,"target_val":1,"param":[]}],"show_icon":401,"award":[[80226,100]],"id":1},
		"21077": {"period":1,"goal_id":21077,"quest_type":4,"day":16,"title":"为大佬点个赞","desc":"在录像馆点赞3次","progress":[{"cli_label":"evt_replay_hall_like","target":0,"target_val":3,"param":[]}],"show_icon":412,"award":[[80226,100]],"id":2},
		"21078": {"period":1,"goal_id":21078,"quest_type":4,"day":16,"title":"这就是强者的力量么","desc":"赢得10次竞技场","progress":[{"cli_label":"evt_arena_fight_result","target":1,"target_val":10,"param":[]}],"show_icon":158,"award":[[80226,200]],"id":3},
		"21079": {"period":1,"goal_id":21079,"quest_type":4,"day":16,"title":"挥金如土的滋味","desc":"消耗100w金币","progress":[{"cli_label":"evt_loss_coin","target":0,"target_val":1000000,"param":[]}],"show_icon":200,"award":[[80226,200]],"id":4},
		"21080": {"period":1,"goal_id":21080,"quest_type":4,"day":16,"title":"沉浸在副本的奖励中吧","desc":"完成任意日常副本10次","progress":[{"cli_label":"evt_dungeon_stone_fight","target":0,"target_val":10,"param":[]}],"show_icon":152,"award":[[80226,200]],"id":5},
		"21081": {"period":1,"goal_id":21081,"quest_type":4,"day":17,"title":"今天也要元气满满！","desc":"登录冒险大陆一次","progress":[{"cli_label":"evt_cli_loaded","target":0,"target_val":1,"param":[]}],"show_icon":401,"award":[[80226,100]],"id":1},
		"21082": {"period":1,"goal_id":21082,"quest_type":4,"day":17,"title":"学习，使我变得更强","desc":"在录像馆观看一次战斗","progress":[{"cli_label":"evt_replay_hall_watch","target":0,"target_val":1,"param":[]}],"show_icon":412,"award":[[80226,100]],"id":2},
		"21083": {"period":1,"goal_id":21083,"quest_type":4,"day":17,"title":"幸运之星就是你了","desc":"进行10次幸运探宝","progress":[{"cli_label":"evt_dial","target":0,"target_val":10,"param":[]}],"show_icon":405,"award":[[80226,200]],"id":3},
		"21084": {"period":1,"goal_id":21084,"quest_type":4,"day":17,"title":"每日都在变强","desc":"升级任意神器3次","progress":[{"cli_label":"evt_hallows_step_intensify","target":0,"target_val":3,"param":[]}],"show_icon":201,"award":[[80226,200]],"id":4},
		"21085": {"period":1,"goal_id":21085,"quest_type":4,"day":17,"title":"我也是钻石爱好者哦","desc":"消耗300钻石","progress":[{"cli_label":"evt_loss_gold","target":0,"target_val":300,"param":[]}],"show_icon":138,"award":[[80226,200]],"id":5},
		"21086": {"period":1,"goal_id":21086,"quest_type":4,"day":18,"title":"今天也要元气满满！","desc":"登录冒险大陆一次","progress":[{"cli_label":"evt_cli_loaded","target":0,"target_val":1,"param":[]}],"show_icon":401,"award":[[80226,100]],"id":1},
		"21087": {"period":1,"goal_id":21087,"quest_type":4,"day":18,"title":"炎炎夏日也要努力修行","desc":"获取100点活跃度","progress":[{"cli_label":"evt_gain_activity","target":0,"target_val":100,"param":[]}],"show_icon":129,"award":[[80226,100]],"id":2},
		"21088": {"period":1,"goal_id":21088,"quest_type":4,"day":18,"title":"哇...这耀眼的红色","desc":"接取1次红色远航","progress":[{"cli_label":"evt_shipping","target":0,"target_val":1,"param":[5]}],"show_icon":126,"award":[[80226,200]],"id":3},
		"21089": {"period":1,"goal_id":21089,"quest_type":4,"day":18,"title":"我要变得更强","desc":"消耗50w英雄经验","progress":[{"cli_label":"evt_loss_hero_exp","target":0,"target_val":500000,"param":[]}],"show_icon":200,"award":[[80226,200]],"id":4},
		"21090": {"period":1,"goal_id":21090,"quest_type":4,"day":18,"title":"冒险者还是征服者","desc":"英雄远征达到第10关","progress":[{"cli_label":"evt_expedition_fight","target":0,"target_val":10,"param":[]}],"show_icon":151,"award":[[80226,200]],"id":5},
		"21091": {"period":1,"goal_id":21091,"quest_type":4,"day":19,"title":"今天也要元气满满！","desc":"登录冒险大陆一次","progress":[{"cli_label":"evt_cli_loaded","target":0,"target_val":1,"param":[]}],"show_icon":401,"award":[[80226,100]],"id":1},
		"21092": {"period":1,"goal_id":21092,"quest_type":4,"day":19,"title":"我们的友情比金坚","desc":"赠送好友友情点5次","progress":[{"cli_label":"evt_friend_present","target":14,"target_val":5,"param":[]}],"show_icon":402,"award":[[80226,100]],"id":2},
		"21093": {"period":1,"goal_id":21093,"quest_type":4,"day":19,"title":"这次一定能出货","desc":"进行1次先知召唤","progress":[{"cli_label":"evt_recruit_high","target":0,"target_val":1,"param":[]}],"show_icon":204,"award":[[80226,200]],"id":3},
		"21094": {"period":1,"goal_id":21094,"quest_type":4,"day":19,"title":"装备冶炼师","desc":"合成5个任意装备","progress":[{"cli_label":"evt_equipment_compound","target":0,"target_val":5,"param":[]}],"show_icon":154,"award":[[80226,200]],"id":4},
		"21095": {"period":1,"goal_id":21095,"quest_type":4,"day":19,"title":"装备，钻石我全都要","desc":"快速作战5次","progress":[{"cli_label":"evt_dungeon_fast_combat","target":0,"target_val":5,"param":[]}],"show_icon":132,"award":[[80226,200]],"id":5},
		"21096": {"period":1,"goal_id":21096,"quest_type":4,"day":20,"title":"今天也要元气满满！","desc":"登录冒险大陆一次","progress":[{"cli_label":"evt_cli_loaded","target":0,"target_val":1,"param":[]}],"show_icon":401,"award":[[80226,100]],"id":1},
		"21097": {"period":1,"goal_id":21097,"quest_type":4,"day":20,"title":"让我们先定个小目标","desc":"获取500钻石","progress":[{"cli_label":"evt_gain_gold","target":0,"target_val":500,"param":[]}],"show_icon":131,"award":[[80226,100]],"id":2},
		"21098": {"period":1,"goal_id":21098,"quest_type":4,"day":20,"title":"别忘了技能的提升","desc":"进行1次符文重铸","progress":[{"cli_label":"evt_artifact_recast","target":0,"target_val":1,"param":[]}],"show_icon":200,"award":[[80226,200]],"id":3},
		"21099": {"period":1,"goal_id":21099,"quest_type":4,"day":20,"title":"今日份的欧气","desc":"进行5次高级召唤","progress":[{"cli_label":"evt_recruit","target":300,"target_val":5,"param":[]}],"show_icon":120,"award":[[80226,200]],"id":4},
		"21100": {"period":1,"goal_id":21100,"quest_type":4,"day":20,"title":"我还能爬的更高","desc":"参与5次试练塔","progress":[{"cli_label":"evt_star_tower_pass","target":0,"target_val":5,"param":[]}],"show_icon":160,"award":[[80226,200]],"id":5},
		"21101": {"period":1,"goal_id":21101,"quest_type":4,"day":21,"title":"今天也要元气满满！","desc":"登录冒险大陆一次","progress":[{"cli_label":"evt_cli_loaded","target":0,"target_val":1,"param":[]}],"show_icon":401,"award":[[80226,100]],"id":1},
		"21102": {"period":1,"goal_id":21102,"quest_type":4,"day":21,"title":"展示自己的实力吧","desc":"分享1次自己的战斗","progress":[{"cli_label":"evt_replay_share","target":0,"target_val":1,"param":[]}],"show_icon":413,"award":[[80226,100]],"id":2},
		"21103": {"period":1,"goal_id":21103,"quest_type":4,"day":21,"title":"挥金如土的滋味","desc":"消耗200w金币","progress":[{"cli_label":"evt_loss_coin","target":0,"target_val":1000000,"param":[]}],"show_icon":200,"award":[[80226,200]],"id":3},
		"21104": {"period":1,"goal_id":21104,"quest_type":4,"day":21,"title":"我们的公会不可战胜","desc":"进行1次公会捐献","progress":[{"cli_label":"evt_guild_donate","target":0,"target_val":1,"param":[]}],"show_icon":145,"award":[[80226,200]],"id":4},
		"21105": {"period":1,"goal_id":21105,"quest_type":4,"day":21,"title":"欧气让我日渐强大","desc":"获取一个5星英雄","progress":[{"cli_label":"evt_partner_add_new","target":0,"target_val":1,"param":[["bind_star",5]]}],"show_icon":120,"award":[[80226,200]],"id":5},
		"21106": {"period":1,"goal_id":21106,"quest_type":4,"day":22,"title":"今天也要元气满满！","desc":"登录冒险大陆一次","progress":[{"cli_label":"evt_cli_loaded","target":0,"target_val":1,"param":[]}],"show_icon":401,"award":[[80226,100]],"id":1},
		"21107": {"period":1,"goal_id":21107,"quest_type":4,"day":22,"title":"让世界感受我的欧气","desc":"进行一次先知召唤","progress":[{"cli_label":"evt_recruit_high","target":0,"target_val":1,"param":[]}],"show_icon":204,"award":[[80226,100]],"id":2},
		"21108": {"period":1,"goal_id":21108,"quest_type":4,"day":22,"title":"扬帆远航去夺宝！","desc":"接取3次橙色远航","progress":[{"cli_label":"evt_shipping","target":0,"target_val":3,"param":[4]}],"show_icon":126,"award":[[80226,200]],"id":3},
		"21109": {"period":1,"goal_id":21109,"quest_type":4,"day":22,"title":"今日份的欧气","desc":"进行5次高级召唤","progress":[{"cli_label":"evt_recruit","target":300,"target_val":5,"param":[]}],"show_icon":120,"award":[[80226,200]],"id":4},
		"21110": {"period":1,"goal_id":21110,"quest_type":4,"day":22,"title":"我们的公会无人能挡","desc":"挑战4次公会boss","progress":[{"cli_label":"evt_guild_dun_fight","target":0,"target_val":4,"param":[]}],"show_icon":146,"award":[[80226,200]],"id":5},
		"21111": {"period":1,"goal_id":21111,"quest_type":4,"day":23,"title":"今天也要元气满满！","desc":"登录冒险大陆一次","progress":[{"cli_label":"evt_cli_loaded","target":0,"target_val":1,"param":[]}],"show_icon":401,"award":[[80226,100]],"id":1},
		"21112": {"period":1,"goal_id":21112,"quest_type":4,"day":23,"title":"为大佬点个赞","desc":"在录像馆点赞3次","progress":[{"cli_label":"evt_replay_hall_like","target":0,"target_val":3,"param":[]}],"show_icon":412,"award":[[80226,100]],"id":2},
		"21113": {"period":1,"goal_id":21113,"quest_type":4,"day":23,"title":"这就是强者的力量么","desc":"赢得10次竞技场","progress":[{"cli_label":"evt_arena_fight_result","target":1,"target_val":10,"param":[]}],"show_icon":158,"award":[[80226,200]],"id":3},
		"21114": {"period":1,"goal_id":21114,"quest_type":4,"day":23,"title":"挥金如土的滋味","desc":"消耗200w金币","progress":[{"cli_label":"evt_loss_coin","target":0,"target_val":2000000,"param":[]}],"show_icon":200,"award":[[80226,200]],"id":4},
		"21115": {"period":1,"goal_id":21115,"quest_type":4,"day":23,"title":"沉浸在副本的奖励中吧","desc":"完成任意日常副本10次","progress":[{"cli_label":"evt_dungeon_stone_fight","target":0,"target_val":10,"param":[]}],"show_icon":152,"award":[[80226,200]],"id":5},
		"21116": {"period":1,"goal_id":21116,"quest_type":4,"day":23,"title":"这次一定能出货","desc":"进行1次先知召唤","progress":[{"cli_label":"evt_recruit_high","target":0,"target_val":1,"param":[]}],"show_icon":204,"award":[[80226,200]],"id":6},
		"21117": {"period":1,"goal_id":21117,"quest_type":4,"day":23,"title":"我们的友情比金坚","desc":"赠送好友友情点10次","progress":[{"cli_label":"evt_friend_present","target":14,"target_val":10,"param":[]}],"show_icon":402,"award":[[80226,200]],"id":7},
		"21118": {"period":1,"goal_id":21118,"quest_type":4,"day":24,"title":"今天也要元气满满！","desc":"登录冒险大陆一次","progress":[{"cli_label":"evt_cli_loaded","target":0,"target_val":1,"param":[]}],"show_icon":401,"award":[[80226,100]],"id":1},
		"21119": {"period":1,"goal_id":21119,"quest_type":4,"day":24,"title":"学习，使我变得更强","desc":"在录像馆观看一次战斗","progress":[{"cli_label":"evt_replay_hall_watch","target":0,"target_val":1,"param":[]}],"show_icon":412,"award":[[80226,100]],"id":2},
		"21120": {"period":1,"goal_id":21120,"quest_type":4,"day":24,"title":"幸运之星就是你了","desc":"进行10次幸运探宝","progress":[{"cli_label":"evt_dial","target":0,"target_val":10,"param":[]}],"show_icon":405,"award":[[80226,200]],"id":3},
		"21121": {"period":1,"goal_id":21121,"quest_type":4,"day":24,"title":"每日都在变强","desc":"升级任意神器5次","progress":[{"cli_label":"evt_hallows_step_intensify","target":0,"target_val":5,"param":[]}],"show_icon":201,"award":[[80226,200]],"id":4},
		"21122": {"period":1,"goal_id":21122,"quest_type":4,"day":24,"title":"我也是钻石爱好者哦","desc":"消耗500钻石","progress":[{"cli_label":"evt_loss_gold","target":0,"target_val":500,"param":[]}],"show_icon":138,"award":[[80226,200]],"id":5},
		"21123": {"period":1,"goal_id":21123,"quest_type":4,"day":24,"title":"今日份的欧气","desc":"进行5次高级召唤","progress":[{"cli_label":"evt_recruit","target":300,"target_val":5,"param":[]}],"show_icon":120,"award":[[80226,200]],"id":6},
		"21124": {"period":1,"goal_id":21124,"quest_type":4,"day":24,"title":"我还能爬的更高","desc":"参与5次试练塔","progress":[{"cli_label":"evt_star_tower_pass","target":0,"target_val":5,"param":[]}],"show_icon":160,"award":[[80226,200]],"id":7},
		"21125": {"period":1,"goal_id":21125,"quest_type":4,"day":25,"title":"今天也要元气满满！","desc":"登录冒险大陆一次","progress":[{"cli_label":"evt_cli_loaded","target":0,"target_val":1,"param":[]}],"show_icon":401,"award":[[80226,100]],"id":1},
		"21126": {"period":1,"goal_id":21126,"quest_type":4,"day":25,"title":"炎炎夏日也要努力修行","desc":"获取100点活跃度","progress":[{"cli_label":"evt_gain_activity","target":0,"target_val":100,"param":[]}],"show_icon":129,"award":[[80226,100]],"id":2},
		"21127": {"period":1,"goal_id":21127,"quest_type":4,"day":25,"title":"哇...这耀眼的红色","desc":"接取1次红色远航","progress":[{"cli_label":"evt_shipping","target":0,"target_val":1,"param":[5]}],"show_icon":126,"award":[[80226,200]],"id":3},
		"21128": {"period":1,"goal_id":21128,"quest_type":4,"day":25,"title":"我要变得更强","desc":"消耗100w英雄经验","progress":[{"cli_label":"evt_loss_hero_exp","target":0,"target_val":1000000,"param":[]}],"show_icon":200,"award":[[80226,200]],"id":4},
		"21129": {"period":1,"goal_id":21129,"quest_type":4,"day":25,"title":"冒险者还是征服者","desc":"英雄远征达到第10关","progress":[{"cli_label":"evt_expedition_fight","target":0,"target_val":10,"param":[]}],"show_icon":151,"award":[[80226,200]],"id":5},
		"21130": {"period":1,"goal_id":21130,"quest_type":4,"day":25,"title":"沉浸在副本的奖励中吧","desc":"完成任意日常副本10次","progress":[{"cli_label":"evt_dungeon_stone_fight","target":0,"target_val":10,"param":[]}],"show_icon":152,"award":[[80226,200]],"id":6},
		"21131": {"period":1,"goal_id":21131,"quest_type":4,"day":25,"title":"我们的公会无人能挡","desc":"挑战4次公会boss","progress":[{"cli_label":"evt_guild_dun_fight","target":0,"target_val":4,"param":[]}],"show_icon":146,"award":[[80226,200]],"id":7},
		"21132": {"period":1,"goal_id":21132,"quest_type":4,"day":26,"title":"今天也要元气满满！","desc":"登录冒险大陆一次","progress":[{"cli_label":"evt_cli_loaded","target":0,"target_val":1,"param":[]}],"show_icon":401,"award":[[80226,100]],"id":1},
		"21133": {"period":1,"goal_id":21133,"quest_type":4,"day":26,"title":"我们的友情比金坚","desc":"赠送好友友情点5次","progress":[{"cli_label":"evt_friend_present","target":14,"target_val":5,"param":[]}],"show_icon":402,"award":[[80226,100]],"id":2},
		"21134": {"period":1,"goal_id":21134,"quest_type":4,"day":26,"title":"这次一定能出货","desc":"进行1次先知召唤","progress":[{"cli_label":"evt_recruit_high","target":0,"target_val":1,"param":[]}],"show_icon":204,"award":[[80226,200]],"id":3},
		"21135": {"period":1,"goal_id":21135,"quest_type":4,"day":26,"title":"装备冶炼师","desc":"合成5个任意装备","progress":[{"cli_label":"evt_equipment_compound","target":0,"target_val":5,"param":[]}],"show_icon":154,"award":[[80226,200]],"id":4},
		"21136": {"period":1,"goal_id":21136,"quest_type":4,"day":26,"title":"装备，钻石我全都要","desc":"快速作战5次","progress":[{"cli_label":"evt_dungeon_fast_combat","target":0,"target_val":5,"param":[]}],"show_icon":132,"award":[[80226,200]],"id":5},
		"21137": {"period":1,"goal_id":21137,"quest_type":4,"day":26,"title":"幸运之星就是你了","desc":"进行10次幸运探宝","progress":[{"cli_label":"evt_dial","target":0,"target_val":10,"param":[]}],"show_icon":405,"award":[[80226,200]],"id":6},
		"21138": {"period":1,"goal_id":21138,"quest_type":4,"day":26,"title":"钻石钻石！买买买！","desc":"消耗500钻石","progress":[{"cli_label":"evt_loss_gold","target":0,"target_val":500,"param":[]}],"show_icon":138,"award":[[80226,200]],"id":7},
		"21139": {"period":1,"goal_id":21139,"quest_type":4,"day":27,"title":"今天也要元气满满！","desc":"登录冒险大陆一次","progress":[{"cli_label":"evt_cli_loaded","target":0,"target_val":1,"param":[]}],"show_icon":401,"award":[[80226,100]],"id":1},
		"21140": {"period":1,"goal_id":21140,"quest_type":4,"day":27,"title":"让我们先定个小目标","desc":"获取500钻石","progress":[{"cli_label":"evt_gain_gold","target":0,"target_val":500,"param":[]}],"show_icon":131,"award":[[80226,100]],"id":2},
		"21141": {"period":1,"goal_id":21141,"quest_type":4,"day":27,"title":"别忘了技能的提升","desc":"进行1次符文重铸","progress":[{"cli_label":"evt_artifact_recast","target":0,"target_val":1,"param":[]}],"show_icon":200,"award":[[80226,200]],"id":3},
		"21142": {"period":1,"goal_id":21142,"quest_type":4,"day":27,"title":"今日份的欧气","desc":"进行5次高级召唤","progress":[{"cli_label":"evt_recruit","target":300,"target_val":5,"param":[]}],"show_icon":120,"award":[[80226,200]],"id":4},
		"21143": {"period":1,"goal_id":21143,"quest_type":4,"day":27,"title":"我还能爬的更高","desc":"参与5次试练塔","progress":[{"cli_label":"evt_star_tower_pass","target":0,"target_val":5,"param":[]}],"show_icon":160,"award":[[80226,200]],"id":5},
		"21144": {"period":1,"goal_id":21144,"quest_type":4,"day":27,"title":"这就是强者的力量么","desc":"赢得10次竞技场","progress":[{"cli_label":"evt_arena_fight_result","target":1,"target_val":10,"param":[]}],"show_icon":158,"award":[[80226,200]],"id":6},
		"21145": {"period":1,"goal_id":21145,"quest_type":4,"day":27,"title":"扬帆远航去夺宝！","desc":"接取3次橙色远航","progress":[{"cli_label":"evt_shipping","target":0,"target_val":3,"param":[4]}],"show_icon":126,"award":[[80226,200]],"id":7},
		"21146": {"period":1,"goal_id":21146,"quest_type":4,"day":28,"title":"今天也要元气满满！","desc":"登录冒险大陆一次","progress":[{"cli_label":"evt_cli_loaded","target":0,"target_val":1,"param":[]}],"show_icon":401,"award":[[80226,100]],"id":1},
		"21147": {"period":1,"goal_id":21147,"quest_type":4,"day":28,"title":"展示自己的实力吧","desc":"分享1次自己的战斗","progress":[{"cli_label":"evt_replay_share","target":0,"target_val":1,"param":[]}],"show_icon":413,"award":[[80226,100]],"id":2},
		"21148": {"period":1,"goal_id":21148,"quest_type":4,"day":28,"title":"挥金如土的滋味","desc":"消耗200w金币","progress":[{"cli_label":"evt_loss_coin","target":0,"target_val":1000000,"param":[]}],"show_icon":200,"award":[[80226,200]],"id":3},
		"21149": {"period":1,"goal_id":21149,"quest_type":4,"day":28,"title":"我们的公会不可战胜","desc":"进行1次公会捐献","progress":[{"cli_label":"evt_guild_donate","target":0,"target_val":1,"param":[]}],"show_icon":145,"award":[[80226,200]],"id":4},
		"21150": {"period":1,"goal_id":21150,"quest_type":4,"day":28,"title":"欧气让我日渐强大","desc":"获取一个5星英雄","progress":[{"cli_label":"evt_partner_add_new","target":0,"target_val":1,"param":[["bind_star",5]]}],"show_icon":120,"award":[[80226,200]],"id":5},
		"21151": {"period":1,"goal_id":21151,"quest_type":4,"day":28,"title":"冒险者还是征服者","desc":"英雄远征达到第10关","progress":[{"cli_label":"evt_expedition_fight","target":0,"target_val":10,"param":[]}],"show_icon":151,"award":[[80226,200]],"id":6},
		"21152": {"period":1,"goal_id":21152,"quest_type":4,"day":28,"title":"幸运之星就是你了","desc":"进行10次幸运探宝","progress":[{"cli_label":"evt_dial","target":0,"target_val":10,"param":[]}],"show_icon":405,"award":[[80226,200]],"id":7},
		"21153": {"period":1,"goal_id":21153,"quest_type":4,"day":29,"title":"今天也要元气满满！","desc":"登录冒险大陆一次","progress":[{"cli_label":"evt_cli_loaded","target":0,"target_val":1,"param":[]}],"show_icon":401,"award":[[80226,100]],"id":1},
		"21154": {"period":1,"goal_id":21154,"quest_type":4,"day":29,"title":"让世界感受我的欧气","desc":"进行一次先知召唤","progress":[{"cli_label":"evt_recruit_high","target":0,"target_val":1,"param":[]}],"show_icon":204,"award":[[80226,100]],"id":2},
		"21155": {"period":1,"goal_id":21155,"quest_type":4,"day":29,"title":"扬帆远航去夺宝！","desc":"接取3次橙色远航","progress":[{"cli_label":"evt_shipping","target":0,"target_val":3,"param":[4]}],"show_icon":126,"award":[[80226,200]],"id":3},
		"21156": {"period":1,"goal_id":21156,"quest_type":4,"day":29,"title":"我要变得更强","desc":"消耗50w英雄经验","progress":[{"cli_label":"evt_loss_hero_exp","target":0,"target_val":500000,"param":[]}],"show_icon":200,"award":[[80226,200]],"id":4},
		"21157": {"period":1,"goal_id":21157,"quest_type":4,"day":29,"title":"我们的公会无人能挡","desc":"挑战4次公会boss","progress":[{"cli_label":"evt_guild_dun_fight","target":0,"target_val":4,"param":[]}],"show_icon":146,"award":[[80226,200]],"id":5},
		"21158": {"period":1,"goal_id":21158,"quest_type":4,"day":29,"title":"装备冶炼师","desc":"合成5个任意装备","progress":[{"cli_label":"evt_equipment_compound","target":0,"target_val":5,"param":[]}],"show_icon":154,"award":[[80226,200]],"id":6},
		"21159": {"period":1,"goal_id":21159,"quest_type":4,"day":29,"title":"别忘了技能的提升","desc":"进行1次符文重铸","progress":[{"cli_label":"evt_artifact_recast","target":0,"target_val":1,"param":[]}],"show_icon":200,"award":[[80226,200]],"id":7},
		"21160": {"period":1,"goal_id":21160,"quest_type":4,"day":30,"title":"今天也要元气满满！","desc":"登录冒险大陆一次","progress":[{"cli_label":"evt_cli_loaded","target":0,"target_val":1,"param":[]}],"show_icon":401,"award":[[80226,100]],"id":1},
		"21161": {"period":1,"goal_id":21161,"quest_type":4,"day":30,"title":"为大佬点个赞","desc":"在录像馆点赞3次","progress":[{"cli_label":"evt_replay_hall_like","target":0,"target_val":3,"param":[]}],"show_icon":412,"award":[[80226,100]],"id":2},
		"21162": {"period":1,"goal_id":21162,"quest_type":4,"day":30,"title":"这就是强者的力量么","desc":"赢得10次竞技场","progress":[{"cli_label":"evt_arena_fight_result","target":1,"target_val":10,"param":[]}],"show_icon":158,"award":[[80226,200]],"id":3},
		"21163": {"period":1,"goal_id":21163,"quest_type":4,"day":30,"title":"五等分的...符文","desc":"合成1次任意符文","progress":[{"cli_label":"evt_artifact_compose_quality","target":0,"target_val":1,"param":[]}],"show_icon":408,"award":[[80226,200]],"id":4},
		"21164": {"period":1,"goal_id":21164,"quest_type":4,"day":30,"title":"沉浸在副本的奖励中吧","desc":"完成任意日常副本10次","progress":[{"cli_label":"evt_dungeon_stone_fight","target":0,"target_val":10,"param":[]}],"show_icon":152,"award":[[80226,200]],"id":5},
		"21165": {"period":1,"goal_id":21165,"quest_type":4,"day":30,"title":"我们的友情比金坚","desc":"赠送好友友情点10次","progress":[{"cli_label":"evt_friend_present","target":14,"target_val":10,"param":[]}],"show_icon":402,"award":[[80226,200]],"id":6},
		"21166": {"period":1,"goal_id":21166,"quest_type":4,"day":30,"title":"我们的公会不可战胜","desc":"进行1次公会捐献","progress":[{"cli_label":"evt_guild_donate","target":0,"target_val":1,"param":[]}],"show_icon":145,"award":[[80226,200]],"id":7}
	}
},
"data_week_task_list_length" : 1,
"data_week_task_list" : {
	"1": {
		"22001": {"period":1,"goal_id":22001,"quest_type":5,"min_day":1,"max_day":7,"title":"挥金如土的滋味","desc":"消耗1000w金币","progress":[{"cli_label":"evt_loss_coin","target":0,"target_val":10000000,"param":[]}],"show_icon":200,"award":[[80226,300]],"id":1},
		"22002": {"period":1,"goal_id":22002,"quest_type":5,"min_day":1,"max_day":7,"title":"欧气...一周的欧气","desc":"获取7个5星英雄","progress":[{"cli_label":"evt_partner_add_new","target":0,"target_val":7,"param":[["bind_star",5]]}],"show_icon":120,"award":[[80226,500]],"id":2},
		"22003": {"period":1,"goal_id":22003,"quest_type":5,"min_day":1,"max_day":7,"title":"最辛勤的冒险家","desc":"本周累计获取600活跃","progress":[{"cli_label":"evt_gain_activity","target":0,"target_val":600,"param":[]}],"show_icon":129,"award":[[80226,500]],"id":3},
		"22004": {"period":1,"goal_id":22004,"quest_type":5,"min_day":1,"max_day":7,"title":"上阵指定英雄：斯芬克斯","desc":"赢得20场竞技场","progress":[{"cli_label":"evt_arena_use_partner","target":0,"target_val":20,"param":[["use",30508]]}],"show_icon":158,"award":[[80226,500]],"id":4},
		"22005": {"period":1,"goal_id":22005,"quest_type":5,"min_day":1,"max_day":7,"title":"无畏的挑战者","desc":"挑战1次星河神殿","progress":[{"cli_label":"evt_primus_fight","target":0,"target_val":1,"param":[]}],"show_icon":150,"award":[[80226,500]],"id":5},
		"22006": {"period":1,"goal_id":22006,"quest_type":5,"min_day":1,"max_day":7,"title":"也许我就是冠军","desc":"成为一次冠军赛32强","progress":[{"cli_label":"evt_championships_32","target":0,"target_val":1,"param":[]}],"show_icon":159,"award":[[80226,500]],"id":6},
		"22007": {"period":1,"goal_id":22007,"quest_type":5,"min_day":8,"max_day":15,"title":"金币是要一点点积累的","desc":"完成金币副本20次","progress":[{"cli_label":"evt_dungeon_stone_fight","target":1,"target_val":20,"param":[]}],"show_icon":152,"award":[[80226,300]],"id":1},
		"22008": {"period":1,"goal_id":22008,"quest_type":5,"min_day":8,"max_day":15,"title":"我就是欧皇！","desc":"获取7个5星英雄","progress":[{"cli_label":"evt_partner_add_new","target":0,"target_val":7,"param":[["bind_star",5]]}],"show_icon":120,"award":[[80226,500]],"id":2},
		"22009": {"period":1,"goal_id":22009,"quest_type":5,"min_day":8,"max_day":15,"title":"我觉得还能抢救一下","desc":"冒险使用10次生命药剂","progress":[{"cli_label":"evt_adventure_item_expend_count","target":0,"target_val":10,"param":["add_hp"]}],"show_icon":407,"award":[[80226,500]],"id":3},
		"22010": {"period":1,"goal_id":22010,"quest_type":5,"min_day":8,"max_day":15,"title":"钻石钻石！买买买！","desc":"消耗3000钻石","progress":[{"cli_label":"evt_loss_gold","target":0,"target_val":3000,"param":[]}],"show_icon":138,"award":[[80226,500]],"id":4},
		"22011": {"period":1,"goal_id":22011,"quest_type":5,"min_day":8,"max_day":15,"title":"上阵指定英雄：波塞冬","desc":"赢得20场竞技场","progress":[{"cli_label":"evt_arena_use_partner","target":0,"target_val":20,"param":[["use",10505]]}],"show_icon":158,"award":[[80226,500]],"id":5},
		"22012": {"period":1,"goal_id":22012,"quest_type":5,"min_day":8,"max_day":15,"title":"我，无可阻挡","desc":"挑战1次星河神殿","progress":[{"cli_label":"evt_primus_fight","target":0,"target_val":1,"param":[]}],"show_icon":150,"award":[[80226,500]],"id":6},
		"22013": {"period":1,"goal_id":22013,"quest_type":5,"min_day":16,"max_day":22,"title":"神界冒险训练","desc":"驱魂药剂毒杀10个守卫","progress":[{"cli_label":"evt_adventure_item_expend_count","target":0,"target_val":10,"param":["kill_mon"]}],"show_icon":407,"award":[[80226,300]],"id":1},
		"22014": {"period":1,"goal_id":22014,"quest_type":5,"min_day":16,"max_day":22,"title":"英雄大满贯","desc":"获取7个5星英雄","progress":[{"cli_label":"evt_partner_add_new","target":0,"target_val":7,"param":[["bind_star",5]]}],"show_icon":120,"award":[[80226,500]],"id":2},
		"22015": {"period":1,"goal_id":22015,"quest_type":5,"min_day":16,"max_day":22,"title":"公会boss猎杀者","desc":"挑战35次公会boss","progress":[{"cli_label":"evt_guild_dun_fight","target":0,"target_val":35,"param":[]}],"show_icon":146,"award":[[80226,500]],"id":3},
		"22016": {"period":1,"goal_id":22016,"quest_type":5,"min_day":16,"max_day":22,"title":"冒险领域我是强者","desc":"消耗500w英雄经验","progress":[{"cli_label":"evt_loss_hero_exp","target":0,"target_val":5000000,"param":[]}],"show_icon":200,"award":[[80226,500]],"id":4},
		"22017": {"period":1,"goal_id":22017,"quest_type":5,"min_day":16,"max_day":22,"title":"上阵指定英雄：神灵大祭司","desc":"赢得20场竞技场","progress":[{"cli_label":"evt_arena_use_partner","target":0,"target_val":20,"param":[["use",40507]]}],"show_icon":158,"award":[[80226,500]],"id":5},
		"22018": {"period":1,"goal_id":22018,"quest_type":5,"min_day":16,"max_day":22,"title":"这一次我该是冠军了吧","desc":"进入冠军赛32强","progress":[{"cli_label":"evt_championships_32","target":0,"target_val":1,"param":[]}],"show_icon":159,"award":[[80226,500]],"id":6},
		"22019": {"period":1,"goal_id":22019,"quest_type":5,"min_day":23,"max_day":30,"title":"天台？不存在的","desc":"赢得3次冠军赛投注","progress":[{"cli_label":"evt_championships_bet_win","target":0,"target_val":3,"param":[]}],"show_icon":159,"award":[[80226,300]],"id":1},
		"22020": {"period":1,"goal_id":22020,"quest_type":5,"min_day":23,"max_day":30,"title":"让快乐来得更猛一些","desc":"获取7个5星英雄","progress":[{"cli_label":"evt_partner_add_new","target":0,"target_val":7,"param":[["bind_star",5]]}],"show_icon":120,"award":[[80226,500]],"id":2},
		"22021": {"period":1,"goal_id":22021,"quest_type":5,"min_day":23,"max_day":30,"title":"钻石钻石！买买买！","desc":"消耗3000钻石","progress":[{"cli_label":"evt_loss_gold","target":0,"target_val":3000,"param":[]}],"show_icon":138,"award":[[80226,500]],"id":3},
		"22022": {"period":1,"goal_id":22022,"quest_type":5,"min_day":23,"max_day":30,"title":"出战指定英雄：瓦尔基里","desc":"击败15个冒险守卫","progress":[{"cli_label":"evt_adventure_use_partner","target":0,"target_val":15,"param":[["use",20508]]}],"show_icon":407,"award":[[80226,500]],"id":4},
		"22023": {"period":1,"goal_id":22023,"quest_type":5,"min_day":23,"max_day":30,"title":"无畏的挑战者","desc":"挑战1次星河神殿","progress":[{"cli_label":"evt_primus_fight","target":0,"target_val":1,"param":[]}],"show_icon":150,"award":[[80226,500]],"id":5},
		"22024": {"period":1,"goal_id":22024,"quest_type":5,"min_day":23,"max_day":30,"title":"挥金如土的滋味","desc":"消耗1000w金币","progress":[{"cli_label":"evt_loss_coin","target":0,"target_val":10000000,"param":[]}],"show_icon":200,"award":[[80226,500]],"id":6}
	}
},
"data_period_task_list_length" : 1,
"data_period_task_list" : {
	"1": {
		"33001": {"period":1,"goal_id":33001,"quest_type":6,"title":"扬帆起航，征服大海","desc":"完成远航任务300次","progress":[{"cli_label":"evt_shipping","target":0,"target_val":300,"param":[]}],"show_icon":126,"award":[[80226,2000]],"id":1},
		"33002": {"period":1,"goal_id":33002,"quest_type":6,"title":"最强阵容炼成记","desc":"获取一个10星英雄","progress":[{"cli_label":"evt_partner_add_new","target":0,"target_val":1,"param":[["bind_star",10]]}],"show_icon":155,"award":[[80226,2000]],"id":2},
		"33003": {"period":1,"goal_id":33003,"quest_type":6,"title":"我就是冒险领域的王","desc":"冒险中击杀300个守卫","progress":[{"cli_label":"evt_adventure_boss_fight_count","target":0,"target_val":300,"param":[]}],"show_icon":407,"award":[[80226,2000]],"id":3},
		"33004": {"period":1,"goal_id":33004,"quest_type":6,"title":"竞技，荣誉，王者姿态","desc":"竞技场获得400场胜利","progress":[{"cli_label":"evt_arena_fight_result","target":1,"target_val":400,"param":[]}],"show_icon":158,"award":[[80226,2000]],"id":4},
		"33005": {"period":1,"goal_id":33005,"quest_type":6,"title":"只要有宝箱，我无所畏惧","desc":"远征中获取100个宝箱","progress":[{"cli_label":"evt_expedition_open_box","target":0,"target_val":100,"param":[]}],"show_icon":151,"award":[[80226,2000]],"id":5},
		"33006": {"period":1,"goal_id":33006,"quest_type":6,"title":"装备冶炼师的秘密","desc":"合成100个任意装备","progress":[{"cli_label":"evt_equipment_compound","target":0,"target_val":100,"param":[]}],"show_icon":154,"award":[[80226,2000]],"id":6},
		"33007": {"period":1,"goal_id":33007,"quest_type":6,"title":"幸运女神之礼","desc":"进行500次幸运探宝","progress":[{"cli_label":"evt_dial","target":0,"target_val":500,"param":[]}],"show_icon":405,"award":[[80226,2000]],"id":7},
		"33008": {"period":1,"goal_id":33008,"quest_type":6,"title":"哇...这耀眼的红色","desc":"接取15次红色远航","progress":[{"cli_label":"evt_shipping","target":0,"target_val":15,"param":[5]}],"show_icon":126,"award":[[80226,2000]],"id":8},
		"33009": {"period":1,"goal_id":33009,"quest_type":6,"title":"我要变得更强","desc":"消耗8000w英雄经验","progress":[{"cli_label":"evt_loss_hero_exp","target":0,"target_val":80000000,"param":[]}],"show_icon":200,"award":[[80226,2000]],"id":9}
	}
},
"data_advance_card_list_length" : 1,
"data_advance_card_list" : {
	"1": {
		"1": {"period":1,"id":2101,"charge_id":901,"name":"进阶卡","reward":[[3,1980],[80226,10000]],"desc1":"解锁进阶版豪华奖励","desc1_1":"自选强力英雄、5星英雄碎片\n大量先知水晶、高级召唤卷","desc2":"激活超值经验包","desc2_1":"解锁10级直升经验包（价值6000钻）\n每日专享额外200经验包","desc3":"解锁专属头像框-逐浪之夏","desc3_1":"限定永久头像框限时解锁\n瓦尔基里夏日皮肤限时解锁","desc4":"解锁专属称号-冒险勇士（30天）","desc4_1":"生命+2%，攻击+2%\n强力属性称号助力战力提升","sort_id":1,"award_pic":[["orderaction_24","orderaction_29","orderaction_28","txt_cn_orderaction_3"]],"reward_1":[[3,1980],[99006,1],[80227,1],[80226,10000]],"reward_2":[[50007,1],[50909,1],[60202,1],[14001,6],[29905,200],[37002,2],[10403,24],[38051,2]]}
	}
},
"data_price_list_length" : 26,
"data_price_list" : {
	"50904":{"sort":1,"bid_id":50904,"price":10000},
	"50005":{"sort":2,"bid_id":50005,"price":10000},
	"50006":{"sort":3,"bid_id":50006,"price":10000},
	"50907":{"sort":4,"bid_id":50907,"price":10000},
	"60202":{"sort":5,"bid_id":60202,"price":10000},
	"60201":{"sort":6,"bid_id":60201,"price":8000},
	"23007":{"sort":7,"bid_id":23007,"price":10000},
	"14001":{"sort":8,"bid_id":14001,"price":2500},
	"29905":{"sort":9,"bid_id":29905,"price":100},
	"37002":{"sort":10,"bid_id":37002,"price":1000},
	"10403":{"sort":11,"bid_id":10403,"price":250},
	"38051":{"sort":12,"bid_id":38051,"price":3500},
	"38081":{"sort":13,"bid_id":38081,"price":750},
	"39013":{"sort":14,"bid_id":39013,"price":500},
	"39007":{"sort":15,"bid_id":39007,"price":300},
	"29":{"sort":16,"bid_id":29,"price":100},
	"17011":{"sort":17,"bid_id":17011,"price":100},
	"28":{"sort":18,"bid_id":28,"price":10},
	"37001":{"sort":19,"bid_id":37001,"price":50},
	"10450":{"sort":20,"bid_id":10450,"price":1},
	"17009":{"sort":21,"bid_id":17009,"price":20},
	"10030":{"sort":22,"bid_id":10030,"price":50},
	"72001":{"sort":23,"bid_id":72001,"price":15},
	"10001":{"sort":24,"bid_id":10001,"price":1},
	"10002":{"sort":25,"bid_id":10002,"price":30},
	"10103":{"sort":26,"bid_id":10103,"price":20}
}
}