{"data_info_length" : 16,
"data_info" : {
	"8003":{"bid":8003,"sort_val":1,"title":"签到","ico":"3","type_ico":0,"panel_type":3,"type":2,"is_verifyios":1,"open_lev":5,"items":[]},
	"8010":{"bid":8010,"sort_val":11,"title":"问卷调查","ico":"44","type_ico":0,"panel_type":11,"type":2,"is_verifyios":1,"open_lev":10,"items":[]},
	"8011":{"bid":8011,"sort_val":4,"title":"每周福利","ico":"45","type_ico":0,"panel_type":12,"type":2,"is_verifyios":1,"open_lev":10,"items":[]},
	"8012":{"bid":8012,"sort_val":5,"title":"每月福利","ico":"46","type_ico":0,"panel_type":12,"type":2,"is_verifyios":1,"open_lev":10,"items":[]},
	"8009":{"bid":8009,"sort_val":2,"title":"荣耀月卡","ico":"40","type_ico":0,"panel_type":10,"type":2,"is_verifyios":1,"open_lev":10,"items":[]},
	"8001":{"bid":8001,"sort_val":3,"title":"至尊月卡","ico":"1","type_ico":0,"panel_type":1,"type":2,"is_verifyios":1,"open_lev":10,"items":[]},
	"991008":{"bid":991008,"sort_val":6,"title":"成长基金","ico":"20","type_ico":0,"panel_type":8,"type":2,"is_verifyios":1,"open_lev":10,"items":[]},
	"8007":{"bid":8007,"sort_val":10,"title":"邀请好友","ico":"36","type_ico":0,"panel_type":9,"type":2,"is_verifyios":0,"open_lev":10,"items":[]},
	"8014":{"bid":8014,"sort_val":8,"title":"官微福利","ico":"68","type_ico":0,"panel_type":14,"type":2,"is_verifyios":0,"open_lev":10,"items":[]},
	"8015":{"bid":8015,"sort_val":9,"title":"手机绑定","ico":"67","type_ico":0,"panel_type":15,"type":2,"is_verifyios":0,"open_lev":10,"items":[]},
	"8016":{"bid":8016,"sort_val":7,"title":"推荐码","ico":"79","type_ico":0,"panel_type":16,"type":2,"is_verifyios":0,"open_lev":10,"items":[]},
	"8017":{"bid":8017,"sort_val":12,"title":"贴吧福利","ico":"83","type_ico":0,"panel_type":17,"type":2,"is_verifyios":0,"open_lev":9999,"items":[[3,200],[10403,1],[37001,1]]},
	"7001":{"bid":7001,"sort_val":13,"title":"公告","ico":"140","type_ico":0,"panel_type":18,"type":2,"is_verifyios":0,"open_lev":10,"items":[]},
	"8101":{"bid":8101,"sort_val":10,"title":"游戏分享","ico":"36","type_ico":0,"panel_type":9,"type":2,"is_verifyios":0,"open_lev":10,"items":[]},
	"8102":{"bid":8102,"sort_val":8,"title":"官微福利","ico":"68","type_ico":0,"panel_type":14,"type":2,"is_verifyios":0,"open_lev":10,"items":[]},
	"8103":{"bid":8103,"sort_val":13,"title":"收藏有礼","ico":"801","type_ico":0,"panel_type":19,"type":2,"is_verifyios":0,"open_lev":10,"items":[]}
},
"data_constant_length" : 14,
"data_constant" : {
	"chargegift_rules":{"sign":"chargegift_rules","items":[[128,198],[328],[648]],"desc":"1.每充值对应金额可获1次抽奖次数\n2.点击对应档次开始抽奖\n3.直购礼包不计入本次活动"},
	"preferential_rules":{"sign":"preferential_rules","items":[],"desc":"1.购买礼包不会获得充值钻石。\n2.购买礼包会正常增加vip经验。"},
	"checkmore1":{"sign":"checkmore1","items":[[3,120],[10404,100],[10430,100],[10030,150],[34007,100],[14000,100],[35113,150],[10420,120],[34008,60]],"desc":""},
	"checkmore2":{"sign":"checkmore2","items":[[3,150],[10404,200],[10431,100],[10030,150],[30019,10],[14000,100],[35113,100],[10421,80],[34008,110]],"desc":""},
	"checkmore3":{"sign":"checkmore3","items":[[3,150],[10404,100],[10431,150],[10030,150],[34009,10],[30019,30],[35113,150],[10421,125],[34008,135]],"desc":""},
	"title_rules":{"sign":"title_rules","items":[[10],["hp_max",300],["atk",60],["def",45]],"desc":"1.在活动时间内激活首充、荣耀月卡、至尊月卡、投资计划、成长基金便可领取尊贵的称号。\n2.任务完成后，称号将以邮件形式发送。"},
	"card_1_rules":{"sign":"card_1_rules","items":[],"desc":"6666_4"},
	"card_2_rules":{"sign":"card_2_rules","items":[],"desc":"66666_5"},
	"luxury_rules":{"sign":"luxury_rules","items":[],"desc":"1.每日单笔6元以上才算累计1天，0点重置\n2.中途中断充值，可继承已充值天数继续充值领奖励"},
	"expedit_rules":{"sign":"expedit_rules","items":[],"desc":"1.远征排行榜活动根据每日通关层数进行积分，积分越高，排名越高\n 2.积分相同时，根据达成分数的时间先后进行排序，达成的越早，排名越高\n3.完成每种难度的远征可以获得不同数量的积分，其中,简单：1分/关；普通：2分/关；困难：3分/关\n4.远征自动扫荡的关卡也计为通关，并可获得对应难度的积分\n5.远征次数任务以每通关一层+1进行计算"},
	"adventure_rules":{"sign":"adventure_rules","items":[],"desc":"1.活动期间，以所达到的冒险层数最大值计算冒险排行榜的排名。\n 2.击败该层最终boss并进入下一层，方计算为通关1层。\n3.当有多名玩家层数相同时，以探索度进行排名。\n4.当冒险层数与探索度均相同时，根据达成的时间进行排名，达成的越早，排名越高"},
	"mysterious_store_rules":{"sign":"mysterious_store_rules","items":[],"desc":"1.活动期间，消耗指定物品可兑换对应奖励\n2.限兑中有每日限兑、活动限兑以及全服限兑\n3.标明每日限兑的物品，将进行每日刷新，而标明活动限兑的物品，不进行每日刷新"},
	"seven_charge_rules":{"sign":"seven_charge_rules","items":[],"desc":"1.活动期间，每日充值满足指定金额即可签到领奖。\n 2.如出现漏签，充值满足当天签到金额后，继续充值可以进行补签，每天至多补签1天。\n3.当天多充值98元时（即当日累计充值68+98=166元），可补签前1天奖励；\n4.当天签到奖励和补签奖励可以同时领取。\n5.活动结束后，将不能再领取奖励，请及时领取哦！"},
	"shouchong_rules":{"sign":"shouchong_rules","items":[],"desc":"1.充值指定四个档位中任意一档，都可立即获得4倍钻石奖励；四个档位仅可选择一个档位获得四倍钻石。\n\n2.累充达6元即激活首充奖励，此时将不再享有四倍返钻机会。"}
}
}