{"data_lanterm_adventure_length" : 68,
"data_lanterm_adventure" : {
	"13005_1":{"camp_id":13005,"id":1,"f_id":1,"s_id":1,"title":"","desc":"每日登录<color=#249003>1</color>次","progress":[{"cli_label":"evt_cli_loaded","target":0,"target_val":1,"param":[]}],"award":[[80201,5]],"source_id":401},
	"13005_2":{"camp_id":13005,"id":2,"f_id":2,"s_id":1,"title":"","desc":"活跃度达到<color=#249003>100</color>点","progress":[{"cli_label":"evt_gain_activity","target":0,"target_val":100,"param":[]}],"award":[[80201,5]],"source_id":111},
	"13005_3":{"camp_id":13005,"id":3,"f_id":3,"s_id":1,"title":"","desc":"制作<color=#249003>1</color>个任意元宵","progress":[{"cli_label":"evt_holiday_make_dumplings","target":0,"target_val":1,"param":[]}],"award":[[80201,5]],"source_id":130051},
	"13005_4":{"camp_id":13005,"id":4,"f_id":3,"s_id":2,"title":"","desc":"制作<color=#249003>2</color>个任意元宵","progress":[{"cli_label":"evt_holiday_make_dumplings","target":0,"target_val":2,"param":[]}],"award":[[80201,5]],"source_id":130051},
	"13005_5":{"camp_id":13005,"id":5,"f_id":4,"s_id":1,"title":"","desc":"完成<color=#249003>1</color>层冒险","progress":[{"cli_label":"evt_adventure_floor_count","target":0,"target_val":1,"param":[]}],"award":[[80201,5]],"source_id":46},
	"13005_6":{"camp_id":13005,"id":6,"f_id":4,"s_id":2,"title":"","desc":"完成<color=#249003>3</color>层冒险","progress":[{"cli_label":"evt_adventure_floor_count","target":0,"target_val":3,"param":[]}],"award":[[80201,5]],"source_id":46},
	"13005_7":{"camp_id":13005,"id":7,"f_id":4,"s_id":3,"title":"","desc":"完成<color=#249003>5</color>层冒险","progress":[{"cli_label":"evt_adventure_floor_count","target":0,"target_val":5,"param":[]}],"award":[[80201,5]],"source_id":46},
	"13005_8":{"camp_id":13005,"id":8,"f_id":5,"s_id":1,"title":"","desc":"参与公会战<color=#249003>1</color>次","progress":[{"cli_label":"evt_guild_war","target":0,"target_val":1,"param":[]}],"award":[[80201,5]],"source_id":55},
	"13005_9":{"camp_id":13005,"id":9,"f_id":5,"s_id":2,"title":"","desc":"参与公会战<color=#249003>3</color>次","progress":[{"cli_label":"evt_guild_war","target":0,"target_val":3,"param":[]}],"award":[[80201,5]],"source_id":55},
	"13005_10":{"camp_id":13005,"id":10,"f_id":6,"s_id":1,"title":"","desc":"参加<color=#249003>1</color>次跨服天梯","progress":[{"cli_label":"evt_cross_server_ladder","target":0,"target_val":1,"param":[]}],"award":[[80201,5]],"source_id":103},
	"13005_11":{"camp_id":13005,"id":11,"f_id":7,"s_id":1,"title":"","desc":"参加<color=#249003>1</color>次冠军赛押注","progress":[{"cli_label":"evt_championships_bet","target":0,"target_val":1,"param":[]}],"award":[[80201,5]],"source_id":80},
	"13005_12":{"camp_id":13005,"id":12,"f_id":8,"s_id":1,"title":"","desc":"在冠军赛押注中压中<color=#249003>1</color>次","progress":[{"cli_label":"evt_championships_bet_win","target":0,"target_val":1,"param":[]}],"award":[[80201,5]],"source_id":80},
	"11015_101":{"camp_id":11015,"id":101,"f_id":101,"s_id":1,"title":"很高兴遇见你，冒险者","desc":"每日登录冒险大陆","progress":[{"cli_label":"evt_cli_loaded","target":0,"target_val":1,"param":[]}],"award":[[37001,1]],"source_id":401},
	"11015_102":{"camp_id":11015,"id":102,"f_id":102,"s_id":1,"title":"冒险修行","desc":"每日获取100活跃度","progress":[{"cli_label":"evt_gain_activity","target":0,"target_val":100,"param":[]}],"award":[[10450,100]],"source_id":129},
	"11015_103":{"camp_id":11015,"id":103,"f_id":103,"s_id":1,"title":"冒险的远征，出发吧","desc":"通关任意难度远征第5关","progress":[{"cli_label":"evt_expedition_fight","target":5,"target_val":1,"param":["pass"]}],"award":[[25,100]],"source_id":151},
	"11015_104":{"camp_id":11015,"id":104,"f_id":103,"s_id":2,"title":"冒险的远征，出发吧","desc":"通关任意难度远征第10关","progress":[{"cli_label":"evt_expedition_fight","target":10,"target_val":1,"param":["pass"]}],"award":[[25,200]],"source_id":151},
	"11015_105":{"camp_id":11015,"id":105,"f_id":104,"s_id":1,"title":"尝一下我的实力吧","desc":"挑战10场竞技场","progress":[{"cli_label":"evt_arena_fight","target":0,"target_val":10,"param":[]}],"award":[[3,50]],"source_id":158},
	"11015_106":{"camp_id":11015,"id":106,"f_id":104,"s_id":2,"title":"尝一下我的实力吧","desc":"挑战20场竞技场","progress":[{"cli_label":"evt_arena_fight","target":0,"target_val":20,"param":[]}],"award":[[3,100]],"source_id":158},
	"11015_107":{"camp_id":11015,"id":107,"f_id":104,"s_id":3,"title":"尝一下我的实力吧","desc":"挑战30场竞技场","progress":[{"cli_label":"evt_arena_fight","target":0,"target_val":30,"param":[]}],"award":[[3,150]],"source_id":158},
	"11015_108":{"camp_id":11015,"id":108,"f_id":105,"s_id":1,"title":"潘多拉魔盒的秘密","desc":"获得5星英雄潘多拉","progress":[{"cli_label":"evt_add_new_partner_bi_bid","target":50507,"target_val":1,"param":[["star",5]]}],"award":[[10403,1]],"source_id":1},
	"11016_201":{"camp_id":11016,"id":201,"f_id":201,"s_id":1,"title":"这就是诸神的黄昏吗？","desc":"每日登录冒险大陆","progress":[{"cli_label":"evt_cli_loaded","target":0,"target_val":1,"param":[]}],"award":[[37001,1]],"source_id":401},
	"11016_202":{"camp_id":11016,"id":202,"f_id":202,"s_id":1,"title":"来吧，大干一场吧！","desc":"每日获取100活跃度","progress":[{"cli_label":"evt_gain_activity","target":0,"target_val":100,"param":[]}],"award":[[10450,100]],"source_id":129},
	"11016_203":{"camp_id":11016,"id":203,"f_id":203,"s_id":1,"title":"感受邪焰的力量吧！","desc":"观看洛基战斗预览一次","progress":[{"cli_label":"evt_recruit_trial_partner","target":0,"target_val":1,"param":[]}],"award":[[3,50]],"source_id":250132},
	"11016_204":{"camp_id":11016,"id":204,"f_id":204,"s_id":1,"title":"奥丁不是我的对手！","desc":"培养洛基到100级","progress":[{"cli_label":"evt_partner_levelup","target":20509,"target_val":100,"param":[]}],"award":[[10001,500]],"source_id":404},
	"11016_205":{"camp_id":11016,"id":205,"f_id":204,"s_id":2,"title":"奥丁不是我的对手！","desc":"培养洛基到205级","progress":[{"cli_label":"evt_partner_levelup","target":20509,"target_val":205,"param":[]}],"award":[[10001,1000]],"source_id":404},
	"11016_206":{"camp_id":11016,"id":206,"f_id":205,"s_id":1,"title":"你想挑战我吗？","desc":"新英雄竞技场胜利10次","progress":[{"cli_label":"evt_arena_use_partner","target":0,"target_val":10,"param":[["use",20509]]}],"award":[[10450,50]],"source_id":158},
	"11016_207":{"camp_id":11016,"id":207,"f_id":205,"s_id":2,"title":"你想挑战我吗？","desc":"新英雄竞技场胜利20次","progress":[{"cli_label":"evt_arena_use_partner","target":0,"target_val":20,"param":[["use",20509]]}],"award":[[10450,100]],"source_id":158},
	"11016_208":{"camp_id":11016,"id":208,"f_id":205,"s_id":3,"title":"你想挑战我吗？","desc":"新英雄竞技场胜利30次","progress":[{"cli_label":"evt_arena_use_partner","target":0,"target_val":30,"param":[["use",20509]]}],"award":[[10450,200]],"source_id":158},
	"11018_301":{"camp_id":11018,"id":301,"f_id":301,"s_id":1,"title":"很高兴遇见你，冒险者","desc":"每日登录冒险大陆","progress":[{"cli_label":"evt_cli_loaded","target":0,"target_val":1,"param":[]}],"award":[[37001,1]],"source_id":401},
	"11018_302":{"camp_id":11018,"id":302,"f_id":302,"s_id":1,"title":"冒险修行","desc":"每日获取100活跃度","progress":[{"cli_label":"evt_gain_activity","target":0,"target_val":100,"param":[]}],"award":[[10450,100]],"source_id":129},
	"11018_303":{"camp_id":11018,"id":303,"f_id":303,"s_id":1,"title":"圣山的远征","desc":"通关任意难度远征第5关","progress":[{"cli_label":"evt_expedition_fight","target":5,"target_val":1,"param":["pass"]}],"award":[[25,100]],"source_id":151},
	"11018_304":{"camp_id":11018,"id":304,"f_id":303,"s_id":2,"title":"圣山的远征","desc":"通关任意难度远征第10关","progress":[{"cli_label":"evt_expedition_fight","target":10,"target_val":1,"param":["pass"]}],"award":[[25,200]],"source_id":151},
	"11018_305":{"camp_id":11018,"id":305,"f_id":304,"s_id":1,"title":"上场指定英雄：宙斯","desc":"竞技场胜利10次","progress":[{"cli_label":"evt_arena_use_partner","target":0,"target_val":10,"param":[["use",40502]]}],"award":[[3,50]],"source_id":158},
	"11018_306":{"camp_id":11018,"id":306,"f_id":304,"s_id":2,"title":"上场指定英雄：宙斯","desc":"竞技场胜利20次","progress":[{"cli_label":"evt_arena_use_partner","target":0,"target_val":20,"param":[["use",40502]]}],"award":[[3,100]],"source_id":158},
	"11018_307":{"camp_id":11018,"id":307,"f_id":304,"s_id":3,"title":"上场指定英雄：宙斯","desc":"竞技场胜利30次","progress":[{"cli_label":"evt_arena_use_partner","target":0,"target_val":30,"param":[["use",40502]]}],"award":[[3,150]],"source_id":158},
	"11018_308":{"camp_id":11018,"id":308,"f_id":305,"s_id":1,"title":"奥林匹斯之怒","desc":"获得5星英雄宙斯","progress":[{"cli_label":"evt_add_new_partner_bi_bid","target":40502,"target_val":1,"param":[["star",5]]}],"award":[[10408,1]],"source_id":1},
	"11020_401":{"camp_id":11020,"id":401,"f_id":401,"s_id":1,"title":"很高兴遇见你，冒险者","desc":"每日登录冒险大陆","progress":[{"cli_label":"evt_cli_loaded","target":0,"target_val":1,"param":[]}],"award":[[37001,1]],"source_id":401},
	"11020_402":{"camp_id":11020,"id":402,"f_id":402,"s_id":1,"title":"冒险修行","desc":"每日获取100活跃度","progress":[{"cli_label":"evt_gain_activity","target":0,"target_val":100,"param":[]}],"award":[[10450,100]],"source_id":129},
	"11020_403":{"camp_id":11020,"id":403,"f_id":403,"s_id":1,"title":"魔盒探密","desc":"通关任意难度远征第5关","progress":[{"cli_label":"evt_expedition_fight","target":5,"target_val":1,"param":["pass"]}],"award":[[25,100]],"source_id":151},
	"11020_404":{"camp_id":11020,"id":404,"f_id":403,"s_id":2,"title":"魔盒探密","desc":"通关任意难度远征第10关","progress":[{"cli_label":"evt_expedition_fight","target":10,"target_val":1,"param":["pass"]}],"award":[[25,200]],"source_id":151},
	"11020_405":{"camp_id":11020,"id":405,"f_id":404,"s_id":1,"title":"上场指定英雄：潘多拉","desc":"竞技场胜利10次","progress":[{"cli_label":"evt_arena_use_partner","target":0,"target_val":10,"param":[["use",50507]]}],"award":[[3,50]],"source_id":158},
	"11020_406":{"camp_id":11020,"id":406,"f_id":404,"s_id":2,"title":"上场指定英雄：潘多拉","desc":"竞技场胜利20次","progress":[{"cli_label":"evt_arena_use_partner","target":0,"target_val":20,"param":[["use",50507]]}],"award":[[3,100]],"source_id":158},
	"11020_407":{"camp_id":11020,"id":407,"f_id":404,"s_id":3,"title":"上场指定英雄：潘多拉","desc":"竞技场胜利30次","progress":[{"cli_label":"evt_arena_use_partner","target":0,"target_val":30,"param":[["use",50507]]}],"award":[[3,150]],"source_id":158},
	"11020_408":{"camp_id":11020,"id":408,"f_id":405,"s_id":1,"title":"潘多拉魔盒的秘密","desc":"获得5星英雄潘多拉","progress":[{"cli_label":"evt_add_new_partner_bi_bid","target":50507,"target_val":1,"param":[["star",5]]}],"award":[[10408,1]],"source_id":1},
	"11023_501":{"camp_id":11023,"id":501,"f_id":501,"s_id":1,"title":"诸神试炼，与君同行","desc":"参与试炼之境1次","progress":[{"cli_label":"evt_fight_holiday_boss_new","target":0,"target_val":1,"param":[]}],"award":[[25,100]],"source_id":250134},
	"11023_502":{"camp_id":11023,"id":502,"f_id":501,"s_id":2,"title":"诸神试炼，与君同行","desc":"参与试炼之境5次","progress":[{"cli_label":"evt_fight_holiday_boss_new","target":0,"target_val":5,"param":[]}],"award":[[25,200]],"source_id":250134},
	"11023_503":{"camp_id":11023,"id":503,"f_id":501,"s_id":3,"title":"诸神试炼，与君同行","desc":"参与试炼之境10次","progress":[{"cli_label":"evt_fight_holiday_boss_new","target":0,"target_val":10,"param":[]}],"award":[[25,300]],"source_id":250134},
	"11023_504":{"camp_id":11023,"id":504,"f_id":501,"s_id":4,"title":"诸神试炼，与君同行","desc":"参与试炼之境15次","progress":[{"cli_label":"evt_fight_holiday_boss_new","target":0,"target_val":15,"param":[]}],"award":[[25,500]],"source_id":250134},
	"11023_505":{"camp_id":11023,"id":505,"f_id":502,"s_id":1,"title":"完成我们的试炼召唤吧","desc":"通关试炼之境第一关","progress":[{"cli_label":"evt_pass_holiday_boss_new","target":1,"target_val":1,"param":[]}],"award":[[25,100]],"source_id":250134},
	"11023_506":{"camp_id":11023,"id":506,"f_id":503,"s_id":1,"title":"完成我们的试炼召唤吧","desc":"通关试炼之境第五关","progress":[{"cli_label":"evt_pass_holiday_boss_new","target":5,"target_val":1,"param":[]}],"award":[[25,200]],"source_id":250134},
	"11023_507":{"camp_id":11023,"id":507,"f_id":504,"s_id":1,"title":"完成我们的试炼召唤吧","desc":"通关试炼之境第十关","progress":[{"cli_label":"evt_pass_holiday_boss_new","target":10,"target_val":1,"param":[]}],"award":[[3,100]],"source_id":250134},
	"11023_508":{"camp_id":11023,"id":508,"f_id":505,"s_id":1,"title":"完成我们的试炼召唤吧","desc":"通关试炼之境第十五关","progress":[{"cli_label":"evt_pass_holiday_boss_new","target":15,"target_val":1,"param":[]}],"award":[[3,200]],"source_id":250134},
	"11026_601":{"camp_id":11026,"id":601,"f_id":601,"s_id":1,"title":"很高兴遇见你，冒险者","desc":"每日登录冒险大陆","progress":[{"cli_label":"evt_cli_loaded","target":0,"target_val":1,"param":[]}],"award":[[37001,1]],"source_id":401},
	"11026_602":{"camp_id":11026,"id":602,"f_id":602,"s_id":1,"title":"冒险修行","desc":"每日获取100活跃度","progress":[{"cli_label":"evt_gain_activity","target":0,"target_val":100,"param":[]}],"award":[[10450,100]],"source_id":129},
	"11026_603":{"camp_id":11026,"id":603,"f_id":603,"s_id":1,"title":"冒险的远征，出发吧","desc":"通关任意难度远征第5关","progress":[{"cli_label":"evt_expedition_fight","target":5,"target_val":1,"param":["pass"]}],"award":[[25,100]],"source_id":151},
	"11026_604":{"camp_id":11026,"id":604,"f_id":603,"s_id":2,"title":"冒险的远征，出发吧","desc":"通关任意难度远征第10关","progress":[{"cli_label":"evt_expedition_fight","target":10,"target_val":1,"param":["pass"]}],"award":[[25,200]],"source_id":151},
	"11026_605":{"camp_id":11026,"id":605,"f_id":604,"s_id":1,"title":"上场指定英雄：黑暗之主","desc":"竞技场胜利10次","progress":[{"cli_label":"evt_arena_use_partner","target":0,"target_val":10,"param":[["use",50504]]}],"award":[[3,50]],"source_id":158},
	"11026_606":{"camp_id":11026,"id":606,"f_id":604,"s_id":2,"title":"上场指定英雄：黑暗之主","desc":"竞技场胜利20次","progress":[{"cli_label":"evt_arena_use_partner","target":0,"target_val":20,"param":[["use",50504]]}],"award":[[3,100]],"source_id":158},
	"11026_607":{"camp_id":11026,"id":607,"f_id":604,"s_id":3,"title":"上场指定英雄：黑暗之主","desc":"竞技场胜利30次","progress":[{"cli_label":"evt_arena_use_partner","target":0,"target_val":30,"param":[["use",50504]]}],"award":[[3,150]],"source_id":158},
	"11026_608":{"camp_id":11026,"id":608,"f_id":605,"s_id":1,"title":"来吧，大干一场吧！","desc":"获得5星英雄黑暗之主","progress":[{"cli_label":"evt_add_new_partner_bi_bid","target":50504,"target_val":1,"param":[["star",5]]}],"award":[[10408,1]],"source_id":1},
	"11028_701":{"camp_id":11028,"id":701,"f_id":701,"s_id":1,"title":"很高兴遇见你，冒险者","desc":"每日登录冒险大陆","progress":[{"cli_label":"evt_cli_loaded","target":0,"target_val":1,"param":[]}],"award":[[37001,1]],"source_id":401},
	"11028_702":{"camp_id":11028,"id":702,"f_id":702,"s_id":1,"title":"冒险修行","desc":"每日获取100活跃度","progress":[{"cli_label":"evt_gain_activity","target":0,"target_val":100,"param":[]}],"award":[[10450,100]],"source_id":129},
	"11028_703":{"camp_id":11028,"id":703,"f_id":703,"s_id":1,"title":"感受海蛇的力量吧！","desc":"观看耶梦加得战斗预览一次","progress":[{"cli_label":"evt_recruit_trial_partner","target":0,"target_val":1,"param":[]}],"award":[[3,50]],"source_id":250132},
	"11028_704":{"camp_id":11028,"id":704,"f_id":704,"s_id":1,"title":"深海之力守护着你！","desc":"培养耶梦加得到100级","progress":[{"cli_label":"evt_partner_levelup","target":10510,"target_val":100,"param":[]}],"award":[[10001,500]],"source_id":404},
	"11028_705":{"camp_id":11028,"id":705,"f_id":704,"s_id":2,"title":"深海之力守护着你！","desc":"培养耶梦加得到205级","progress":[{"cli_label":"evt_partner_levelup","target":10510,"target_val":205,"param":[]}],"award":[[10001,1000]],"source_id":404},
	"11028_706":{"camp_id":11028,"id":706,"f_id":705,"s_id":1,"title":"一起玩耍吧！","desc":"新英雄竞技场胜利10次","progress":[{"cli_label":"evt_arena_use_partner","target":0,"target_val":10,"param":[["use",10510]]}],"award":[[10450,50]],"source_id":158},
	"11028_707":{"camp_id":11028,"id":707,"f_id":705,"s_id":2,"title":"一起玩耍吧！","desc":"新英雄竞技场胜利20次","progress":[{"cli_label":"evt_arena_use_partner","target":0,"target_val":20,"param":[["use",10510]]}],"award":[[10450,100]],"source_id":158},
	"11028_708":{"camp_id":11028,"id":708,"f_id":705,"s_id":3,"title":"一起玩耍吧！","desc":"新英雄竞技场胜利30次","progress":[{"cli_label":"evt_arena_use_partner","target":0,"target_val":30,"param":[["use",10510]]}],"award":[[10450,200]],"source_id":158}
},
"data_lanterm_adventure_task_list_length" : 8,
"data_lanterm_adventure_task_list" : {
	"13005": {
		"1": {
			"1": {"id":1}
		},
		"2": {
			"1": {"id":2}
		},
		"3": {
			"1": {"id":3},
			"2": {"id":4}
		},
		"4": {
			"1": {"id":5},
			"2": {"id":6},
			"3": {"id":7}
		},
		"5": {
			"1": {"id":8},
			"2": {"id":9}
		},
		"6": {
			"1": {"id":10}
		},
		"7": {
			"1": {"id":11}
		},
		"8": {
			"1": {"id":12}
		}
	},
	"11015": {
		"101": {
			"1": {"id":101}
		},
		"102": {
			"1": {"id":102}
		},
		"103": {
			"1": {"id":103},
			"2": {"id":104}
		},
		"104": {
			"1": {"id":105},
			"2": {"id":106},
			"3": {"id":107}
		},
		"105": {
			"1": {"id":108}
		}
	},
	"11016": {
		"201": {
			"1": {"id":201}
		},
		"202": {
			"1": {"id":202}
		},
		"203": {
			"1": {"id":203}
		},
		"204": {
			"1": {"id":204},
			"2": {"id":205}
		},
		"205": {
			"1": {"id":206},
			"2": {"id":207},
			"3": {"id":208}
		}
	},
	"11018": {
		"301": {
			"1": {"id":301}
		},
		"302": {
			"1": {"id":302}
		},
		"303": {
			"1": {"id":303},
			"2": {"id":304}
		},
		"304": {
			"1": {"id":305},
			"2": {"id":306},
			"3": {"id":307}
		},
		"305": {
			"1": {"id":308}
		}
	},
	"11020": {
		"401": {
			"1": {"id":401}
		},
		"402": {
			"1": {"id":402}
		},
		"403": {
			"1": {"id":403},
			"2": {"id":404}
		},
		"404": {
			"1": {"id":405},
			"2": {"id":406},
			"3": {"id":407}
		},
		"405": {
			"1": {"id":408}
		}
	},
	"11023": {
		"501": {
			"1": {"id":501},
			"2": {"id":502},
			"3": {"id":503},
			"4": {"id":504}
		},
		"502": {
			"1": {"id":505}
		},
		"503": {
			"1": {"id":506}
		},
		"504": {
			"1": {"id":507}
		},
		"505": {
			"1": {"id":508}
		}
	},
	"11026": {
		"601": {
			"1": {"id":601}
		},
		"602": {
			"1": {"id":602}
		},
		"603": {
			"1": {"id":603},
			"2": {"id":604}
		},
		"604": {
			"1": {"id":605},
			"2": {"id":606},
			"3": {"id":607}
		},
		"605": {
			"1": {"id":608}
		}
	},
	"11028": {
		"701": {
			"1": {"id":701}
		},
		"702": {
			"1": {"id":702}
		},
		"703": {
			"1": {"id":703}
		},
		"704": {
			"1": {"id":704},
			"2": {"id":705}
		},
		"705": {
			"1": {"id":706},
			"2": {"id":707},
			"3": {"id":708}
		}
	}
}
}