{"data_data_length" : 167,
"data_data" : {
	"110101":{"id":110101,"partner_id":10101,"ico_id":"H30012","name":"莉莉丝","star":1,"lev":1,"vip_lev":0,"expend":[],"attr":[],"mvp_res":10060,"skin_id":0},
	"110201":{"id":110201,"partner_id":10201,"ico_id":"H30018","name":"巫女","star":2,"lev":1,"vip_lev":0,"expend":[],"attr":[],"mvp_res":10046,"skin_id":0},
	"110202":{"id":110202,"partner_id":10202,"ico_id":"H30030","name":"兽族步兵","star":2,"lev":1,"vip_lev":0,"expend":[],"attr":[],"mvp_res":10064,"skin_id":0},
	"110301":{"id":110301,"partner_id":10301,"ico_id":"H30001","name":"魔法女学徒","star":3,"lev":1,"vip_lev":0,"expend":[],"attr":[],"mvp_res":10061,"skin_id":0},
	"110302":{"id":110302,"partner_id":10302,"ico_id":"H30029","name":"美狄亚","star":3,"lev":1,"vip_lev":0,"expend":[],"attr":[],"mvp_res":10063,"skin_id":0},
	"110303":{"id":110303,"partner_id":10303,"ico_id":"H30055","name":"破坏者","star":3,"lev":1,"vip_lev":0,"expend":[],"attr":[],"mvp_res":10017,"skin_id":0},
	"110304":{"id":110304,"partner_id":10304,"ico_id":"H30057","name":"埃恩德隆","star":3,"lev":1,"vip_lev":0,"expend":[],"attr":[],"mvp_res":10042,"skin_id":0},
	"110305":{"id":110305,"partner_id":10305,"ico_id":"H30067","name":"月之骑士","star":3,"lev":1,"vip_lev":0,"expend":[],"attr":[],"mvp_res":10002,"skin_id":0},
	"110401":{"id":110401,"partner_id":10401,"ico_id":"H30009","name":"亚瑟","star":4,"lev":1,"vip_lev":0,"expend":[],"attr":[],"mvp_res":10043,"skin_id":0},
	"110402":{"id":110402,"partner_id":10402,"ico_id":"H30070","name":"竖琴海妖","star":4,"lev":1,"vip_lev":0,"expend":[],"attr":[],"mvp_res":10015,"skin_id":0},
	"110403":{"id":110403,"partner_id":10403,"ico_id":"H30039","name":"水元素","star":4,"lev":1,"vip_lev":0,"expend":[],"attr":[],"mvp_res":10014,"skin_id":0},
	"110404":{"id":110404,"partner_id":10404,"ico_id":"H30084","name":"冰晶女巫","star":4,"lev":1,"vip_lev":0,"expend":[],"attr":[],"mvp_res":10054,"skin_id":0},
	"110405":{"id":110405,"partner_id":10405,"ico_id":"H30005","name":"娜迦侍女","star":4,"lev":1,"vip_lev":0,"expend":[],"attr":[],"mvp_res":10052,"skin_id":0},
	"110501":{"id":110501,"partner_id":10501,"ico_id":"H30015","name":"娜迦公主","star":5,"lev":1,"vip_lev":0,"expend":[],"attr":[],"mvp_res":10018,"skin_id":0},
	"110502":{"id":110502,"partner_id":10502,"ico_id":"H30072","name":"冰雪女王","star":5,"lev":1,"vip_lev":0,"expend":[],"attr":[],"mvp_res":10036,"skin_id":0},
	"110503":{"id":110503,"partner_id":10503,"ico_id":"H30021","name":"冰霜巨龙","star":5,"lev":1,"vip_lev":0,"expend":[],"attr":[],"mvp_res":10037,"skin_id":0},
	"110504":{"id":110504,"partner_id":10504,"ico_id":"H30080","name":"泰坦","star":5,"lev":1,"vip_lev":0,"expend":[],"attr":[],"mvp_res":10083,"skin_id":0},
	"110505":{"id":110505,"partner_id":10505,"ico_id":"H30065","name":"波塞冬","star":5,"lev":1,"vip_lev":0,"expend":[],"attr":[],"mvp_res":10035,"skin_id":0},
	"110506":{"id":110506,"partner_id":10506,"ico_id":"H30071","name":"派西斯","star":5,"lev":1,"vip_lev":0,"expend":[],"attr":[],"mvp_res":10045,"skin_id":0},
	"110507":{"id":110507,"partner_id":10507,"ico_id":"H30079","name":"少年梅林","star":5,"lev":1,"vip_lev":0,"expend":[],"attr":[],"mvp_res":10030,"skin_id":0},
	"110508":{"id":110508,"partner_id":10508,"ico_id":"H30083","name":"海宁芙","star":5,"lev":1,"vip_lev":0,"expend":[],"attr":[],"mvp_res":10072,"skin_id":0},
	"110509":{"id":110509,"partner_id":10509,"ico_id":"H30053","name":"阿瑞斯","star":5,"lev":1,"vip_lev":0,"expend":[],"attr":[],"mvp_res":10040,"skin_id":0},
	"110510":{"id":110510,"partner_id":10510,"ico_id":"H30097","name":"耶梦加得","star":5,"lev":1,"vip_lev":0,"expend":[],"attr":[],"mvp_res":10089,"skin_id":0},
	"210501":{"id":210501,"partner_id":10501,"ico_id":"H31015","name":"娜迦公主","star":6,"lev":1,"vip_lev":0,"expend":[],"attr":[],"mvp_res":10018,"skin_id":0},
	"210502":{"id":210502,"partner_id":10502,"ico_id":"H31072","name":"冰雪女王","star":6,"lev":1,"vip_lev":0,"expend":[],"attr":[],"mvp_res":10036,"skin_id":0},
	"210503":{"id":210503,"partner_id":10503,"ico_id":"H32021","name":"冰霜巨龙","star":6,"lev":1,"vip_lev":0,"expend":[],"attr":[],"mvp_res":10037,"skin_id":0},
	"210504":{"id":210504,"partner_id":10504,"ico_id":"H31080","name":"泰坦","star":6,"lev":1,"vip_lev":0,"expend":[],"attr":[],"mvp_res":10083,"skin_id":0},
	"210505":{"id":210505,"partner_id":10505,"ico_id":"H31065","name":"波塞冬","star":6,"lev":1,"vip_lev":0,"expend":[],"attr":[],"mvp_res":10035,"skin_id":0},
	"210506":{"id":210506,"partner_id":10506,"ico_id":"H31071","name":"派西斯","star":6,"lev":1,"vip_lev":0,"expend":[],"attr":[],"mvp_res":10045,"skin_id":0},
	"210507":{"id":210507,"partner_id":10507,"ico_id":"H31079","name":"少年梅林","star":6,"lev":1,"vip_lev":0,"expend":[],"attr":[],"mvp_res":10030,"skin_id":0},
	"210508":{"id":210508,"partner_id":10508,"ico_id":"H31083","name":"海宁芙","star":6,"lev":1,"vip_lev":0,"expend":[],"attr":[],"mvp_res":10072,"skin_id":0},
	"210509":{"id":210509,"partner_id":10509,"ico_id":"H31053","name":"阿瑞斯","star":6,"lev":1,"vip_lev":0,"expend":[],"attr":[],"mvp_res":10040,"skin_id":0},
	"210510":{"id":210510,"partner_id":10510,"ico_id":"H31097","name":"耶梦加得","star":6,"lev":1,"vip_lev":0,"expend":[],"attr":[],"mvp_res":10089,"skin_id":0},
	"310501":{"id":310501,"partner_id":10501,"ico_id":"H32015","name":"娜迦公主","star":10,"lev":1,"vip_lev":0,"expend":[],"attr":[],"mvp_res":10018,"skin_id":0},
	"310502":{"id":310502,"partner_id":10502,"ico_id":"H32072","name":"冰雪女王","star":10,"lev":1,"vip_lev":0,"expend":[],"attr":[],"mvp_res":10036,"skin_id":0},
	"310503":{"id":310503,"partner_id":10503,"ico_id":"H32021","name":"冰霜巨龙","star":10,"lev":1,"vip_lev":0,"expend":[],"attr":[],"mvp_res":10037,"skin_id":0},
	"310504":{"id":310504,"partner_id":10504,"ico_id":"H32080","name":"泰坦","star":10,"lev":1,"vip_lev":0,"expend":[],"attr":[],"mvp_res":10083,"skin_id":0},
	"310505":{"id":310505,"partner_id":10505,"ico_id":"H32065","name":"波塞冬","star":10,"lev":1,"vip_lev":0,"expend":[],"attr":[],"mvp_res":10035,"skin_id":0},
	"310507":{"id":310507,"partner_id":10507,"ico_id":"H32079","name":"少年梅林","star":10,"lev":1,"vip_lev":0,"expend":[],"attr":[],"mvp_res":10030,"skin_id":0},
	"310510":{"id":310510,"partner_id":10510,"ico_id":"H32097","name":"耶梦加得","star":10,"lev":1,"vip_lev":0,"expend":[],"attr":[],"mvp_res":10089,"skin_id":0},
	"120101":{"id":120101,"partner_id":20101,"ico_id":"H30022","name":"地狱犬","star":1,"lev":1,"vip_lev":0,"expend":[],"attr":[],"mvp_res":10058,"skin_id":0},
	"120201":{"id":120201,"partner_id":20201,"ico_id":"H30066","name":"死灵巫师","star":2,"lev":1,"vip_lev":0,"expend":[],"attr":[],"mvp_res":10013,"skin_id":0},
	"120202":{"id":120202,"partner_id":20202,"ico_id":"H30088","name":"精灵希尔","star":2,"lev":1,"vip_lev":0,"expend":[],"attr":[],"mvp_res":10051,"skin_id":0},
	"120301":{"id":120301,"partner_id":20301,"ico_id":"H30006","name":"邪狼·加鲁鲁","star":3,"lev":1,"vip_lev":0,"expend":[],"attr":[],"mvp_res":10047,"skin_id":0},
	"120302":{"id":120302,"partner_id":20302,"ico_id":"H30007","name":"末日守卫","star":3,"lev":1,"vip_lev":0,"expend":[],"attr":[],"mvp_res":10049,"skin_id":0},
	"120303":{"id":120303,"partner_id":20303,"ico_id":"H30014","name":"吉尔伽美什","star":3,"lev":1,"vip_lev":0,"expend":[],"attr":[],"mvp_res":10056,"skin_id":0},
	"120304":{"id":120304,"partner_id":20304,"ico_id":"H30028","name":"地狱火","star":3,"lev":1,"vip_lev":0,"expend":[],"attr":[],"mvp_res":10065,"skin_id":0},
	"120305":{"id":120305,"partner_id":20305,"ico_id":"H30049","name":"奥杜尔·铜须","star":3,"lev":1,"vip_lev":0,"expend":[],"attr":[],"mvp_res":10087,"skin_id":0},
	"120401":{"id":120401,"partner_id":20401,"ico_id":"H30020","name":"火枪艾克","star":4,"lev":1,"vip_lev":0,"expend":[],"attr":[],"mvp_res":10005,"skin_id":0},
	"120402":{"id":120402,"partner_id":20402,"ico_id":"H30069","name":"凯瑟琳","star":4,"lev":1,"vip_lev":0,"expend":[],"attr":[],"mvp_res":10023,"skin_id":0},
	"120403":{"id":120403,"partner_id":20403,"ico_id":"H30082","name":"阿伽门农","star":4,"lev":1,"vip_lev":0,"expend":[],"attr":[],"mvp_res":10048,"skin_id":0},
	"120404":{"id":120404,"partner_id":20404,"ico_id":"H30087","name":"雷诺蛮锤","star":4,"lev":1,"vip_lev":0,"expend":[],"attr":[],"mvp_res":10074,"skin_id":0},
	"120405":{"id":120405,"partner_id":20405,"ico_id":"H30045","name":"翼女","star":4,"lev":1,"vip_lev":0,"expend":[],"attr":[],"mvp_res":10007,"skin_id":0},
	"120501":{"id":120501,"partner_id":20501,"ico_id":"H30062","name":"炽天使","star":5,"lev":1,"vip_lev":0,"expend":[],"attr":[],"mvp_res":10034,"skin_id":0},
	"120502":{"id":120502,"partner_id":20502,"ico_id":"H30061","name":"炎魔之王","star":5,"lev":1,"vip_lev":0,"expend":[],"attr":[],"mvp_res":10008,"skin_id":0},
	"120503":{"id":120503,"partner_id":20503,"ico_id":"H30050","name":"剑豪卡赞","star":5,"lev":1,"vip_lev":0,"expend":[],"attr":[],"mvp_res":10025,"skin_id":0},
	"120504":{"id":120504,"partner_id":20504,"ico_id":"H30019","name":"菲尼克斯","star":5,"lev":1,"vip_lev":0,"expend":[],"attr":[],"mvp_res":10032,"skin_id":0},
	"120505":{"id":120505,"partner_id":20505,"ico_id":"H30078","name":"阿波罗","star":5,"lev":1,"vip_lev":0,"expend":[],"attr":[],"mvp_res":10041,"skin_id":0},
	"120506":{"id":120506,"partner_id":20506,"ico_id":"H30060","name":"吸血伯爵","star":5,"lev":1,"vip_lev":0,"expend":[],"attr":[],"mvp_res":10011,"skin_id":0},
	"120507":{"id":120507,"partner_id":20507,"ico_id":"H30092","name":"普罗米修斯","star":5,"lev":1,"vip_lev":0,"expend":[],"attr":[],"mvp_res":10078,"skin_id":0},
	"120508":{"id":120508,"partner_id":20508,"ico_id":"H30093","name":"瓦尔基里","star":5,"lev":1,"vip_lev":0,"expend":[],"attr":[],"mvp_res":10084,"skin_id":0},
	"120509":{"id":120509,"partner_id":20509,"ico_id":"H30096","name":"洛基","star":5,"lev":1,"vip_lev":0,"expend":[],"attr":[],"mvp_res":10088,"skin_id":0},
	"220501":{"id":220501,"partner_id":20501,"ico_id":"H31062","name":"炽天使","star":6,"lev":1,"vip_lev":0,"expend":[],"attr":[],"mvp_res":10034,"skin_id":0},
	"220502":{"id":220502,"partner_id":20502,"ico_id":"H31061","name":"炎魔之王","star":6,"lev":1,"vip_lev":0,"expend":[],"attr":[],"mvp_res":10008,"skin_id":0},
	"220503":{"id":220503,"partner_id":20503,"ico_id":"H31050","name":"剑豪卡赞","star":6,"lev":1,"vip_lev":0,"expend":[],"attr":[],"mvp_res":10025,"skin_id":0},
	"220504":{"id":220504,"partner_id":20504,"ico_id":"H31019","name":"菲尼克斯","star":6,"lev":1,"vip_lev":0,"expend":[],"attr":[],"mvp_res":10032,"skin_id":0},
	"220505":{"id":220505,"partner_id":20505,"ico_id":"H31078","name":"阿波罗","star":6,"lev":1,"vip_lev":0,"expend":[],"attr":[],"mvp_res":10041,"skin_id":0},
	"220506":{"id":220506,"partner_id":20506,"ico_id":"H31060","name":"吸血伯爵","star":6,"lev":1,"vip_lev":0,"expend":[],"attr":[],"mvp_res":10011,"skin_id":0},
	"220507":{"id":220507,"partner_id":20507,"ico_id":"H31092","name":"普罗米修斯","star":6,"lev":1,"vip_lev":0,"expend":[],"attr":[],"mvp_res":10078,"skin_id":0},
	"220508":{"id":220508,"partner_id":20508,"ico_id":"H31093","name":"瓦尔基里","star":6,"lev":1,"vip_lev":0,"expend":[],"attr":[],"mvp_res":10084,"skin_id":0},
	"220509":{"id":220509,"partner_id":20509,"ico_id":"H31096","name":"洛基","star":6,"lev":1,"vip_lev":0,"expend":[],"attr":[],"mvp_res":10088,"skin_id":0},
	"320501":{"id":320501,"partner_id":20501,"ico_id":"H32062","name":"炽天使","star":10,"lev":1,"vip_lev":0,"expend":[],"attr":[],"mvp_res":10034,"skin_id":0},
	"320502":{"id":320502,"partner_id":20502,"ico_id":"H32061","name":"炎魔之王","star":10,"lev":1,"vip_lev":0,"expend":[],"attr":[],"mvp_res":10008,"skin_id":0},
	"320504":{"id":320504,"partner_id":20504,"ico_id":"H32019","name":"菲尼克斯","star":10,"lev":1,"vip_lev":0,"expend":[],"attr":[],"mvp_res":10032,"skin_id":0},
	"320505":{"id":320505,"partner_id":20505,"ico_id":"H32078","name":"阿波罗","star":10,"lev":1,"vip_lev":0,"expend":[],"attr":[],"mvp_res":10041,"skin_id":0},
	"320507":{"id":320507,"partner_id":20507,"ico_id":"H32092","name":"普罗米修斯","star":10,"lev":1,"vip_lev":0,"expend":[],"attr":[],"mvp_res":10078,"skin_id":0},
	"320508":{"id":320508,"partner_id":20508,"ico_id":"H32093","name":"瓦尔基里","star":10,"lev":1,"vip_lev":0,"expend":[],"attr":[],"mvp_res":10084,"skin_id":0},
	"320509":{"id":320509,"partner_id":20509,"ico_id":"H32096","name":"洛基","star":10,"lev":1,"vip_lev":0,"expend":[],"attr":[],"mvp_res":10088,"skin_id":0},
	"130101":{"id":130101,"partner_id":30101,"ico_id":"H30086","name":"树精灵","star":1,"lev":1,"vip_lev":0,"expend":[],"attr":[],"mvp_res":10055,"skin_id":0},
	"130201":{"id":130201,"partner_id":30201,"ico_id":"H30068","name":"花精灵","star":2,"lev":1,"vip_lev":0,"expend":[],"attr":[],"mvp_res":10026,"skin_id":0},
	"130202":{"id":130202,"partner_id":30202,"ico_id":"H30025","name":"精灵射手","star":2,"lev":1,"vip_lev":0,"expend":[],"attr":[],"mvp_res":10057,"skin_id":0},
	"130301":{"id":130301,"partner_id":30301,"ico_id":"H30008","name":"树人","star":3,"lev":1,"vip_lev":0,"expend":[],"attr":[],"mvp_res":10062,"skin_id":0},
	"130302":{"id":130302,"partner_id":30302,"ico_id":"H30032","name":"风暴猎手","star":3,"lev":1,"vip_lev":0,"expend":[],"attr":[],"mvp_res":10053,"skin_id":0},
	"130303":{"id":130303,"partner_id":30303,"ico_id":"H30034","name":"雷霆狮鹫","star":3,"lev":1,"vip_lev":0,"expend":[],"attr":[],"mvp_res":10016,"skin_id":0},
	"130304":{"id":130304,"partner_id":30304,"ico_id":"H30037","name":"岩灵","star":3,"lev":1,"vip_lev":0,"expend":[],"attr":[],"mvp_res":10009,"skin_id":0},
	"130305":{"id":130305,"partner_id":30305,"ico_id":"H30047","name":"游侠射手","star":3,"lev":1,"vip_lev":0,"expend":[],"attr":[],"mvp_res":10004,"skin_id":0},
	"130401":{"id":130401,"partner_id":30401,"ico_id":"H30042","name":"吟游诗人","star":4,"lev":1,"vip_lev":0,"expend":[],"attr":[],"mvp_res":10006,"skin_id":0},
	"130402":{"id":130402,"partner_id":30402,"ico_id":"H30036","name":"亡灵收割者","star":4,"lev":1,"vip_lev":0,"expend":[],"attr":[],"mvp_res":10012,"skin_id":0},
	"130403":{"id":130403,"partner_id":30403,"ico_id":"H30004","name":"圣锤提尔","star":4,"lev":1,"vip_lev":0,"expend":[],"attr":[],"mvp_res":10022,"skin_id":0},
	"130404":{"id":130404,"partner_id":30404,"ico_id":"H30016","name":"甘道夫","star":4,"lev":1,"vip_lev":0,"expend":[],"attr":[],"mvp_res":10070,"skin_id":0},
	"130405":{"id":130405,"partner_id":30405,"ico_id":"H30017","name":"德鲁伊","star":4,"lev":1,"vip_lev":0,"expend":[],"attr":[],"mvp_res":10033,"skin_id":0},
	"130499":{"id":130499,"partner_id":30402,"ico_id":"H30036","name":"亡灵收割者","star":5,"lev":1,"vip_lev":0,"expend":[],"attr":[],"mvp_res":10012,"skin_id":0},
	"130501":{"id":130501,"partner_id":30501,"ico_id":"H30064","name":"奥丁","star":5,"lev":1,"vip_lev":0,"expend":[],"attr":[],"mvp_res":10039,"skin_id":0},
	"130502":{"id":130502,"partner_id":30502,"ico_id":"H30056","name":"影刹","star":5,"lev":1,"vip_lev":0,"expend":[],"attr":[],"mvp_res":10086,"skin_id":0},
	"130503":{"id":130503,"partner_id":30503,"ico_id":"H30051","name":"凯兰崔尔","star":5,"lev":1,"vip_lev":0,"expend":[],"attr":[],"mvp_res":10024,"skin_id":0},
	"130504":{"id":130504,"partner_id":30504,"ico_id":"H30010","name":"魅魔女王","star":5,"lev":1,"vip_lev":0,"expend":[],"attr":[],"mvp_res":10019,"skin_id":0},
	"130505":{"id":130505,"partner_id":30505,"ico_id":"H30085","name":"美杜莎","star":5,"lev":1,"vip_lev":0,"expend":[],"attr":[],"mvp_res":10059,"skin_id":0},
	"130506":{"id":130506,"partner_id":30506,"ico_id":"H30058","name":"雅典娜","star":5,"lev":1,"vip_lev":0,"expend":[],"attr":[],"mvp_res":10010,"skin_id":0},
	"130507":{"id":130507,"partner_id":30507,"ico_id":"H30094","name":"潘","star":5,"lev":1,"vip_lev":0,"expend":[],"attr":[],"mvp_res":10076,"skin_id":0},
	"130508":{"id":130508,"partner_id":30508,"ico_id":"H30095","name":"斯芬克斯","star":5,"lev":1,"vip_lev":0,"expend":[],"attr":[],"mvp_res":10081,"skin_id":0},
	"130599":{"id":130599,"partner_id":30402,"ico_id":"H30036","name":"亡灵收割者","star":6,"lev":1,"vip_lev":0,"expend":[],"attr":[],"mvp_res":10012,"skin_id":0},
	"230501":{"id":230501,"partner_id":30501,"ico_id":"H31064","name":"奥丁","star":6,"lev":1,"vip_lev":0,"expend":[],"attr":[],"mvp_res":10039,"skin_id":0},
	"230502":{"id":230502,"partner_id":30502,"ico_id":"H31056","name":"影刹","star":6,"lev":1,"vip_lev":0,"expend":[],"attr":[],"mvp_res":10086,"skin_id":0},
	"230503":{"id":230503,"partner_id":30503,"ico_id":"H31051","name":"凯兰崔尔","star":6,"lev":1,"vip_lev":0,"expend":[],"attr":[],"mvp_res":10024,"skin_id":0},
	"230504":{"id":230504,"partner_id":30504,"ico_id":"H31010","name":"魅魔女王","star":6,"lev":1,"vip_lev":0,"expend":[],"attr":[],"mvp_res":10019,"skin_id":0},
	"230505":{"id":230505,"partner_id":30505,"ico_id":"H31085","name":"美杜莎","star":6,"lev":1,"vip_lev":0,"expend":[],"attr":[],"mvp_res":10059,"skin_id":0},
	"230506":{"id":230506,"partner_id":30506,"ico_id":"H31058","name":"雅典娜","star":6,"lev":1,"vip_lev":0,"expend":[],"attr":[],"mvp_res":10010,"skin_id":0},
	"230507":{"id":230507,"partner_id":30507,"ico_id":"H31094","name":"潘","star":6,"lev":1,"vip_lev":0,"expend":[],"attr":[],"mvp_res":10076,"skin_id":0},
	"230508":{"id":230508,"partner_id":30508,"ico_id":"H31095","name":"斯芬克斯","star":6,"lev":1,"vip_lev":0,"expend":[],"attr":[],"mvp_res":10081,"skin_id":0},
	"330501":{"id":330501,"partner_id":30501,"ico_id":"H32064","name":"奥丁","star":10,"lev":1,"vip_lev":0,"expend":[],"attr":[],"mvp_res":10039,"skin_id":0},
	"330502":{"id":330502,"partner_id":30502,"ico_id":"H32056","name":"影刹","star":10,"lev":1,"vip_lev":0,"expend":[],"attr":[],"mvp_res":10086,"skin_id":0},
	"330504":{"id":330504,"partner_id":30504,"ico_id":"H32010","name":"魅魔女王","star":10,"lev":1,"vip_lev":0,"expend":[],"attr":[],"mvp_res":10019,"skin_id":0},
	"330506":{"id":330506,"partner_id":30506,"ico_id":"H32058","name":"雅典娜","star":10,"lev":1,"vip_lev":0,"expend":[],"attr":[],"mvp_res":10010,"skin_id":0},
	"330507":{"id":330507,"partner_id":30507,"ico_id":"H32094","name":"潘","star":10,"lev":1,"vip_lev":0,"expend":[],"attr":[],"mvp_res":10076,"skin_id":0},
	"330508":{"id":330508,"partner_id":30508,"ico_id":"H32095","name":"斯芬克斯","star":10,"lev":1,"vip_lev":0,"expend":[],"attr":[],"mvp_res":10081,"skin_id":0},
	"140301":{"id":140301,"partner_id":40301,"ico_id":"H30089","name":"光之苏尔","star":3,"lev":1,"vip_lev":0,"expend":[],"attr":[],"mvp_res":10071,"skin_id":0},
	"140401":{"id":140401,"partner_id":40401,"ico_id":"H30048","name":"光明牧师","star":4,"lev":1,"vip_lev":0,"expend":[],"attr":[],"mvp_res":10029,"skin_id":0},
	"140402":{"id":140402,"partner_id":40402,"ico_id":"H30027","name":"月之祭司","star":4,"lev":1,"vip_lev":0,"expend":[],"attr":[],"mvp_res":10003,"skin_id":0},
	"140403":{"id":140403,"partner_id":40403,"ico_id":"H30003","name":"精灵王子","star":4,"lev":1,"vip_lev":0,"expend":[],"attr":[],"mvp_res":10000,"skin_id":0},
	"140404":{"id":140404,"partner_id":40404,"ico_id":"H30076","name":"丘比特","star":4,"lev":1,"vip_lev":0,"expend":[],"attr":[],"mvp_res":10079,"skin_id":0},
	"140501":{"id":140501,"partner_id":40501,"ico_id":"H30075","name":"伊西斯","star":5,"lev":1,"vip_lev":0,"expend":[],"attr":[],"mvp_res":10038,"skin_id":0},
	"140502":{"id":140502,"partner_id":40502,"ico_id":"H30031","name":"宙斯","star":5,"lev":1,"vip_lev":0,"expend":[],"attr":[],"mvp_res":10001,"skin_id":0},
	"140503":{"id":140503,"partner_id":40503,"ico_id":"H30074","name":"赫拉","star":5,"lev":1,"vip_lev":0,"expend":[],"attr":[],"mvp_res":10027,"skin_id":0},
	"140504":{"id":140504,"partner_id":40504,"ico_id":"H30077","name":"雷神","star":5,"lev":1,"vip_lev":0,"expend":[],"attr":[],"mvp_res":10075,"skin_id":0},
	"140505":{"id":140505,"partner_id":40505,"ico_id":"H30052","name":"盖亚","star":5,"lev":1,"vip_lev":0,"expend":[],"attr":[],"mvp_res":10031,"skin_id":0},
	"140506":{"id":140506,"partner_id":40506,"ico_id":"H30026","name":"艾蕾莉亚","star":5,"lev":1,"vip_lev":0,"expend":[],"attr":[],"mvp_res":10068,"skin_id":0},
	"140507":{"id":140507,"partner_id":40507,"ico_id":"H30090","name":"神灵大祭司","star":5,"lev":1,"vip_lev":0,"expend":[],"attr":[],"mvp_res":10080,"skin_id":0},
	"240501":{"id":240501,"partner_id":40501,"ico_id":"H31075","name":"伊西斯","star":6,"lev":1,"vip_lev":0,"expend":[],"attr":[],"mvp_res":10038,"skin_id":0},
	"240502":{"id":240502,"partner_id":40502,"ico_id":"H31031","name":"宙斯","star":6,"lev":1,"vip_lev":0,"expend":[],"attr":[],"mvp_res":10001,"skin_id":0},
	"240503":{"id":240503,"partner_id":40503,"ico_id":"H31074","name":"赫拉","star":6,"lev":1,"vip_lev":0,"expend":[],"attr":[],"mvp_res":10027,"skin_id":0},
	"240504":{"id":240504,"partner_id":40504,"ico_id":"H31077","name":"雷神","star":6,"lev":1,"vip_lev":0,"expend":[],"attr":[],"mvp_res":10075,"skin_id":0},
	"240505":{"id":240505,"partner_id":40505,"ico_id":"H31052","name":"盖亚","star":6,"lev":1,"vip_lev":0,"expend":[],"attr":[],"mvp_res":10031,"skin_id":0},
	"240506":{"id":240506,"partner_id":40506,"ico_id":"H31026","name":"艾蕾莉亚","star":6,"lev":1,"vip_lev":0,"expend":[],"attr":[],"mvp_res":10068,"skin_id":0},
	"240507":{"id":240507,"partner_id":40507,"ico_id":"H31090","name":"神灵大祭司","star":6,"lev":1,"vip_lev":0,"expend":[],"attr":[],"mvp_res":10080,"skin_id":0},
	"340502":{"id":340502,"partner_id":40502,"ico_id":"H32031","name":"宙斯","star":10,"lev":1,"vip_lev":0,"expend":[],"attr":[],"mvp_res":10001,"skin_id":0},
	"340503":{"id":340503,"partner_id":40503,"ico_id":"H32074","name":"赫拉","star":10,"lev":1,"vip_lev":0,"expend":[],"attr":[],"mvp_res":10027,"skin_id":0},
	"340504":{"id":340504,"partner_id":40504,"ico_id":"H32077","name":"雷神","star":10,"lev":1,"vip_lev":0,"expend":[],"attr":[],"mvp_res":10075,"skin_id":0},
	"340506":{"id":340506,"partner_id":40506,"ico_id":"H32026","name":"艾蕾莉亚","star":10,"lev":1,"vip_lev":0,"expend":[],"attr":[],"mvp_res":10068,"skin_id":0},
	"340507":{"id":340507,"partner_id":40507,"ico_id":"H32090","name":"神灵大祭司","star":10,"lev":1,"vip_lev":0,"expend":[],"attr":[],"mvp_res":10080,"skin_id":0},
	"150301":{"id":150301,"partner_id":50301,"ico_id":"H30011","name":"巨魔巫医","star":3,"lev":1,"vip_lev":0,"expend":[],"attr":[],"mvp_res":10073,"skin_id":0},
	"150401":{"id":150401,"partner_id":50401,"ico_id":"H30081","name":"毒咒女巫","star":4,"lev":1,"vip_lev":0,"expend":[],"attr":[],"mvp_res":10077,"skin_id":0},
	"150402":{"id":150402,"partner_id":50402,"ico_id":"H30002","name":"死亡骑士","star":4,"lev":1,"vip_lev":0,"expend":[],"attr":[],"mvp_res":10082,"skin_id":0},
	"150403":{"id":150403,"partner_id":50403,"ico_id":"H30073","name":"阿喀琉斯","star":4,"lev":1,"vip_lev":0,"expend":[],"attr":[],"mvp_res":10066,"skin_id":0},
	"150404":{"id":150404,"partner_id":50404,"ico_id":"H30013","name":"黑精灵密言","star":4,"lev":1,"vip_lev":0,"expend":[],"attr":[],"mvp_res":10050,"skin_id":0},
	"150501":{"id":150501,"partner_id":50501,"ico_id":"H30041","name":"蛇女墨莎","star":5,"lev":1,"vip_lev":0,"expend":[],"attr":[],"mvp_res":10020,"skin_id":0},
	"150502":{"id":150502,"partner_id":50502,"ico_id":"H30040","name":"哈迪斯","star":5,"lev":1,"vip_lev":0,"expend":[],"attr":[],"mvp_res":10028,"skin_id":0},
	"150503":{"id":150503,"partner_id":50503,"ico_id":"H30046","name":"亚巴顿","star":5,"lev":1,"vip_lev":0,"expend":[],"attr":[],"mvp_res":10085,"skin_id":0},
	"150504":{"id":150504,"partner_id":50504,"ico_id":"H30059","name":"黑暗之主","star":5,"lev":1,"vip_lev":0,"expend":[],"attr":[],"mvp_res":10044,"skin_id":0},
	"150505":{"id":150505,"partner_id":50505,"ico_id":"H30054","name":"阿努比斯","star":5,"lev":1,"vip_lev":0,"expend":[],"attr":[],"mvp_res":10067,"skin_id":0},
	"150506":{"id":150506,"partner_id":50506,"ico_id":"H30063","name":"路西法","star":5,"lev":1,"vip_lev":0,"expend":[],"attr":[],"mvp_res":10021,"skin_id":0},
	"150507":{"id":150507,"partner_id":50507,"ico_id":"H30091","name":"潘多拉","star":5,"lev":1,"vip_lev":0,"expend":[],"attr":[],"mvp_res":10069,"skin_id":0},
	"250501":{"id":250501,"partner_id":50501,"ico_id":"H31041","name":"蛇女墨莎","star":6,"lev":1,"vip_lev":0,"expend":[],"attr":[],"mvp_res":10020,"skin_id":0},
	"250502":{"id":250502,"partner_id":50502,"ico_id":"H31040","name":"哈迪斯","star":6,"lev":1,"vip_lev":0,"expend":[],"attr":[],"mvp_res":10028,"skin_id":0},
	"250503":{"id":250503,"partner_id":50503,"ico_id":"H31046","name":"亚巴顿","star":6,"lev":1,"vip_lev":0,"expend":[],"attr":[],"mvp_res":10085,"skin_id":0},
	"250504":{"id":250504,"partner_id":50504,"ico_id":"H31059","name":"黑暗之主","star":6,"lev":1,"vip_lev":0,"expend":[],"attr":[],"mvp_res":10044,"skin_id":0},
	"250505":{"id":250505,"partner_id":50505,"ico_id":"H31054","name":"阿努比斯","star":6,"lev":1,"vip_lev":0,"expend":[],"attr":[],"mvp_res":10067,"skin_id":0},
	"250506":{"id":250506,"partner_id":50506,"ico_id":"H31063","name":"路西法","star":6,"lev":1,"vip_lev":0,"expend":[],"attr":[],"mvp_res":10021,"skin_id":0},
	"250507":{"id":250507,"partner_id":50507,"ico_id":"H31091","name":"潘多拉","star":6,"lev":1,"vip_lev":0,"expend":[],"attr":[],"mvp_res":10069,"skin_id":0},
	"350502":{"id":350502,"partner_id":50502,"ico_id":"H32040","name":"哈迪斯","star":10,"lev":1,"vip_lev":0,"expend":[],"attr":[],"mvp_res":10028,"skin_id":0},
	"350503":{"id":350503,"partner_id":50503,"ico_id":"H32046","name":"亚巴顿","star":10,"lev":1,"vip_lev":0,"expend":[],"attr":[],"mvp_res":10085,"skin_id":0},
	"350504":{"id":350504,"partner_id":50504,"ico_id":"H32059","name":"黑暗之主","star":10,"lev":1,"vip_lev":0,"expend":[],"attr":[],"mvp_res":10044,"skin_id":0},
	"350505":{"id":350505,"partner_id":50505,"ico_id":"H32054","name":"阿努比斯","star":10,"lev":1,"vip_lev":0,"expend":[],"attr":[],"mvp_res":10067,"skin_id":0},
	"350507":{"id":350507,"partner_id":50507,"ico_id":"H32091","name":"潘多拉","star":10,"lev":1,"vip_lev":0,"expend":[],"attr":[],"mvp_res":10069,"skin_id":0},
	"500001":{"id":500001,"partner_id":30508,"ico_id":"H50000","name":"水色悠梦","star":0,"lev":1,"vip_lev":0,"expend":[],"attr":[["atk_per",20],["hp_max_per",20],["crit_rate",20]],"mvp_res":2001,"skin_id":101},
	"500002":{"id":500002,"partner_id":30508,"ico_id":"H50000","name":"水色悠梦","star":10,"lev":1,"vip_lev":0,"expend":[],"attr":[["atk_per",20],["hp_max_per",20],["crit_rate",20]],"mvp_res":2001,"skin_id":101},
	"500011":{"id":500011,"partner_id":40507,"ico_id":"H50001","name":"如梦令","star":0,"lev":1,"vip_lev":0,"expend":[],"attr":[["atk_per",20],["hp_max_per",20],["cure",30]],"mvp_res":2002,"skin_id":102},
	"500012":{"id":500012,"partner_id":40507,"ico_id":"H50001","name":"如梦令","star":10,"lev":1,"vip_lev":0,"expend":[],"attr":[["atk_per",20],["hp_max_per",20],["cure",30]],"mvp_res":2002,"skin_id":102}
},
"data_head_data_length" : 94,
"data_head_data" : {
	"1001":{"id":1001,"head_type":2,"tips":"达到Vip4可激活"},
	"1002":{"id":1002,"head_type":2,"tips":"达到Vip7可激活"},
	"2001":{"id":2001,"head_type":1,"tips":"获得皮肤水色悠梦可解锁"},
	"2002":{"id":2002,"head_type":1,"tips":"获得皮肤如梦令可解锁"},
	"10101":{"id":10101,"head_type":1,"tips":"获得莉莉丝可解锁"},
	"10201":{"id":10201,"head_type":1,"tips":"获得巫女可解锁"},
	"10202":{"id":10202,"head_type":1,"tips":"获得兽族步兵可解锁"},
	"10301":{"id":10301,"head_type":1,"tips":"获得魔法女学徒可解锁"},
	"10302":{"id":10302,"head_type":1,"tips":"获得美狄亚可解锁"},
	"10303":{"id":10303,"head_type":1,"tips":"获得破坏者可解锁"},
	"10304":{"id":10304,"head_type":1,"tips":"获得埃恩德隆可解锁"},
	"10305":{"id":10305,"head_type":1,"tips":"获得月之骑士可解锁"},
	"10401":{"id":10401,"head_type":1,"tips":"获得亚瑟可解锁"},
	"10402":{"id":10402,"head_type":1,"tips":"获得竖琴海妖可解锁"},
	"10403":{"id":10403,"head_type":1,"tips":"获得水元素可解锁"},
	"10404":{"id":10404,"head_type":1,"tips":"获得冰晶魔法师可解锁"},
	"10405":{"id":10405,"head_type":1,"tips":"获得娜迦侍女可解锁"},
	"10501":{"id":10501,"head_type":1,"tips":"获得娜迦公主可解锁"},
	"10502":{"id":10502,"head_type":1,"tips":"获得冰雪女王可解锁"},
	"10503":{"id":10503,"head_type":1,"tips":"获得冰霜巨龙可解锁"},
	"10504":{"id":10504,"head_type":1,"tips":"获得泰坦可解锁"},
	"10505":{"id":10505,"head_type":1,"tips":"获得波塞冬可解锁"},
	"10506":{"id":10506,"head_type":1,"tips":"获得派西斯可解锁"},
	"10507":{"id":10507,"head_type":1,"tips":"获得少年梅林可解锁"},
	"10508":{"id":10508,"head_type":1,"tips":"获得海宁芙可解锁"},
	"10509":{"id":10509,"head_type":1,"tips":"获得阿瑞斯可解锁"},
	"10510":{"id":10510,"head_type":1,"tips":"获得耶梦加得可解锁"},
	"20101":{"id":20101,"head_type":1,"tips":"获得地狱犬可解锁"},
	"20201":{"id":20201,"head_type":1,"tips":"获得死灵巫师可解锁"},
	"20202":{"id":20202,"head_type":1,"tips":"获得精灵希尔可解锁"},
	"20301":{"id":20301,"head_type":1,"tips":"获得邪狼·加鲁鲁可解锁"},
	"20302":{"id":20302,"head_type":1,"tips":"获得末日守卫可解锁"},
	"20303":{"id":20303,"head_type":1,"tips":"获得吉尔伽美什可解锁"},
	"20304":{"id":20304,"head_type":1,"tips":"获得地狱火可解锁"},
	"20305":{"id":20305,"head_type":1,"tips":"获得奥杜尔·铜须可解锁"},
	"20401":{"id":20401,"head_type":1,"tips":"获得火枪艾克可解锁"},
	"20402":{"id":20402,"head_type":1,"tips":"获得凯瑟琳可解锁"},
	"20403":{"id":20403,"head_type":1,"tips":"获得阿伽门农可解锁"},
	"20404":{"id":20404,"head_type":1,"tips":"获得雷诺·蛮锤可解锁"},
	"20405":{"id":20405,"head_type":1,"tips":"获得翼女可解锁"},
	"20501":{"id":20501,"head_type":1,"tips":"获得炽天使可解锁"},
	"20502":{"id":20502,"head_type":1,"tips":"获得炎魔之王可解锁"},
	"20503":{"id":20503,"head_type":1,"tips":"获得剑豪卡赞可解锁"},
	"20504":{"id":20504,"head_type":1,"tips":"获得菲尼克斯可解锁"},
	"20505":{"id":20505,"head_type":1,"tips":"获得阿波罗可解锁"},
	"20506":{"id":20506,"head_type":1,"tips":"获得吸血伯爵可解锁"},
	"20507":{"id":20507,"head_type":1,"tips":"获得普罗米修斯可解锁"},
	"20508":{"id":20508,"head_type":1,"tips":"获得瓦尔基里可解锁"},
	"20509":{"id":20509,"head_type":1,"tips":"获得洛基可解锁"},
	"30101":{"id":30101,"head_type":1,"tips":"获得树精灵可解锁"},
	"30201":{"id":30201,"head_type":1,"tips":"获得花精灵可解锁"},
	"30202":{"id":30202,"head_type":1,"tips":"获得精灵射手可解锁"},
	"30301":{"id":30301,"head_type":1,"tips":"获得树人可解锁"},
	"30302":{"id":30302,"head_type":1,"tips":"获得风暴猎手可解锁"},
	"30303":{"id":30303,"head_type":1,"tips":"获得雷霆狮鹫可解锁"},
	"30304":{"id":30304,"head_type":1,"tips":"获得岩灵可解锁"},
	"30305":{"id":30305,"head_type":1,"tips":"获得游侠射手可解锁"},
	"30401":{"id":30401,"head_type":1,"tips":"获得吟游诗人可解锁"},
	"30402":{"id":30402,"head_type":1,"tips":"获得亡灵收割者可解锁"},
	"30403":{"id":30403,"head_type":1,"tips":"获得圣锤提尔可解锁"},
	"30404":{"id":30404,"head_type":1,"tips":"获得甘道夫可解锁"},
	"30405":{"id":30405,"head_type":1,"tips":"获得德鲁伊可解锁"},
	"30501":{"id":30501,"head_type":1,"tips":"获得奥丁可解锁"},
	"30502":{"id":30502,"head_type":1,"tips":"获得影刹可解锁"},
	"30503":{"id":30503,"head_type":1,"tips":"获得凯兰崔尔可解锁"},
	"30504":{"id":30504,"head_type":1,"tips":"获得魅魔女王可解锁"},
	"30505":{"id":30505,"head_type":1,"tips":"获得美杜莎可解锁"},
	"30506":{"id":30506,"head_type":1,"tips":"获得雅典娜可解锁"},
	"30507":{"id":30507,"head_type":1,"tips":"获得潘可解锁"},
	"30508":{"id":30508,"head_type":1,"tips":"获得斯芬克斯可解锁"},
	"40301":{"id":40301,"head_type":1,"tips":"获得光之苏尔可解锁"},
	"40401":{"id":40401,"head_type":1,"tips":"获得光明牧师可解锁"},
	"40402":{"id":40402,"head_type":1,"tips":"获得月之祭司可解锁"},
	"40403":{"id":40403,"head_type":1,"tips":"获得精灵王子可解锁"},
	"40404":{"id":40404,"head_type":1,"tips":"获得丘比特可解锁"},
	"40501":{"id":40501,"head_type":1,"tips":"获得伊西斯可解锁"},
	"40502":{"id":40502,"head_type":1,"tips":"获得宙斯可解锁"},
	"40503":{"id":40503,"head_type":1,"tips":"获得赫拉可解锁"},
	"40504":{"id":40504,"head_type":1,"tips":"获得雷神可解锁"},
	"40505":{"id":40505,"head_type":1,"tips":"获得盖亚可解锁"},
	"40506":{"id":40506,"head_type":1,"tips":"获得艾蕾莉亚可解锁"},
	"40507":{"id":40507,"head_type":1,"tips":"获得神灵大祭司可解锁"},
	"50301":{"id":50301,"head_type":1,"tips":"获得巨魔巫医可解锁"},
	"50401":{"id":50401,"head_type":1,"tips":"获得毒咒女巫可解锁"},
	"50402":{"id":50402,"head_type":1,"tips":"获得死亡骑士可解锁"},
	"50403":{"id":50403,"head_type":1,"tips":"获得阿喀琉斯可解锁"},
	"50404":{"id":50404,"head_type":1,"tips":"获得黑精灵秘言可解锁"},
	"50501":{"id":50501,"head_type":1,"tips":"获得蛇女墨莎可解锁"},
	"50502":{"id":50502,"head_type":1,"tips":"获得哈迪斯可解锁"},
	"50503":{"id":50503,"head_type":1,"tips":"获得亚巴顿可解锁"},
	"50504":{"id":50504,"head_type":1,"tips":"获得黑暗之主可解锁"},
	"50505":{"id":50505,"head_type":1,"tips":"获得阿努比斯可解锁"},
	"50506":{"id":50506,"head_type":1,"tips":"获得路西法可解锁"},
	"50507":{"id":50507,"head_type":1,"tips":"获得潘多拉可解锁"}
}
}