{"data_task_length" : 36,
"data_task" : {
	"10010":{"id":10010,"items":[[1,30000]],"progress":[{"cli_label":"evt_dungeon_pass","target":10050,"target_val":1,"param":["chapter"]}],"extra":[],"desc":"通关关卡5关","is_show_eff":1,"drama_eff":[["battletopscene","guildsign_battle_boss_btn"],["partnergofight","fight_btn"]],"sort":0},
	"10020":{"id":10020,"items":[[22,10000]],"progress":[{"cli_label":"evt_dungeon_pass","target":10060,"target_val":1,"param":["chapter"]}],"extra":[],"desc":"通关关卡6关","is_show_eff":1,"drama_eff":[["battletopscene","guildsign_battle_boss_btn"],["partnergofight","fight_btn"]],"sort":0},
	"10030":{"id":10030,"items":[[1,30000]],"progress":[{"cli_label":"evt_dungeon_pass","target":10070,"target_val":1,"param":["chapter"]}],"extra":[],"desc":"通关关卡7关","is_show_eff":1,"drama_eff":[["battletopscene","guildsign_battle_boss_btn"],["partnergofight","fight_btn"]],"sort":0},
	"10040":{"id":10040,"items":[[22,10000]],"progress":[{"cli_label":"evt_dungeon_pass","target":10080,"target_val":1,"param":["chapter"]}],"extra":[],"desc":"通关关卡8关","is_show_eff":1,"drama_eff":[["battletopscene","guildsign_battle_boss_btn"],["partnergofight","fight_btn"]],"sort":0},
	"10050":{"id":10050,"items":[[40101,3]],"progress":[{"cli_label":"evt_dungeon_pass","target":10090,"target_val":1,"param":["chapter"]}],"extra":[],"desc":"通关关卡9关","is_show_eff":1,"drama_eff":[["battletopscene","guildsign_battle_boss_btn"],["partnergofight","fight_btn"]],"sort":0},
	"10060":{"id":10060,"items":[[26200,1]],"progress":[{"cli_label":"evt_hallows_activate","target":1,"target_val":1,"param":[]}],"extra":[],"desc":"唤醒神器埃里克血斧","is_show_eff":1,"drama_eff":[],"sort":0},
	"10070":{"id":10070,"items":[[22,10000]],"progress":[{"cli_label":"evt_dungeon_pass","target":10110,"target_val":1,"param":["chapter"]}],"extra":[],"desc":"通关关卡11关","is_show_eff":1,"drama_eff":[["battletopscene","guildsign_battle_boss_btn"],["partnergofight","fight_btn"]],"sort":0},
	"10080":{"id":10080,"items":[[1,30000]],"progress":[{"cli_label":"evt_dungeon_pass","target":10120,"target_val":1,"param":["chapter"]}],"extra":[],"desc":"通关关卡12关","is_show_eff":1,"drama_eff":[["battletopscene","guildsign_battle_boss_btn"],["partnergofight","fight_btn"]],"sort":0},
	"10090":{"id":10090,"items":[[22,10000]],"progress":[{"cli_label":"evt_dungeon_pass","target":10130,"target_val":1,"param":["chapter"]}],"extra":[],"desc":"通关关卡13关","is_show_eff":1,"drama_eff":[["battletopscene","guildsign_battle_boss_btn"],["partnergofight","fight_btn"]],"sort":0},
	"10100":{"id":10100,"items":[[1,30000]],"progress":[{"cli_label":"evt_dungeon_pass","target":10140,"target_val":1,"param":["chapter"]}],"extra":[],"desc":"通关关卡14关","is_show_eff":1,"drama_eff":[["battletopscene","guildsign_battle_boss_btn"],["partnergofight","fight_btn"]],"sort":0},
	"10110":{"id":10110,"items":[[5,10000]],"progress":[{"cli_label":"evt_dungeon_pass","target":10150,"target_val":1,"param":["chapter"]}],"extra":[],"desc":"通关关卡15关","is_show_eff":1,"drama_eff":[["battletopscene","guildsign_battle_boss_btn"],["partnergofight","fight_btn"]],"sort":0},
	"10120":{"id":10120,"items":[[5,10000]],"progress":[{"cli_label":"evt_partner","target":0,"target_val":1,"param":[["lev",40]]}],"extra":["lev",40],"desc":"1个英雄达到40级","is_show_eff":1,"drama_eff":[["partner","hero_10404"],["partnereinfoview","level_up_btn"]],"sort":0},
	"10130":{"id":10130,"items":[[22,10000]],"progress":[{"cli_label":"evt_levup","target":0,"target_val":12,"param":[]}],"extra":[],"desc":"冒险者等级12级","is_show_eff":1,"drama_eff":[],"sort":0},
	"10140":{"id":10140,"items":[[1,30000]],"progress":[{"cli_label":"evt_hallows_activate","target":2,"target_val":1,"param":[]}],"extra":[],"desc":"唤醒神器阿瑞斯战腕","is_show_eff":1,"drama_eff":[],"sort":0},
	"10150":{"id":10150,"items":[[22,10000]],"progress":[{"cli_label":"evt_dungeon_pass","target":10220,"target_val":1,"param":["chapter"]}],"extra":[],"desc":"通关关卡22关","is_show_eff":1,"drama_eff":[["battletopscene","guildsign_battle_boss_btn"],["partnergofight","fight_btn"]],"sort":0},
	"10160":{"id":10160,"items":[[1,30000]],"progress":[{"cli_label":"evt_dungeon_pass","target":10250,"target_val":1,"param":["chapter"]}],"extra":[],"desc":"通关关卡25关","is_show_eff":1,"drama_eff":[["battletopscene","guildsign_battle_boss_btn"],["partnergofight","fight_btn"]],"sort":0},
	"10170":{"id":10170,"items":[[26701,20]],"progress":[{"cli_label":"evt_dungeon_ext_reward","target":6,"target_val":1,"param":[]}],"extra":[],"desc":"领取25关通关奖励","is_show_eff":1,"drama_eff":[["battle_drama_reward_window","comfirm_btn_1"]],"sort":0},
	"10180":{"id":10180,"items":[[1,30000]],"progress":[{"cli_label":"evt_fragment_synthesis","target":0,"target_val":1,"param":[]}],"extra":[],"desc":"合成任意英雄碎片","is_show_eff":1,"drama_eff":[["backpack_window_3","backpack_item_1"],["backpack_comp_tips_window","com_btn"]],"sort":0},
	"10190":{"id":10190,"items":[[27200,1]],"progress":[{"cli_label":"evt_dungeon_pass","target":10280,"target_val":1,"param":["chapter"]}],"extra":[],"desc":"通关关卡28关","is_show_eff":1,"drama_eff":[["battletopscene","guildsign_battle_boss_btn"],["partnergofight","fight_btn"]],"sort":0},
	"10200":{"id":10200,"items":[[1,30000]],"progress":[{"cli_label":"evt_shipping","target":0,"target_val":1,"param":[]}],"extra":[],"desc":"接取1次远航任务","is_show_eff":1,"drama_eff":[],"sort":0},
	"10210":{"id":10210,"items":[[22,10000]],"progress":[{"cli_label":"evt_partner","target":0,"target_val":1,"param":[["lev",50]]}],"extra":["lev",50],"desc":"1个英雄50级","is_show_eff":1,"drama_eff":[["partner","hero_10404"],["partnereinfoview","level_up_btn"]],"sort":0},
	"10220":{"id":10220,"items":[[1,30000]],"progress":[{"cli_label":"evt_dungeon_pass","target":10340,"target_val":1,"param":["chapter"]}],"extra":[],"desc":"通关关卡34关","is_show_eff":0,"drama_eff":[["battletopscene","guildsign_battle_boss_btn"],["partnergofight","fight_btn"]],"sort":0},
	"10230":{"id":10230,"items":[[22,20000]],"progress":[{"cli_label":"evt_dungeon_pass","target":10380,"target_val":1,"param":["chapter"]}],"extra":[],"desc":"通关关卡38关","is_show_eff":0,"drama_eff":[["battletopscene","guildsign_battle_boss_btn"],["partnergofight","fight_btn"]],"sort":0},
	"10240":{"id":10240,"items":[[1,30000]],"progress":[{"cli_label":"evt_levup","target":0,"target_val":16,"param":[]}],"extra":[],"desc":"冒险者等级16级","is_show_eff":0,"drama_eff":[],"sort":0},
	"10250":{"id":10250,"items":[[22,20000]],"progress":[{"cli_label":"evt_star_tower_floor_pass","target":0,"target_val":2,"param":[]}],"extra":[],"desc":"试练塔通关2层","is_show_eff":0,"drama_eff":[],"sort":0},
	"10260":{"id":10260,"items":[[1,30000]],"progress":[{"cli_label":"evt_hallows_activate","target":3,"target_val":1,"param":[]}],"extra":[],"desc":"唤醒神器永恒神枪","is_show_eff":0,"drama_eff":[],"sort":0},
	"10270":{"id":10270,"items":[[22,20000]],"progress":[{"cli_label":"evt_star_tower_floor_pass","target":0,"target_val":4,"param":[]}],"extra":[],"desc":"试练塔通关4层","is_show_eff":0,"drama_eff":[],"sort":0},
	"10280":{"id":10280,"items":[[1,30000]],"progress":[{"cli_label":"evt_dungeon_pass","target":20050,"target_val":1,"param":["chapter"]}],"extra":[],"desc":"通关关卡45关","is_show_eff":0,"drama_eff":[["battletopscene","guildsign_battle_boss_btn"],["partnergofight","fight_btn"]],"sort":0},
	"10290":{"id":10290,"items":[[22,10000]],"progress":[{"cli_label":"evt_dungeon_pass","target":20100,"target_val":1,"param":["chapter"]}],"extra":[],"desc":"通关关卡50关","is_show_eff":0,"drama_eff":[["battletopscene","guildsign_battle_boss_btn"],["partnergofight","fight_btn"]],"sort":0},
	"10300":{"id":10300,"items":[[1,30000]],"progress":[{"cli_label":"evt_levup","target":0,"target_val":18,"param":[]}],"extra":[],"desc":"冒险者等级18级","is_show_eff":0,"drama_eff":[],"sort":0},
	"10310":{"id":10310,"items":[[22,20000]],"progress":[{"cli_label":"evt_dungeon_pass","target":20150,"target_val":1,"param":["chapter"]}],"extra":[],"desc":"通关关卡55关","is_show_eff":0,"drama_eff":[["battletopscene","guildsign_battle_boss_btn"],["partnergofight","fight_btn"]],"sort":0},
	"10320":{"id":10320,"items":[[1,30000]],"progress":[{"cli_label":"evt_hallows_activate","target":4,"target_val":1,"param":[]}],"extra":[],"desc":"唤醒神器罗睺之弓","is_show_eff":0,"drama_eff":[],"sort":0},
	"10330":{"id":10330,"items":[[22,20000]],"progress":[{"cli_label":"evt_dungeon_pass","target":20250,"target_val":1,"param":["chapter"]}],"extra":[],"desc":"通关关卡65关","is_show_eff":0,"drama_eff":[["battletopscene","guildsign_battle_boss_btn"],["partnergofight","fight_btn"]],"sort":0},
	"10340":{"id":10340,"items":[[10451,2]],"progress":[{"cli_label":"evt_levup","target":0,"target_val":23,"param":[]}],"extra":[],"desc":"冒险者等级23级","is_show_eff":0,"drama_eff":[],"sort":0},
	"10350":{"id":10350,"items":[[1,30000]],"progress":[{"cli_label":"evt_hallows_activate","target":5,"target_val":1,"param":[]}],"extra":[],"desc":"唤醒神器魔神之锤","is_show_eff":0,"drama_eff":[],"sort":0},
	"10360":{"id":10360,"items":[[22,50000]],"progress":[{"cli_label":"evt_hallows_step","target":0,"target_val":2,"param":[]}],"extra":[],"desc":"任意神器等级达到2级","is_show_eff":0,"drama_eff":[],"sort":0}
}
}