{"data_const_length" : 3,
"data_const" : {
	"cross_level":{"val":50,"desc":"跨服聊天等级限制"},
	"province_level":{"val":35,"desc":"同省聊天等级限制"},
	"touch_gold_tips":{"val":1,"desc":"1、每日点金会刷新3次，每次刷新都会重置点金的剩余次数\n2、点金每日刷新时间：0:00，9:00，19:00。\n3、提升VIP等级可增加点金的金币获取量。"}
},
"data_get_time_items_length" : 12,
"data_get_time_items" : {
	"1":{"index":1,"time":120,"items":[[3,50]]},
	"2":{"index":2,"time":240,"items":[[1,50000]]},
	"3":{"index":3,"time":360,"items":[[22,50000]]},
	"4":{"index":4,"time":480,"items":[[26301,1]]},
	"5":{"index":5,"time":600,"items":[[3,100]]},
	"6":{"index":6,"time":960,"items":[[1,150000]]},
	"7":{"index":7,"time":1320,"items":[[22,150000]]},
	"8":{"index":8,"time":1680,"items":[[27300,1]]},
	"9":{"index":9,"time":2040,"items":[[3,200]]},
	"10":{"index":10,"time":2400,"items":[[1,300000]]},
	"11":{"index":11,"time":2760,"items":[[22,300000]]},
	"12":{"index":12,"time":3120,"items":[[10403,5]]}
},
"data_cycle_gift_info_length" : 2,
"data_cycle_gift_info" : {
	"1": {
		"401": {"charge_id":401,"gift_name":"每周福利","gift_type":1,"val":30,"limit_count":3},
		"402": {"charge_id":402,"gift_name":"每周福利","gift_type":1,"val":68,"limit_count":3},
		"403": {"charge_id":403,"gift_name":"每周福利","gift_type":1,"val":128,"limit_count":3},
		"404": {"charge_id":404,"gift_name":"每周福利","gift_type":1,"val":328,"limit_count":3},
		"405": {"charge_id":405,"gift_name":"每周福利","gift_type":1,"val":448,"limit_count":3},
		"406": {"charge_id":406,"gift_name":"每周福利","gift_type":1,"val":648,"limit_count":1}
	},
	"2": {
		"411": {"charge_id":411,"gift_name":"月度礼包","gift_type":2,"val":30,"limit_count":1},
		"412": {"charge_id":412,"gift_name":"月度礼包","gift_type":2,"val":68,"limit_count":1},
		"413": {"charge_id":413,"gift_name":"月度礼包","gift_type":2,"val":128,"limit_count":2},
		"414": {"charge_id":414,"gift_name":"月度礼包","gift_type":2,"val":328,"limit_count":3},
		"415": {"charge_id":415,"gift_name":"月度礼包","gift_type":2,"val":448,"limit_count":3},
		"416": {"charge_id":416,"gift_name":"月度礼包","gift_type":2,"val":648,"limit_count":3},
		"417": {"charge_id":417,"gift_name":"月度礼包","gift_type":2,"val":648,"limit_count":3}
	}
},
"data_cycle_gift_reward_length" : 13,
"data_cycle_gift_reward" : {
	"401": {
		"1": {"charge_id":401,"min":1,"max":28,"reward":[[3,300],[39006,1],[10002,5],[10403,2]],"sort_id":1},
		"2": {"charge_id":401,"min":29,"max":56,"reward":[[3,300],[39006,1],[10002,5],[10403,3]],"sort_id":2},
		"3": {"charge_id":401,"min":57,"max":84,"reward":[[3,300],[39006,1],[10002,5],[10403,4]],"sort_id":3},
		"4": {"charge_id":401,"min":85,"max":112,"reward":[[3,300],[39006,1],[10002,5],[10403,4]],"sort_id":4},
		"5": {"charge_id":401,"min":113,"max":9999,"reward":[[3,300],[39006,1],[10002,5],[10403,4]],"sort_id":5}
	},
	"402": {
		"1": {"charge_id":402,"min":1,"max":28,"reward":[[3,680],[39006,1],[72001,50],[10403,5]],"sort_id":1},
		"2": {"charge_id":402,"min":29,"max":56,"reward":[[3,680],[39006,1],[72001,50],[10403,6]],"sort_id":2},
		"3": {"charge_id":402,"min":57,"max":84,"reward":[[3,680],[39006,1],[72001,50],[10403,7]],"sort_id":3},
		"4": {"charge_id":402,"min":85,"max":112,"reward":[[3,680],[39006,1],[72001,50],[10403,7]],"sort_id":4},
		"5": {"charge_id":402,"min":113,"max":9999,"reward":[[3,680],[39006,1],[72001,50],[10403,7]],"sort_id":5}
	},
	"403": {
		"1": {"charge_id":403,"min":1,"max":28,"reward":[[3,1280],[39002,1],[10,2000],[10403,10]],"sort_id":1},
		"2": {"charge_id":403,"min":29,"max":56,"reward":[[3,1280],[39002,1],[10,2000],[10403,12]],"sort_id":2},
		"3": {"charge_id":403,"min":57,"max":84,"reward":[[3,1280],[39002,1],[10,2000],[10403,14]],"sort_id":3},
		"4": {"charge_id":403,"min":85,"max":112,"reward":[[3,1280],[39002,1],[10,2000],[10403,14]],"sort_id":4},
		"5": {"charge_id":403,"min":113,"max":9999,"reward":[[3,1280],[39002,1],[10,2000],[10403,14]],"sort_id":5}
	},
	"404": {
		"1": {"charge_id":404,"min":1,"max":28,"reward":[[3,3280],[72001,400],[72003,2],[10403,16]],"sort_id":1},
		"2": {"charge_id":404,"min":29,"max":56,"reward":[[3,3280],[72001,450],[72003,2],[10403,18]],"sort_id":2},
		"3": {"charge_id":404,"min":57,"max":84,"reward":[[3,3280],[72001,500],[72003,2],[10403,20]],"sort_id":3},
		"4": {"charge_id":404,"min":85,"max":112,"reward":[[3,3280],[72001,500],[72003,2],[10403,20]],"sort_id":4},
		"5": {"charge_id":404,"min":113,"max":9999,"reward":[[3,3280],[72001,500],[72003,2],[10403,20]],"sort_id":5}
	},
	"405": {
		"1": {"charge_id":405,"min":1,"max":28,"reward":[[3,4480],[10450,10000],[1,5000000],[10403,24]],"sort_id":1},
		"2": {"charge_id":405,"min":29,"max":56,"reward":[[3,4480],[10450,10000],[1,7000000],[10403,26]],"sort_id":2},
		"3": {"charge_id":405,"min":57,"max":84,"reward":[[3,4480],[10450,10000],[1,10000000],[10403,28]],"sort_id":3},
		"4": {"charge_id":405,"min":85,"max":112,"reward":[[3,4480],[10450,10000],[1,10000000],[10403,28]],"sort_id":4},
		"5": {"charge_id":405,"min":113,"max":9999,"reward":[[3,4480],[10450,10000],[1,10000000],[10403,28]],"sort_id":5}
	},
	"406": {
		"1": {"charge_id":406,"min":1,"max":28,"reward":[[3,6480],[10454,1],[29905,50],[10403,32]],"sort_id":1},
		"2": {"charge_id":406,"min":29,"max":56,"reward":[[3,6480],[10454,1],[29905,50],[10403,35]],"sort_id":2},
		"3": {"charge_id":406,"min":57,"max":84,"reward":[[3,6480],[10454,1],[29905,50],[10403,38]],"sort_id":3},
		"4": {"charge_id":406,"min":85,"max":112,"reward":[[3,6480],[10454,1],[29905,50],[10403,38]],"sort_id":4},
		"5": {"charge_id":406,"min":113,"max":9999,"reward":[[3,6480],[10454,1],[29905,50],[10403,38]],"sort_id":5}
	},
	"411": {
		"1": {"charge_id":411,"min":1,"max":30,"reward":[[3,300],[39001,1],[10403,5],[37001,5]],"sort_id":1},
		"2": {"charge_id":411,"min":31,"max":60,"reward":[[3,300],[39001,1],[10403,6],[37001,5]],"sort_id":2},
		"3": {"charge_id":411,"min":61,"max":90,"reward":[[3,300],[39001,1],[10403,7],[37001,5]],"sort_id":3},
		"4": {"charge_id":411,"min":91,"max":120,"reward":[[3,300],[39001,1],[10403,7],[37001,5]],"sort_id":4},
		"5": {"charge_id":411,"min":121,"max":9999,"reward":[[3,300],[39001,1],[10403,7],[37001,5]],"sort_id":5}
	},
	"412": {
		"1": {"charge_id":412,"min":1,"max":30,"reward":[[3,680],[39006,1],[10403,7],[37001,10]],"sort_id":1},
		"2": {"charge_id":412,"min":31,"max":60,"reward":[[3,680],[39006,1],[10403,8],[37001,10]],"sort_id":2},
		"3": {"charge_id":412,"min":61,"max":90,"reward":[[3,680],[39006,1],[10403,9],[37001,10]],"sort_id":3},
		"4": {"charge_id":412,"min":91,"max":120,"reward":[[3,680],[39006,1],[10403,9],[37001,10]],"sort_id":4},
		"5": {"charge_id":412,"min":121,"max":9999,"reward":[[3,680],[39006,1],[10403,9],[37001,10]],"sort_id":5}
	},
	"413": {
		"1": {"charge_id":413,"min":1,"max":30,"reward":[[3,1280],[14001,2],[10403,10],[10450,2000]],"sort_id":1},
		"2": {"charge_id":413,"min":31,"max":60,"reward":[[3,1280],[14001,2],[10403,12],[10450,2000]],"sort_id":2},
		"3": {"charge_id":413,"min":61,"max":90,"reward":[[3,1280],[14001,3],[10403,14],[10450,2000]],"sort_id":3},
		"4": {"charge_id":413,"min":91,"max":120,"reward":[[3,1280],[14001,3],[10403,14],[10450,2000]],"sort_id":4},
		"5": {"charge_id":413,"min":121,"max":9999,"reward":[[3,1280],[14001,3],[10403,14],[10450,2000]],"sort_id":5}
	},
	"414": {
		"1": {"charge_id":414,"min":1,"max":30,"reward":[[3,3280],[14001,4],[10403,18],[1,20000000]],"sort_id":1},
		"2": {"charge_id":414,"min":31,"max":60,"reward":[[3,3280],[14001,5],[10403,20],[1,20000000]],"sort_id":2},
		"3": {"charge_id":414,"min":61,"max":90,"reward":[[3,3280],[14001,6],[10403,22],[1,20000000]],"sort_id":3},
		"4": {"charge_id":414,"min":91,"max":120,"reward":[[3,3280],[14001,6],[10403,22],[1,20000000]],"sort_id":4},
		"5": {"charge_id":414,"min":121,"max":9999,"reward":[[3,3280],[14001,6],[10403,22],[1,20000000]],"sort_id":5}
	},
	"415": {
		"1": {"charge_id":415,"min":1,"max":30,"reward":[[3,4480],[14001,6],[10403,24],[1,30000000]],"sort_id":1},
		"2": {"charge_id":415,"min":31,"max":60,"reward":[[3,4480],[14001,7],[10403,26],[1,30000000]],"sort_id":2},
		"3": {"charge_id":415,"min":61,"max":90,"reward":[[3,4480],[14001,8],[10403,28],[1,30000000]],"sort_id":3},
		"4": {"charge_id":415,"min":91,"max":120,"reward":[[3,4480],[14001,8],[10403,28],[1,30000000]],"sort_id":4},
		"5": {"charge_id":415,"min":121,"max":9999,"reward":[[3,4480],[14001,8],[10403,28],[1,30000000]],"sort_id":5}
	},
	"416": {
		"1": {"charge_id":416,"min":1,"max":30,"reward":[[3,6480],[14001,10],[10403,32],[29405,50]],"sort_id":1},
		"2": {"charge_id":416,"min":31,"max":60,"reward":[[3,6480],[14001,11],[10403,35],[29405,50]],"sort_id":2},
		"3": {"charge_id":416,"min":61,"max":90,"reward":[[3,6480],[14001,12],[10403,38],[29405,50]],"sort_id":3},
		"4": {"charge_id":416,"min":91,"max":120,"reward":[[3,6480],[14001,12],[10403,38],[29405,50]],"sort_id":4},
		"5": {"charge_id":416,"min":121,"max":9999,"reward":[[3,6480],[14001,12],[10403,38],[29405,50]],"sort_id":5}
	},
	"417": {
		"1": {"charge_id":417,"min":1,"max":30,"reward":[[3,6480],[14001,10],[10403,32],[29505,50]],"sort_id":1},
		"2": {"charge_id":417,"min":31,"max":60,"reward":[[3,6480],[14001,11],[10403,35],[29505,50]],"sort_id":2},
		"3": {"charge_id":417,"min":61,"max":90,"reward":[[3,6480],[14001,12],[10403,38],[29505,50]],"sort_id":3},
		"4": {"charge_id":417,"min":91,"max":120,"reward":[[3,6480],[14001,12],[10403,38],[29505,50]],"sort_id":4},
		"5": {"charge_id":417,"min":121,"max":9999,"reward":[[3,6480],[14001,12],[10403,38],[29505,50]],"sort_id":5}
	}
}
}