{"data_const_length" : 0,
"data_const" : {

},
"data_fund_data_length" : 2,
"data_fund_data" : {
	"101":{"id":101,"name":"月基金128","val":128,"charge_id":102,"desc":"<outline color=#090953 width=2 >至尊月卡用户可在</outline><color=#F8CB19><outline color=#090953 width=2 >此界面激活128基金</outline></color><outline color=#090953 width=2 > ，\n激活后</outline><color=#289b15><outline color=#090953 width=2 >连续30日</outline></color><outline color=#090953 width=2 >领取累计登录天数豪华奖励</outline>","icon_id":48,"reward":[2,3,7,14,21,28,29,30]},
	"102":{"id":102,"name":"月基金328","val":328,"charge_id":103,"desc":"<outline color=#090953 width=2 >至尊月卡用户可在</outline><color=#F8CB19><outline color=#090953 width=2 >此界面激活328基金</outline></color><outline color=#090953 width=2 > ，\n激活后</outline><color=#289b15><outline color=#090953 width=2 >连续30日</outline></color><outline color=#090953 width=2 >领取累计登录天数豪华奖励</outline>","icon_id":49,"reward":[2,3,7,14,21,28,29,30]}
},
"data_fund_group_length" : 2,
"data_fund_group" : {"101":[{"min":1,"max":80,"group_id":1},{"min":81,"max":300,"group_id":2}],
"102":[{"min":1,"max":80,"group_id":3},{"min":81,"max":300,"group_id":4}]
},
"data_fund_award_length" : 4,
"data_fund_award" : {
	"1": {
		"1": [[3,400]],
		"2": [[10001,500]],
		"3": [[14001,3]],
		"4": [[3,200]],
		"5": [[3,200]],
		"6": [[3,500]],
		"7": [[72001,100]],
		"8": [[3,200]],
		"9": [[3,200]],
		"10": [[3,200]],
		"11": [[3,200]],
		"12": [[3,200]],
		"13": [[3,500]],
		"14": [[37002,3]],
		"15": [[3,200]],
		"16": [[3,200]],
		"17": [[3,200]],
		"18": [[3,200]],
		"19": [[3,200]],
		"20": [[3,500]],
		"21": [[72002,60]],
		"22": [[3,200]],
		"23": [[3,200]],
		"24": [[3,200]],
		"25": [[3,200]],
		"26": [[3,200]],
		"27": [[3,500]],
		"28": [[29905,50]],
		"29": [[3,1000]],
		"30": [[14001,3]]
	},
	"2": {
		"1": [[3,400]],
		"2": [[10001,500]],
		"3": [[14001,3]],
		"4": [[3,200]],
		"5": [[3,200]],
		"6": [[3,500]],
		"7": [[72001,100]],
		"8": [[3,200]],
		"9": [[3,200]],
		"10": [[3,200]],
		"11": [[3,200]],
		"12": [[3,200]],
		"13": [[3,500]],
		"14": [[37002,3]],
		"15": [[3,200]],
		"16": [[3,200]],
		"17": [[3,200]],
		"18": [[3,200]],
		"19": [[3,200]],
		"20": [[3,500]],
		"21": [[72002,60]],
		"22": [[3,200]],
		"23": [[3,200]],
		"24": [[3,200]],
		"25": [[3,200]],
		"26": [[3,200]],
		"27": [[3,500]],
		"28": [[29905,50]],
		"29": [[3,1000]],
		"30": [[14001,3]]
	},
	"3": {
		"1": [[3,800]],
		"2": [[10001,1000]],
		"3": [[14001,6]],
		"4": [[3,400]],
		"5": [[3,400]],
		"6": [[3,1000]],
		"7": [[72001,300]],
		"8": [[3,400]],
		"9": [[3,400]],
		"10": [[3,400]],
		"11": [[3,400]],
		"12": [[3,400]],
		"13": [[3,1000]],
		"14": [[37002,8]],
		"15": [[3,400]],
		"16": [[3,400]],
		"17": [[3,400]],
		"18": [[3,400]],
		"19": [[3,400]],
		"20": [[3,1000]],
		"21": [[72002,100]],
		"22": [[3,400]],
		"23": [[3,400]],
		"24": [[3,400]],
		"25": [[3,400]],
		"26": [[3,400]],
		"27": [[3,1000]],
		"28": [[29905,150]],
		"29": [[3,2000]],
		"30": [[14001,6]]
	},
	"4": {
		"1": [[3,800]],
		"2": [[10001,1000]],
		"3": [[14001,6]],
		"4": [[3,400]],
		"5": [[3,400]],
		"6": [[3,1000]],
		"7": [[72001,300]],
		"8": [[3,400]],
		"9": [[3,400]],
		"10": [[3,400]],
		"11": [[3,400]],
		"12": [[3,400]],
		"13": [[3,1000]],
		"14": [[37002,8]],
		"15": [[3,400]],
		"16": [[3,400]],
		"17": [[3,400]],
		"18": [[3,400]],
		"19": [[3,400]],
		"20": [[3,1000]],
		"21": [[72002,100]],
		"22": [[3,400]],
		"23": [[3,400]],
		"24": [[3,400]],
		"25": [[3,400]],
		"26": [[3,400]],
		"27": [[3,1000]],
		"28": [[29905,150]],
		"29": [[3,2000]],
		"30": [[14001,6]]
	}
}
}