{"data_const_length" : 0,
"data_const" : {

},
"data_fast_combat_cost_length" : 8,
"data_fast_combat_cost" : {
	"1":{"cost":200},
	"2":{"cost":200},
	"3":{"cost":200},
	"4":{"cost":200},
	"5":{"cost":200},
	"6":{"cost":200},
	"7":{"cost":200},
	"8":{"cost":200}
},
"data_privilege_data_length" : 4,
"data_privilege_data" : {
	"101":{"id":101,"name":"先知水晶礼包","pay_type":1,"charge_id":304,"loss":30,"limit_type":1,"limit_day":7,"title_type":1,"desc":"召唤强力英雄必购礼包！超值优惠，每周限购一次！","icon_id":10},
	"102":{"id":102,"name":"快速作战礼包","pay_type":1,"charge_id":305,"loss":68,"limit_type":1,"limit_day":30,"title_type":1,"desc":"搜集资源必备特权礼包！每天三次免费快速作战，再送召唤福利！","icon_id":10},
	"103":{"id":103,"name":"远航高级礼包","pay_type":2,"charge_id":0,"loss":980,"limit_type":0,"limit_day":0,"title_type":2,"desc":"高级礼包内含远航高级特权，每天首次钻石、刷新券刷新必出紫色任务！","icon_id":11},
	"104":{"id":104,"name":"远航豪华礼包","pay_type":2,"charge_id":0,"loss":1980,"limit_type":0,"limit_day":0,"title_type":2,"desc":"豪华礼包内含远航豪华特权，每天第3次钻石、刷新券刷新必出橙色任务！","icon_id":11}
},
"data_privilege_award_length" : 4,
"data_privilege_award" : {"101":[{"min":1,"max":70,"reward":[[14001,3],[10001,1000],[1,100000]]},{"min":71,"max":300,"reward":[[14001,3],[10001,1000],[1,100000]]}],
"102":[{"min":1,"max":70,"reward":[[30053,1],[10403,10],[10001,1000]]},{"min":71,"max":300,"reward":[[30053,1],[10403,10],[10001,1000]]}],
"103":[{"min":1,"max":300,"reward":[[30054,1],[10403,5],[10001,200]]}],
"104":[{"min":1,"max":300,"reward":[[30055,1],[14001,1],[10403,10]]}]
}
}