{"data_get_length" : 12,
"data_get" : {
	"90000":{"id":90000,"name":"日常登录","lev":3,"desc":"日常登录1次","progress":[{"cli_label":"evt_cli_loaded","target":0,"target_val":1,"param":[]}],"extra":[],"commit_rewards":[[3,20],[9,5]],"res":"quest_item_zhaohuan"},
	"90001":{"id":90001,"name":"好友赠送","lev":5,"desc":"每天赠送好友友情点5次","progress":[{"cli_label":"evt_friend_present","target":14,"target_val":5,"param":[]}],"extra":[],"commit_rewards":[[14,100],[9,5]],"res":"quest_item_haoyou"},
	"90003":{"id":90003,"name":"召唤","lev":1,"desc":"进行3次召唤","progress":[{"cli_label":"evt_recruit","target":0,"target_val":3,"param":[]}],"extra":[],"commit_rewards":[[3,20],[9,10]],"res":"quest_item_yingxiong"},
	"90005":{"id":90005,"name":"竞技场","lev":8,"desc":"参与3次竞技场挑战","progress":[{"cli_label":"evt_arena_fight","target":0,"target_val":3,"param":[]}],"extra":[],"commit_rewards":[[10103,2],[9,15]],"res":"quest_item_jianzhu"},
	"90007":{"id":90007,"name":"快速作战","lev":1,"desc":"快速作战5次","progress":[{"cli_label":"evt_dungeon_fast_combat","target":0,"target_val":5,"param":[]}],"extra":[],"commit_rewards":[[3,30],[9,15]],"res":"quest_item_zhaohuan"},
	"90012":{"id":90012,"name":"试炼塔挑战","lev":6,"desc":"挑战或扫荡试炼塔任意层3次","progress":[{"cli_label":"evt_star_tower_pass","target":0,"target_val":3,"param":[]}],"extra":[],"commit_rewards":[[10001,20],[9,10]],"res":"quest_item_heian"},
	"90013":{"id":90013,"name":"公会Boss","lev":6,"desc":"挑战任意公会Boss3次","progress":[{"cli_label":"evt_guild_dun_fight","target":0,"target_val":3,"param":[]}],"extra":[],"commit_rewards":[[10,50],[9,15]],"res":"quest_item_guild"},
	"90014":{"id":90014,"name":"公会捐献","lev":6,"desc":"进行1次公会捐献","progress":[{"cli_label":"evt_guild_donate","target":0,"target_val":1,"param":[]}],"extra":[],"commit_rewards":[[10401,1],[9,10]],"res":"quest_item_guild"},
	"90018":{"id":90018,"name":"无尽试炼","lev":25,"desc":"参与1次无尽试炼","progress":[{"cli_label":"evt_endless_fight","target":0,"target_val":1,"param":[]}],"extra":[],"commit_rewards":[[37001,1],[9,10]],"res":"quest_item_dixia"},
	"90020":{"id":90020,"name":"悬赏任务","lev":6,"desc":"接取3次远航订单","progress":[{"cli_label":"evt_shipping","target":0,"target_val":3,"param":[]}],"extra":[],"commit_rewards":[[1,40000],[9,10]],"res":"quest_item_guild"},
	"90023":{"id":90023,"name":"神器副本","lev":15,"desc":"参与2次日常副本","progress":[{"cli_label":"evt_dungeon_stone_fight","target":0,"target_val":2,"param":[]}],"extra":[],"commit_rewards":[[37001,1],[9,10]],"res":"quest_item_heian"},
	"90024":{"id":90024,"name":"英雄远征","lev":30,"desc":"英雄远征胜利3次","progress":[{"cli_label":"evt_expedition_fight","target":3,"target_val":1,"param":["pass"]}],"extra":[],"commit_rewards":[[1,30000],[9,15]],"res":"quest_item_heian"}
},
"data_progress_lable_length" : 84,
"data_progress_lable" : {
"evt_adventure_answer_all_right":"evt_adventure_answer_all_right",
"evt_adventure_box":"evt_adventure_box",
"evt_adventure_explore":"evt_adventure_explore",
"evt_adventure_finger_guessing":"evt_adventure_finger_guessing",
"evt_adventure_goto_floor":"evt_adventure_goto_floor",
"evt_adventure_kill_mon":"evt_adventure_kill_mon",
"evt_adventure_plunder":"evt_adventure_plunder",
"evt_adventure_plunder_result":"evt_adventure_plunder_result",
"evt_arena_fight":"evt_arena_fight",
"evt_arena_fight_result":"evt_arena_fight_result",
"evt_arena_rank":"evt_arena_rank",
"evt_boss_fight":"evt_boss_fight",
"evt_boss_fight_result":"evt_boss_fight_result",
"evt_cli_loaded":"evt_cli_loaded",
"evt_dungeon_auto":"evt_dungeon_auto",
"evt_dungeon_enter":"evt_dungeon_enter",
"evt_dungeon_fast_combat":"evt_dungeon_fast_combat",
"evt_dungeon_pass":"evt_dungeon_pass",
"evt_eqm_sell":"evt_eqm_sell",
"evt_formation_level_up":"evt_formation_level_up",
"evt_formation_open":"evt_formation_open",
"evt_friend":"evt_friend",
"evt_friend_present":"evt_friend_present",
"evt_friend_sns":"evt_friend_sns",
"evt_gain_coin":"evt_gain_coin",
"evt_gain_gold":"evt_gain_gold",
"evt_gain_guild":"evt_gain_guild",
"evt_gain_silver_coin":"evt_gain_silver_coin",
"evt_get_item":"evt_get_item",
"evt_guild_donate":"evt_guild_donate",
"evt_guild_dun_fight":"evt_guild_dun_fight",
"evt_guild_dun_fight_ko":"evt_guild_dun_fight_ko",
"evt_guild_join":"evt_guild_join",
"evt_levup":"evt_levup",
"evt_loss_coin":"evt_loss_coin",
"evt_loss_guild":"evt_loss_guild",
"evt_loss_red_gold_or_gold":"evt_loss_red_gold_or_gold",
"evt_loss_silver_coin":"evt_loss_silver_coin",
"evt_market_coin_sold":"evt_market_coin_sold",
"evt_market_gold_buy":"evt_market_gold_buy",
"evt_market_silver_buy":"evt_market_silver_buy",
"evt_market_silver_sold":"evt_market_silver_sold",
"evt_partner":"evt_partner",
"evt_partner_artifact":"evt_partner_artifact",
"evt_partner_enchant_eqm":"evt_partner_enchant_eqm",
"evt_partner_eqm":"evt_partner_eqm",
"evt_partner_levelup":"evt_partner_levelup",
"evt_power":"evt_power",
"evt_recruit":"evt_recruit",
"evt_say":"evt_say",
"evt_star_divination":"evt_star_divination",
"evt_star_level_up":"evt_star_level_up",
"evt_star_natal":"evt_star_natal",
"evt_star_natal_level_up":"evt_star_natal_level_up",
"evt_star_tower_pass":"evt_star_tower_pass",
"evt_star_tower_floor_pass":"evt_star_tower_floor_pass",
"evt_world_boss_fight":"evt_world_boss_fight",
"evt_world_boss_fight_ko":"evt_world_boss_fight_ko",
"evt_dungeon_stone_fight":"evt_dungeon_stone_fight",
"evt_escort_enter":"evt_escort_enter",
"evt_escort_fight":"evt_escort_fight",
"evt_endless_fight":"evt_endless_fight",
"evt_eqm_compound":"evt_eqm_compound",
"evt_mystery_buy":"evt_mystery_buy",
"evt_partner_stone_all_lv":"evt_partner_stone_all_lv",
"evt_partner_star":"evt_partner_star",
"evt_hallows_all_step":"evt_hallows_all_step",
"evt_guild_war":"evt_guild_war",
"evt_endless_pass":"evt_endless_pass",
"evt_recruit_high":"evt_recruit_high",
"evt_arena_score":"evt_arena_score",
"evt_partner_star_up":"evt_partner_star_up",
"evt_shipping":"evt_shipping",
"evt_partner_decompose":"evt_partner_decompose",
"evt_expedition_fight":"evt_expedition_fight",
"evt_artifact_compose":"evt_artifact_compose",
"evt_friend_present":"evt_friend_present",
"evt_primus_fight":"evt_primus_fight",
"evt_eqm_compose":"evt_eqm_compose",
"evt_hallows_step":"evt_hallows_step",
"evt_hallows_activate":"evt_hallows_activate",
"evt_fragment_synthesis":"evt_fragment_synthesis",
"evt_dungeon_ext_reward":"evt_dungeon_ext_reward",
"evt_equipment_compound":"evt_equipment_compound"
},
"data_const_length" : 1,
"data_const" : {
	"task_open":{"val":["lev",5],"desc":"冒险者5级开启主线任务"}
}
}