{"data_list_length" : 3,
"data_list" : {"1":[{"name":"永恒","sex":0},{"name":"流浪","sex":0},{"name":"正义","sex":0},{"name":"不屈","sex":0},{"name":"风","sex":0},{"name":"火","sex":0},{"name":"雷","sex":0},{"name":"光","sex":0},{"name":"暗","sex":0},{"name":"勇气","sex":0},{"name":"善良","sex":0},{"name":"幻想","sex":0},{"name":"神圣","sex":0},{"name":"虔诚","sex":0},{"name":"王者","sex":0},{"name":"孤傲","sex":0},{"name":"暗面","sex":0},{"name":"独行","sex":0},{"name":"矜持","sex":0},{"name":"如梦","sex":0},{"name":"微笑","sex":0},{"name":"鬼荒","sex":0},{"name":"帅气","sex":0},{"name":"英俊","sex":0},{"name":"浅浅","sex":0},{"name":"流年","sex":0},{"name":"微凉","sex":0},{"name":"墨染","sex":0},{"name":"落叶","sex":0},{"name":"黑白","sex":0},{"name":"霸道","sex":0},{"name":"指尖","sex":0},{"name":"童心","sex":0},{"name":"浮华","sex":0},{"name":"浮夸","sex":0},{"name":"独步","sex":0},{"name":"纯情","sex":0},{"name":"至尊","sex":0},{"name":"夜幕","sex":0},{"name":"圣光","sex":0},{"name":"低调","sex":0},{"name":"燃烧","sex":0},{"name":"救赎","sex":0},{"name":"超神","sex":0},{"name":"暴走","sex":0},{"name":"浴血","sex":0},{"name":"逗比","sex":0},{"name":"龙霸","sex":0},{"name":"抹茶","sex":0},{"name":"寂寞","sex":0},{"name":"永恒","sex":1},{"name":"流浪","sex":1},{"name":"正义","sex":1},{"name":"不屈","sex":1},{"name":"风","sex":1},{"name":"火","sex":1},{"name":"雷","sex":1},{"name":"光","sex":1},{"name":"暗","sex":1},{"name":"勇气","sex":1},{"name":"善良","sex":1},{"name":"幻想","sex":1},{"name":"神圣","sex":1},{"name":"虔诚","sex":1},{"name":"王者","sex":1},{"name":"孤傲","sex":1},{"name":"暗面","sex":1},{"name":"独行","sex":1},{"name":"矜持","sex":1},{"name":"如梦","sex":1},{"name":"微笑","sex":1},{"name":"鬼荒","sex":1},{"name":"帅气","sex":1},{"name":"英俊","sex":1},{"name":"浅浅","sex":1},{"name":"流年","sex":1},{"name":"微凉","sex":1},{"name":"墨染","sex":1},{"name":"落叶","sex":1},{"name":"黑白","sex":1},{"name":"霸道","sex":1},{"name":"指尖","sex":1},{"name":"童心","sex":1},{"name":"浮华","sex":1},{"name":"浮夸","sex":1},{"name":"独步","sex":1},{"name":"纯情","sex":1},{"name":"至尊","sex":1},{"name":"夜幕","sex":1},{"name":"圣光","sex":1},{"name":"低调","sex":1},{"name":"燃烧","sex":1},{"name":"救赎","sex":1},{"name":"超神","sex":1},{"name":"暴走","sex":1},{"name":"浴血","sex":1},{"name":"逗比","sex":1},{"name":"龙霸","sex":1},{"name":"抹茶","sex":1},{"name":"寂寞","sex":1},{"name":"永恒","sex":2},{"name":"流浪","sex":2},{"name":"正义","sex":2},{"name":"不屈","sex":2},{"name":"风","sex":2},{"name":"火","sex":2},{"name":"雷","sex":2},{"name":"光","sex":2},{"name":"暗","sex":2},{"name":"勇气","sex":2},{"name":"善良","sex":2},{"name":"幻想","sex":2},{"name":"神圣","sex":2},{"name":"虔诚","sex":2},{"name":"王者","sex":2},{"name":"孤傲","sex":2},{"name":"暗面","sex":2},{"name":"独行","sex":2},{"name":"矜持","sex":2},{"name":"如梦","sex":2},{"name":"微笑","sex":2},{"name":"鬼荒","sex":2},{"name":"帅气","sex":2},{"name":"英俊","sex":2},{"name":"浅浅","sex":2},{"name":"流年","sex":2},{"name":"微凉","sex":2},{"name":"墨染","sex":2},{"name":"落叶","sex":2},{"name":"黑白","sex":2},{"name":"霸道","sex":2},{"name":"指尖","sex":2},{"name":"童心","sex":2},{"name":"浮华","sex":2},{"name":"浮夸","sex":2},{"name":"独步","sex":2},{"name":"纯情","sex":2},{"name":"至尊","sex":2},{"name":"夜幕","sex":2},{"name":"圣光","sex":2},{"name":"低调","sex":2},{"name":"燃烧","sex":2},{"name":"救赎","sex":2},{"name":"超神","sex":2},{"name":"暴走","sex":2},{"name":"浴血","sex":2},{"name":"逗比","sex":2},{"name":"龙霸","sex":2},{"name":"抹茶","sex":2},{"name":"寂寞","sex":2}],
"2":[{"name":"的","sex":0},{"name":"de","sex":0},{"name":"之","sex":0},{"name":"灬","sex":0}],
"3":[{"name":"阿贝","sex":1},{"name":"阿博特","sex":1},{"name":"阿德拉","sex":1},{"name":"阿狄森","sex":1},{"name":"阿尔","sex":1},{"name":"阿利","sex":1},{"name":"阿利克","sex":1},{"name":"阿木","sex":1},{"name":"阿诺德","sex":1},{"name":"阿萨","sex":1},{"name":"阿瑟","sex":1},{"name":"阿特利","sex":1},{"name":"阿信","sex":1},{"name":"阿修罗","sex":1},{"name":"埃达","sex":1},{"name":"艾比盖","sex":1},{"name":"艾伯特","sex":1},{"name":"艾狄生","sex":1},{"name":"艾迪生","sex":1},{"name":"艾伦","sex":1},{"name":"安德鲁","sex":1},{"name":"安德森","sex":1},{"name":"安东尼","sex":1},{"name":"奥斯汀","sex":1},{"name":"八酱","sex":1},{"name":"巴比","sex":1},{"name":"巴比特","sex":1},{"name":"巴顿","sex":1},{"name":"巴赫","sex":1},{"name":"巴里","sex":1},{"name":"巴纳德","sex":1},{"name":"巴尼","sex":1},{"name":"巴神","sex":1},{"name":"白壁德","sex":1},{"name":"拜耳","sex":1},{"name":"包子","sex":1},{"name":"鲍德温","sex":1},{"name":"鲍尔","sex":1},{"name":"卑弥呼","sex":1},{"name":"贝基","sex":1},{"name":"贝克","sex":1},{"name":"贝克莱","sex":1},{"name":"贝洛克","sex":1},{"name":"贝内特","sex":1},{"name":"贝齐","sex":1},{"name":"本","sex":1},{"name":"本杰明","sex":1},{"name":"本瑟姆","sex":1},{"name":"本森","sex":1},{"name":"笨笨","sex":1},{"name":"比彻","sex":1},{"name":"比尔德","sex":1},{"name":"比利","sex":1},{"name":"边沁","sex":1},{"name":"波特","sex":1},{"name":"伯克利","sex":1},{"name":"伯纳德","sex":1},{"name":"伯纳尔","sex":1},{"name":"伯特","sex":1},{"name":"博福特","sex":1},{"name":"布鲁克","sex":1},{"name":"布伦达","sex":1},{"name":"彩虹","sex":1},{"name":"苍穹","sex":1},{"name":"查理","sex":1},{"name":"传说","sex":1},{"name":"春哥","sex":1},{"name":"春野","sex":1},{"name":"大飞","sex":1},{"name":"小少爷","sex":1},{"name":"丹","sex":1},{"name":"丹尼丝","sex":1},{"name":"单身","sex":1},{"name":"道尔","sex":1},{"name":"德博拉","sex":1},{"name":"迪克","sex":1},{"name":"巅峰","sex":1},{"name":"东东","sex":1},{"name":"豆包","sex":1},{"name":"豆浆","sex":1},{"name":"独恋","sex":1},{"name":"杜威","sex":1},{"name":"多多","sex":1},{"name":"非主流","sex":1},{"name":"飞飞","sex":1},{"name":"扶子","sex":1},{"name":"匪徒","sex":1},{"name":"费滋","sex":1},{"name":"浮云","sex":1},{"name":"盖尔","sex":1},{"name":"古墓","sex":1},{"name":"光光","sex":1},{"name":"鬼鬼","sex":1},{"name":"国宝","sex":1},{"name":"哈利","sex":1},{"name":"汉纳","sex":1},{"name":"赫达","sex":1},{"name":"赫瑟尔","sex":1},{"name":"黑骑","sex":1},{"name":"胡尔达","sex":1},{"name":"花满楼","sex":1},{"name":"幻想","sex":1},{"name":"皇帝","sex":1},{"name":"皇族","sex":1},{"name":"灰狼","sex":1},{"name":"辉煌","sex":1},{"name":"回忆","sex":1},{"name":"吉榭尔","sex":1},{"name":"记忆","sex":1},{"name":"寂寞","sex":1},{"name":"嘉利","sex":1},{"name":"经典","sex":1},{"name":"精彩","sex":1},{"name":"精英","sex":1},{"name":"绝版","sex":1},{"name":"卡尔","sex":1},{"name":"卡卡","sex":1},{"name":"卡卡西","sex":1},{"name":"空空","sex":1},{"name":"酷酷","sex":1},{"name":"狂奥","sex":1},{"name":"浪漫","sex":1},{"name":"浪子","sex":1},{"name":"乐乐","sex":1},{"name":"冷风","sex":1},{"name":"林赛","sex":1},{"name":"灵魂","sex":1},{"name":"龙之","sex":1},{"name":"罗伦","sex":1},{"name":"罗瑞尔","sex":1},{"name":"麦兜","sex":1},{"name":"麦格","sex":1},{"name":"鸣人","sex":1},{"name":"墨尘","sex":1},{"name":"墨墨","sex":1},{"name":"穆得","sex":1},{"name":"纳兰","sex":1},{"name":"男名","sex":1},{"name":"南宫","sex":1},{"name":"欧阳","sex":1},{"name":"胖胖","sex":1},{"name":"泡泡","sex":1},{"name":"培根","sex":1},{"name":"蒲福","sex":1},{"name":"七夜","sex":1},{"name":"骑士","sex":1},{"name":"旗木","sex":1},{"name":"麒麟","sex":1},{"name":"乔伊斯","sex":1},{"name":"乔治亚","sex":1},{"name":"清景","sex":1},{"name":"丘奇","sex":1},{"name":"圈圈","sex":1},{"name":"荣耀","sex":1},{"name":"绅士","sex":1},{"name":"神气","sex":1},{"name":"神圣","sex":1},{"name":"使者","sex":1},{"name":"守护","sex":1},{"name":"帅帅","sex":1},{"name":"天宇","sex":1},{"name":"潼恩","sex":1},{"name":"头领","sex":1},{"name":"完美","sex":1},{"name":"王者","sex":1},{"name":"王子","sex":1},{"name":"无情","sex":1},{"name":"无忧","sex":1},{"name":"午夜","sex":1},{"name":"汐","sex":1},{"name":"希伯来","sex":1},{"name":"仙人","sex":1},{"name":"先生","sex":1},{"name":"香远","sex":1},{"name":"潇洒","sex":1},{"name":"晓林","sex":1},{"name":"晓梦","sex":1},{"name":"晓宇","sex":1},{"name":"笑傲","sex":1},{"name":"笑笑","sex":1},{"name":"谢里尔","sex":1},{"name":"星星","sex":1},{"name":"熊猫","sex":1},{"name":"熊熊","sex":1},{"name":"玄子","sex":1},{"name":"旋律","sex":1},{"name":"漩涡","sex":1},{"name":"牙牙","sex":1},{"name":"亚当","sex":1},{"name":"亚当斯","sex":1},{"name":"亚历克","sex":1},{"name":"演绎","sex":1},{"name":"一户","sex":1},{"name":"永恒","sex":1},{"name":"宇智波","sex":1},{"name":"战神","sex":1},{"name":"志伟","sex":1},{"name":"挚爱","sex":1},{"name":"朱恩","sex":1},{"name":"竹子","sex":1},{"name":"专属","sex":1},{"name":"左岸","sex":1},{"name":"佐助","sex":1},{"name":"阿贝","sex":1},{"name":"阿博特","sex":1},{"name":"阿德拉","sex":1},{"name":"阿狄森","sex":1},{"name":"阿尔","sex":1},{"name":"阿利","sex":1},{"name":"阿利克","sex":1},{"name":"阿木","sex":1},{"name":"阿诺德","sex":1},{"name":"阿萨","sex":1},{"name":"阿瑟","sex":1},{"name":"阿特利","sex":1},{"name":"阿信","sex":1},{"name":"阿修罗","sex":1},{"name":"埃达","sex":1},{"name":"艾比盖","sex":1},{"name":"艾伯特","sex":1},{"name":"艾狄生","sex":1},{"name":"艾迪生","sex":1},{"name":"艾伦","sex":1},{"name":"安德鲁","sex":1},{"name":"安德森","sex":1},{"name":"安东尼","sex":1},{"name":"奥斯汀","sex":1},{"name":"八酱","sex":1},{"name":"巴比","sex":1},{"name":"巴比特","sex":1},{"name":"巴顿","sex":1},{"name":"巴赫","sex":1},{"name":"巴里","sex":1},{"name":"巴纳德","sex":1},{"name":"巴尼","sex":1},{"name":"巴神","sex":1},{"name":"白壁德","sex":1},{"name":"拜耳","sex":1},{"name":"包子","sex":1},{"name":"鲍德温","sex":1},{"name":"鲍尔","sex":1},{"name":"卑弥呼","sex":1},{"name":"贝基","sex":1},{"name":"贝克","sex":1},{"name":"贝克莱","sex":1},{"name":"贝洛克","sex":1},{"name":"贝内特","sex":1},{"name":"贝齐","sex":1},{"name":"本","sex":1},{"name":"本杰明","sex":1},{"name":"本瑟姆","sex":1},{"name":"本森","sex":1},{"name":"笨笨","sex":1},{"name":"比彻","sex":1},{"name":"比尔德","sex":1},{"name":"比利","sex":1},{"name":"边沁","sex":1},{"name":"波特","sex":1},{"name":"伯克利","sex":1},{"name":"伯纳德","sex":1},{"name":"伯纳尔","sex":1},{"name":"伯特","sex":1},{"name":"博福特","sex":1},{"name":"布鲁克","sex":1},{"name":"布伦达","sex":1},{"name":"彩虹","sex":1},{"name":"苍穹","sex":1},{"name":"查理","sex":1},{"name":"传说","sex":1},{"name":"春哥","sex":1},{"name":"春野","sex":1},{"name":"大飞","sex":1},{"name":"小少爷","sex":1},{"name":"丹","sex":1},{"name":"丹尼丝","sex":1},{"name":"单身","sex":1},{"name":"道尔","sex":1},{"name":"德博拉","sex":1},{"name":"迪克","sex":1},{"name":"巅峰","sex":1},{"name":"东东","sex":1},{"name":"豆包","sex":1},{"name":"豆浆","sex":1},{"name":"独恋","sex":1},{"name":"杜威","sex":1},{"name":"多多","sex":1},{"name":"非主流","sex":1},{"name":"飞飞","sex":1},{"name":"扶子","sex":1},{"name":"匪徒","sex":1},{"name":"费滋","sex":1},{"name":"浮云","sex":1},{"name":"盖尔","sex":1},{"name":"古墓","sex":1},{"name":"光光","sex":1},{"name":"鬼鬼","sex":1},{"name":"国宝","sex":1},{"name":"哈利","sex":1},{"name":"汉纳","sex":1},{"name":"赫达","sex":1},{"name":"赫瑟尔","sex":1},{"name":"黑骑","sex":1},{"name":"胡尔达","sex":1},{"name":"花满楼","sex":1},{"name":"幻想","sex":1},{"name":"皇帝","sex":1},{"name":"皇族","sex":1},{"name":"灰狼","sex":1},{"name":"辉煌","sex":1},{"name":"回忆","sex":1},{"name":"吉榭尔","sex":1},{"name":"记忆","sex":1},{"name":"寂寞","sex":1},{"name":"嘉利","sex":1},{"name":"经典","sex":1},{"name":"精彩","sex":1},{"name":"精英","sex":1},{"name":"绝版","sex":1},{"name":"卡尔","sex":1},{"name":"卡卡","sex":1},{"name":"卡卡西","sex":1},{"name":"空空","sex":1},{"name":"酷酷","sex":1},{"name":"狂奥","sex":1},{"name":"浪漫","sex":1},{"name":"浪子","sex":1},{"name":"乐乐","sex":1},{"name":"冷风","sex":1},{"name":"林赛","sex":1},{"name":"灵魂","sex":1},{"name":"龙之","sex":1},{"name":"罗伦","sex":1},{"name":"罗瑞尔","sex":1},{"name":"麦兜","sex":1},{"name":"麦格","sex":1},{"name":"鸣人","sex":1},{"name":"墨尘","sex":1},{"name":"墨墨","sex":1},{"name":"穆得","sex":1},{"name":"纳兰","sex":1},{"name":"男名","sex":1},{"name":"南宫","sex":1},{"name":"欧阳","sex":1},{"name":"胖胖","sex":1},{"name":"泡泡","sex":1},{"name":"培根","sex":1},{"name":"蒲福","sex":1},{"name":"七夜","sex":1},{"name":"骑士","sex":1},{"name":"旗木","sex":1},{"name":"麒麟","sex":1},{"name":"乔伊斯","sex":1},{"name":"乔治亚","sex":1},{"name":"清景","sex":1},{"name":"丘奇","sex":1},{"name":"圈圈","sex":1},{"name":"荣耀","sex":1},{"name":"绅士","sex":1},{"name":"神气","sex":1},{"name":"神圣","sex":1},{"name":"使者","sex":1},{"name":"守护","sex":1},{"name":"帅帅","sex":1},{"name":"天宇","sex":1},{"name":"潼恩","sex":1},{"name":"头领","sex":1},{"name":"完美","sex":1},{"name":"王者","sex":1},{"name":"王子","sex":1},{"name":"无情","sex":1},{"name":"无忧","sex":1},{"name":"午夜","sex":1},{"name":"汐","sex":1},{"name":"希伯来","sex":1},{"name":"仙人","sex":1},{"name":"先生","sex":1},{"name":"香远","sex":1},{"name":"潇洒","sex":1},{"name":"晓林","sex":1},{"name":"晓梦","sex":1},{"name":"晓宇","sex":1},{"name":"笑傲","sex":1},{"name":"笑笑","sex":1},{"name":"谢里尔","sex":1},{"name":"星星","sex":1},{"name":"熊猫","sex":1},{"name":"熊熊","sex":1},{"name":"玄子","sex":1},{"name":"旋律","sex":1},{"name":"漩涡","sex":1},{"name":"牙牙","sex":1},{"name":"亚当","sex":1},{"name":"亚当斯","sex":1},{"name":"亚历克","sex":1},{"name":"演绎","sex":1},{"name":"一户","sex":1},{"name":"永恒","sex":1},{"name":"宇智波","sex":1},{"name":"战神","sex":1},{"name":"志伟","sex":1},{"name":"挚爱","sex":1},{"name":"朱恩","sex":1},{"name":"竹子","sex":1},{"name":"专属","sex":1},{"name":"左岸","sex":1},{"name":"佐助","sex":1},{"name":"阿尔娃","sex":2},{"name":"阿芙拉","sex":2},{"name":"阿加莎","sex":2},{"name":"阿克曼","sex":2},{"name":"阿丽丝","sex":2},{"name":"阿西娜","sex":2},{"name":"啊绫","sex":2},{"name":"埃拉","sex":2},{"name":"埃玛","sex":2},{"name":"埃米莉","sex":2},{"name":"艾尔玛","sex":2},{"name":"艾丽卡","sex":2},{"name":"艾丽丝","sex":2},{"name":"艾丽斯","sex":2},{"name":"艾琳","sex":2},{"name":"艾琳娜","sex":2},{"name":"艾琳诺","sex":2},{"name":"艾咪","sex":2},{"name":"艾谱莉","sex":2},{"name":"艾奇逊","sex":2},{"name":"艾丝特","sex":2},{"name":"艾娃","sex":2},{"name":"艾西","sex":2},{"name":"爱得拉","sex":2},{"name":"爱尔莎","sex":2},{"name":"爱玛","sex":2},{"name":"安娜","sex":2},{"name":"安妮","sex":2},{"name":"傲雪","sex":2},{"name":"奥德丽","sex":2},{"name":"芭芭拉","sex":2},{"name":"百丽儿","sex":2},{"name":"柏妮丝","sex":2},{"name":"柏莎","sex":2},{"name":"贝蒂","sex":2},{"name":"贝尔","sex":2},{"name":"贝芙","sex":2},{"name":"贝拉","sex":2},{"name":"贝拉米","sex":2},{"name":"贝琳达","sex":2},{"name":"笨笨","sex":2},{"name":"比尤莱","sex":2},{"name":"碧翠丝","sex":2},{"name":"冰激凌","sex":2},{"name":"布莱兹","sex":2},{"name":"布兰琪","sex":2},{"name":"达莲娜","sex":2},{"name":"大爱","sex":2},{"name":"黛安娜","sex":2},{"name":"黛碧","sex":2},{"name":"黛儿","sex":2},{"name":"黛芙妮","sex":2},{"name":"黛娜","sex":2},{"name":"黛西","sex":2},{"name":"迪得莉","sex":2},{"name":"多拉","sex":2},{"name":"迪丽雅","sex":2},{"name":"多莉丝","sex":2},{"name":"多琳","sex":2},{"name":"尔莎","sex":2},{"name":"繁华","sex":2},{"name":"芳芳","sex":2},{"name":"非主流","sex":2},{"name":"弗莉达","sex":2},{"name":"盖伊","sex":2},{"name":"格格","sex":2},{"name":"公主","sex":2},{"name":"姑娘","sex":2},{"name":"海伦","sex":2},{"name":"海柔尔","sex":2},{"name":"红尘","sex":2},{"name":"红人","sex":2},{"name":"虹虹","sex":2},{"name":"华丽","sex":2},{"name":"吉蒂","sex":2},{"name":"杰奎琳","sex":2},{"name":"金百莉","sex":2},{"name":"卡拉","sex":2},{"name":"卡萝","sex":2},{"name":"卡洛儿","sex":2},{"name":"卡玛","sex":2},{"name":"卡米拉","sex":2},{"name":"凯伦","sex":2},{"name":"凯丝","sex":2},{"name":"凯伊","sex":2},{"name":"坎蒂丝","sex":2},{"name":"科拉","sex":2},{"name":"可爱","sex":2},{"name":"克莱儿","sex":2},{"name":"克莱拉","sex":2},{"name":"丽影","sex":2},{"name":"莉迪亚","sex":2},{"name":"恋","sex":2},{"name":"玲玲","sex":2},{"name":"璐易丝","sex":2},{"name":"洛兰","sex":2},{"name":"玛德琳","sex":2},{"name":"玛佩尔","sex":2},{"name":"玛希","sex":2},{"name":"猫猫","sex":2},{"name":"毛毛","sex":2},{"name":"么么","sex":2},{"name":"梅","sex":2},{"name":"梅根","sex":2},{"name":"美人","sex":2},{"name":"美子","sex":2},{"name":"萌","sex":2},{"name":"梦","sex":2},{"name":"梦之","sex":2},{"name":"迷糊","sex":2},{"name":"蜜蜜","sex":2},{"name":"喵酱","sex":2},{"name":"茉莉","sex":2},{"name":"沫沫","sex":2},{"name":"莫莫","sex":2},{"name":"牡丹","sex":2},{"name":"慕容","sex":2},{"name":"纳塔利","sex":2},{"name":"娜","sex":2},{"name":"娜娜","sex":2},{"name":"闹闹","sex":2},{"name":"诺玛","sex":2},{"name":"诺维雅","sex":2},{"name":"欧尔佳","sex":2},{"name":"琪琪","sex":2},{"name":"绮莉","sex":2},{"name":"千语","sex":2},{"name":"倩倩","sex":2},{"name":"乔伊","sex":2},{"name":"倾城","sex":2},{"name":"琼斯","sex":2},{"name":"柔情","sex":2},{"name":"蕊","sex":2},{"name":"瑞","sex":2},{"name":"塞尔特","sex":2},{"name":"莎","sex":2},{"name":"姗姗","sex":2},{"name":"善良","sex":2},{"name":"伤心","sex":2},{"name":"淑女","sex":2},{"name":"素素","sex":2},{"name":"唐娜","sex":2},{"name":"桃乐斯","sex":2},{"name":"天使","sex":2},{"name":"温柔","sex":2},{"name":"雯雯","sex":2},{"name":"夏洛特","sex":2},{"name":"仙儿","sex":2},{"name":"潇雨","sex":2},{"name":"心儿","sex":2},{"name":"雪舞","sex":2},{"name":"寻梦","sex":2},{"name":"丫头","sex":2},{"name":"燕尾蝶","sex":2},{"name":"羊羊","sex":2},{"name":"妖精","sex":2},{"name":"妖娆","sex":2},{"name":"伊迪丝","sex":2},{"name":"伊甸","sex":2},{"name":"伊凡","sex":2},{"name":"伊莲恩","sex":2},{"name":"银铃","sex":2},{"name":"优雅","sex":2},{"name":"阿尔娃","sex":2},{"name":"阿芙拉","sex":2},{"name":"阿加莎","sex":2},{"name":"阿克曼","sex":2},{"name":"阿丽丝","sex":2},{"name":"阿西娜","sex":2},{"name":"啊绫","sex":2},{"name":"埃拉","sex":2},{"name":"埃玛","sex":2},{"name":"埃米莉","sex":2},{"name":"艾尔玛","sex":2},{"name":"艾丽卡","sex":2},{"name":"艾丽丝","sex":2},{"name":"艾丽斯","sex":2},{"name":"艾琳","sex":2},{"name":"艾琳娜","sex":2},{"name":"艾琳诺","sex":2},{"name":"艾咪","sex":2},{"name":"艾谱莉","sex":2},{"name":"艾奇逊","sex":2},{"name":"艾丝特","sex":2},{"name":"艾娃","sex":2},{"name":"艾西","sex":2},{"name":"爱得拉","sex":2},{"name":"爱尔莎","sex":2},{"name":"爱玛","sex":2},{"name":"安娜","sex":2},{"name":"安妮","sex":2},{"name":"傲雪","sex":2},{"name":"奥德丽","sex":2},{"name":"芭芭拉","sex":2},{"name":"百丽儿","sex":2},{"name":"柏妮丝","sex":2},{"name":"柏莎","sex":2},{"name":"贝蒂","sex":2},{"name":"贝尔","sex":2},{"name":"贝芙","sex":2},{"name":"贝拉","sex":2},{"name":"贝拉米","sex":2},{"name":"贝琳达","sex":2},{"name":"笨笨","sex":2},{"name":"比尤莱","sex":2},{"name":"碧翠丝","sex":2},{"name":"冰激凌","sex":2},{"name":"布莱兹","sex":2},{"name":"布兰琪","sex":2},{"name":"达莲娜","sex":2},{"name":"大爱","sex":2},{"name":"黛安娜","sex":2},{"name":"黛碧","sex":2},{"name":"黛儿","sex":2},{"name":"黛芙妮","sex":2},{"name":"黛娜","sex":2},{"name":"黛西","sex":2},{"name":"迪得莉","sex":2},{"name":"多拉","sex":2},{"name":"迪丽雅","sex":2},{"name":"多莉丝","sex":2},{"name":"多琳","sex":2},{"name":"尔莎","sex":2},{"name":"繁华","sex":2},{"name":"芳芳","sex":2},{"name":"非主流","sex":2},{"name":"弗莉达","sex":2},{"name":"盖伊","sex":2},{"name":"格格","sex":2},{"name":"公主","sex":2},{"name":"姑娘","sex":2},{"name":"海伦","sex":2},{"name":"海柔尔","sex":2},{"name":"红尘","sex":2},{"name":"红人","sex":2},{"name":"虹虹","sex":2},{"name":"华丽","sex":2},{"name":"吉蒂","sex":2},{"name":"杰奎琳","sex":2},{"name":"金百莉","sex":2},{"name":"卡拉","sex":2},{"name":"卡萝","sex":2},{"name":"卡洛儿","sex":2},{"name":"卡玛","sex":2},{"name":"卡米拉","sex":2},{"name":"凯伦","sex":2},{"name":"凯丝","sex":2},{"name":"凯伊","sex":2},{"name":"坎蒂丝","sex":2},{"name":"科拉","sex":2},{"name":"可爱","sex":2},{"name":"克莱儿","sex":2},{"name":"克莱拉","sex":2},{"name":"丽影","sex":2},{"name":"莉迪亚","sex":2},{"name":"恋","sex":2},{"name":"玲玲","sex":2},{"name":"璐易丝","sex":2},{"name":"洛兰","sex":2},{"name":"玛德琳","sex":2},{"name":"玛佩尔","sex":2},{"name":"玛希","sex":2},{"name":"猫猫","sex":2},{"name":"毛毛","sex":2},{"name":"么么","sex":2},{"name":"梅","sex":2},{"name":"梅根","sex":2},{"name":"美人","sex":2},{"name":"美子","sex":2},{"name":"萌","sex":2},{"name":"梦","sex":2},{"name":"梦之","sex":2},{"name":"迷糊","sex":2},{"name":"蜜蜜","sex":2},{"name":"喵酱","sex":2},{"name":"茉莉","sex":2},{"name":"沫沫","sex":2},{"name":"莫莫","sex":2},{"name":"牡丹","sex":2},{"name":"慕容","sex":2},{"name":"纳塔利","sex":2},{"name":"娜","sex":2},{"name":"娜娜","sex":2},{"name":"闹闹","sex":2},{"name":"诺玛","sex":2},{"name":"诺维雅","sex":2},{"name":"欧尔佳","sex":2},{"name":"琪琪","sex":2},{"name":"绮莉","sex":2},{"name":"千语","sex":2},{"name":"倩倩","sex":2},{"name":"乔伊","sex":2},{"name":"倾城","sex":2},{"name":"琼斯","sex":2},{"name":"柔情","sex":2},{"name":"蕊","sex":2},{"name":"瑞","sex":2},{"name":"塞尔特","sex":2},{"name":"莎","sex":2},{"name":"姗姗","sex":2},{"name":"善良","sex":2},{"name":"伤心","sex":2},{"name":"淑女","sex":2},{"name":"素素","sex":2},{"name":"唐娜","sex":2},{"name":"桃乐斯","sex":2},{"name":"天使","sex":2},{"name":"温柔","sex":2},{"name":"雯雯","sex":2},{"name":"夏洛特","sex":2},{"name":"仙儿","sex":2},{"name":"潇雨","sex":2},{"name":"心儿","sex":2},{"name":"雪舞","sex":2},{"name":"寻梦","sex":2},{"name":"丫头","sex":2},{"name":"燕尾蝶","sex":2},{"name":"羊羊","sex":2},{"name":"妖精","sex":2},{"name":"妖娆","sex":2},{"name":"伊迪丝","sex":2},{"name":"伊甸","sex":2},{"name":"伊凡","sex":2},{"name":"伊莲恩","sex":2},{"name":"银铃","sex":2}]
}
}