{"data_recommond_length" : 7,
"data_recommond" : {
	"1":{"id":1,"name":"开荒先锋队","name_1":10001,"name_2":10002,"name_3":10007,"name_4":10005,"name_5":0,"name_6":10008,"desc":"通关剧情副本即可获得，搭配合理,战力不俗","str":"<color=#289b14>凯瑟琳</color>和<color=#289b14>亚瑟</color>制造灼烧Buff，<color=#289b14>精灵射手</color>和<color=#289b14>维京海盗</color>对灼烧目标造成伤害提高，<color=#289b14>花精灵</color>全队回血，并减速对方"},
	"2":{"id":2,"name":"减速增伤流","name_1":30002,"name_2":20011,"name_3":20007,"name_4":20018,"name_5":0,"name_6":20006,"desc":"高效群减速，己方集体对减速敌人造成高伤害","str":"<color=#289b14>波塞冬</color>和<color=#289b14>竖琴海妖</color>高效制造减速，<color=#289b14>游侠射手</color>、<color=#289b14>月之骑士</color>、<color=#289b14>死亡骑士</color>对减速敌人造成伤害提高，冰冻概率提升至100%"},
	"3":{"id":3,"name":"灼烧暴击流","name_1":30010,"name_2":30019,"name_3":30012,"name_4":20002,"name_5":0,"name_6":10005,"desc":"灼烧无视防御，己方对灼烧单位极高概率暴击","str":"<color=#289b14>炎魔之王</color>和<color=#289b14>菲尼克斯</color>制造灼烧，<color=#289b14>炎魔之王</color>和<color=#289b14>库兰德、炽天使、维京海盗</color>对灼烧敌人造成暴击几率大大提高"},
	"4":{"id":4,"name":"流血麻痹流","name_1":30017,"name_2":30003,"name_3":30022,"name_4":30014,"name_5":0,"name_6":20025,"desc":"合理搭配出手顺序，高效群体控制队伍","str":"<color=#289b14>兽人剑圣和哈迪斯</color>可制造流血，<color=#289b14>吸血伯爵、美杜莎、黑精灵秘言</color>对流血敌人能进行麻痹、石化等控制"},
	"5":{"id":5,"name":"诅咒爆发流","name_1":30007,"name_2":30013,"name_3":20022,"name_4":30016,"name_5":0,"name_6":20015,"desc":"诅咒伤害无视防御，且可集中造成大量伤害","str":"<color=#289b14>吟游诗人</color>先手提高全队攻击和暴击，<color=#289b14>路西法+背叛魔女</color>制造诅咒，<color=#289b14>阿奴比斯</color>倒数第二出手，制造诅咒后，引爆全体诅咒效果，最后<color=#289b14>月之祭司</color>刷新全队CD，再来一波"},
	"6":{"id":6,"name":"防守反击流","name_1":30009,"name_2":30024,"name_3":30006,"name_4":20019,"name_5":0,"name_6":20016,"desc":"超高生存和反击能力，竞技防守绝佳组合","str":"<color=#289b14>盖亚</color>增加全队免伤，<color=#289b14>影刹和憎恶</color>堆高体力，反击输出，<color=#289b14>凯兰崔尔和德鲁伊</color>群体治疗并保护，适合持久战防守，让对手看到就没有要打的想法。"},
	"7":{"id":7,"name":"高速控制流","name_1":30001,"name_2":30004,"name_3":30023,"name_4":30016,"name_5":0,"name_6":20014,"desc":"全程速度压制，技能CD压制，极大的限制对手能力","str":"<color=#289b14>艾蕾莉亚</color>被动全队加速，<color=#289b14>雷霆狮鹫</color>1速全队拉条，<color=#289b14>宙斯</color>闪电风暴打对方技能CD，令其只能使用普攻，<color=#289b14>雅典娜</color>增加全队魔法伤害兼暴力输出，最后<color=#289b14>月之祭司</color>刷新全队CD，并进行治疗。"}
}
}