{"data_partnersummon_data_length" : 4,
"data_partnersummon_data" : {
	"100":{"group_id":100,"name":"基础召唤","limit_id":[],"draw_list":[1,10],"item_once":[[10401,1]],"item_five":[[10401,10]],"exchange_once":[],"exchange_once_gain":[[22,1000]],"exchange_five":[],"exchange_five_gain":[[22,10000]],"month_card_dist_five":0,"limit_dist_five_time":0,"limit_dist_five_lose":[],"limit_dist_five_count":0,"card_bg_res":"partnersummon_100","action_name":"action","call_bg":"partnersummon_call_bg_100","action_card_name":"action2","call_bg_action":147,"sort_id":1,"recruit_hero_gain":[[23,1]],"is_show":0},
	"200":{"group_id":200,"name":"友情召唤","limit_id":[],"draw_list":[1,10],"item_once":[[14,100]],"item_five":[[14,1000]],"exchange_once":[],"exchange_once_gain":[[22,2000]],"exchange_five":[],"exchange_five_gain":[[22,20000]],"month_card_dist_five":0,"limit_dist_five_time":0,"limit_dist_five_lose":[],"limit_dist_five_count":0,"card_bg_res":"partnersummon_200","action_name":"action2","call_bg":"partnersummon_call_bg_200","action_card_name":"action1","call_bg_action":158,"sort_id":2,"recruit_hero_gain":[[23,2]],"is_show":0},
	"300":{"group_id":300,"name":"高级召唤","limit_id":[["dun",10010]],"draw_list":[1,10],"item_once":[[10403,1]],"item_five":[[10403,10]],"exchange_once":[[3,220]],"exchange_once_gain":[[22,5000]],"exchange_five":[[3,2000]],"exchange_five_gain":[[22,50000]],"month_card_dist_five":0,"limit_dist_five_time":0,"limit_dist_five_lose":[],"limit_dist_five_count":0,"card_bg_res":"partnersummon_300","action_name":"action","call_bg":"partnersummon_call_bg_100","action_card_name":"action2","call_bg_action":147,"sort_id":3,"recruit_hero_gain":[[23,20]],"is_show":0},
	"400":{"group_id":400,"name":"积分召唤","limit_id":[],"draw_list":[1],"item_once":[],"item_five":[],"exchange_once":[[23,1000]],"exchange_once_gain":[],"exchange_five":[],"exchange_five_gain":[],"month_card_dist_five":0,"limit_dist_five_time":0,"limit_dist_five_lose":[],"limit_dist_five_count":0,"card_bg_res":"partnersummon_400","action_name":"action2","call_bg":"partnersummon_call_bg_200","action_card_name":"action1","call_bg_action":158,"sort_id":0,"recruit_hero_gain":[],"is_show":1}
},
"data_explain_length" : 6,
"data_explain" : {
	"1":{"id":1,"title":"掉落概率","desc":"应国家有关法律规定，对游戏内[召唤]的产出概率进行公布，这些“ 概率”均是在大样本（大量用户）下的统计数值，与单个玩家的少量测试数据之间可能存在一定差异，<color=#a95f0f>希望广大玩家理性消费，健康游戏。</color>"},
	"2":{"id":2,"title":"基础召唤","desc":"1星英雄                                                         53.00%\n2星英雄                                                         36.00%\n3星英雄                                                         9.10%\n4星英雄                                                         1.50%\n5星英雄                                                         0.40%"},
	"3":{"id":3,"title":"友情召唤","desc":"2星英雄                                                         35.50%\n3星英雄                                                         50.00%\n4星英雄                                                         13.50%\n5星英雄                                                         1.00%"},
	"4":{"id":4,"title":"高级召唤","desc":"3星英雄                                                         80.00%\n4星英雄                                                         15.00%\n5星英雄                                                         5.00%"},
	"5":{"id":5,"title":"积分召唤","desc":"5星英雄                                                         100.00%"},
	"6":{"id":6,"title":"特殊说明","desc":"在<color=#a95f0f>[高级召唤]</color>中，每次召唤都有概率获得5星英雄，如果连续<color=#a95f0f>39次</color>没有获得5星英雄，则第<color=#a95f0f>40次</color>会必定获得5星英雄；且在<color=#a95f0f>[高级召唤]</color>中获取到任意5星英雄时，该次数会重置为初始值，并重新开始计算"}
},
"data_partnersummon_const_length" : 9,
"data_partnersummon_const" : {
	"common_s":{"key":"common_s","val":10401,"desc":"单抽召唤道具ID"},
	"senior_s":{"key":"senior_s","val":10402,"desc":"5连抽召唤道具ID"},
	"common_time":{"key":"common_time","val":1,"desc":"普通召唤每天免费次数"},
	"c_interval":{"key":"c_interval","val":3600,"desc":"普通召唤免费次数间隔/s"},
	"common_gold":{"key":"common_gold","val":5,"desc":"金币召唤次数（每日）"},
	"share_role":{"key":"share_role","val":100,"desc":"角色首次分享获得红钻"},
	"share_day":{"key":"share_day","val":20,"desc":"每日首次分享获得红钻"},
	"recruit_vip":{"key":"recruit_vip","val":3,"desc":"积分召唤VIP等级限制"},
	"recruit_must":{"key":"recruit_must","val":10,"desc":"新手x次内必得5星英雄，用于服务端计算剩余次数"}
}
}