{"data_role_const_length" : 7,
"data_role_const" : {
	"max_lev":{"val":200,"desc":"角色等级上限"},
	"energy_time":{"val":300,"desc":"默认体力恢复时间(秒)"},
	"role_auth_award":{"val":[[4,100]],"desc":"防沉迷验证奖励"},
	"role_reported_lev_limit":{"val":20,"desc":"举报功能等级限制"},
	"role_reported_limit_count":{"val":10,"desc":"举报限制次数"},
	"role_reported_vip_limit":{"val":[[2,5],[5,10],[13,100]],"desc":"vip被举报多少次后禁言"},
	"game_rule1":{"val":1,"desc":"1.20级以上可举报玩家 \n2.每日举报上限为10次"}
},
"data_role_attr_length" : 200,
"data_role_attr" : {
	"1":{"exp_max":120,"exp_total":120,"icon":"open_1","title":"日常任务","desc":"每日必做，高额收益！","ext_desc":"6级开启","reward":[]},
	"2":{"exp_max":360,"exp_total":480,"icon":"open_1","title":"日常任务","desc":"每日必做，高额收益！","ext_desc":"6级开启","reward":[[3,10]]},
	"3":{"exp_max":720,"exp_total":1200,"icon":"open_1","title":"日常任务","desc":"每日必做，高额收益！","ext_desc":"6级开启","reward":[[3,20]]},
	"4":{"exp_max":1200,"exp_total":2400,"icon":"open_1","title":"日常任务","desc":"每日必做，高额收益！","ext_desc":"6级开启","reward":[[3,20]]},
	"5":{"exp_max":1800,"exp_total":4200,"icon":"open_1","title":"日常任务","desc":"每日必做，高额收益！","ext_desc":"6级开启","reward":[[3,20]]},
	"6":{"exp_max":3020,"exp_total":7220,"icon":"open_1","title":"日常任务","desc":"每日必做，高额收益！","ext_desc":"开启新功能！","reward":[[3,20]]},
	"7":{"exp_max":3360,"exp_total":10580,"icon":"open_1","title":"竞技场","desc":"竞技场里与众多冒险者一较高低！","ext_desc":"8级开启","reward":[[3,20]]},
	"8":{"exp_max":4320,"exp_total":14900,"icon":"open_1","title":"竞技场","desc":"竞技场里与众多冒险者一较高低！","ext_desc":"开启新功能！","reward":[[3,20]]},
	"9":{"exp_max":5400,"exp_total":20300,"icon":"open_2","title":"远航","desc":"英雄护送，获取珍稀道具！","ext_desc":"12级开启","reward":[[3,20]]},
	"10":{"exp_max":7200,"exp_total":27500,"icon":"open_2","title":"远航","desc":"英雄护送，获取珍稀道具！","ext_desc":"12级开启","reward":[[3,20]]},
	"11":{"exp_max":9240,"exp_total":36740,"icon":"open_3","title":"远航","desc":"英雄护送，获取珍稀道具！","ext_desc":"12级开启","reward":[[3,20]]},
	"12":{"exp_max":11520,"exp_total":48260,"icon":"open_3","title":"远航","desc":"英雄护送，获取珍稀道具！","ext_desc":"开启新功能！","reward":[[3,20]]},
	"13":{"exp_max":14040,"exp_total":62300,"icon":"open_4","title":"日常副本","desc":"每日副本，珍稀材料轻松拿！","ext_desc":"15级开启","reward":[[3,20]]},
	"14":{"exp_max":16800,"exp_total":79100,"icon":"open_4","title":"日常副本","desc":"每日副本，珍稀材料轻松拿！","ext_desc":"15级开启","reward":[[3,20]]},
	"15":{"exp_max":19800,"exp_total":98900,"icon":"open_4","title":"日常副本","desc":"每日副本，珍稀材料轻松拿！","ext_desc":"开启新功能！","reward":[[3,20]]},
	"16":{"exp_max":23040,"exp_total":121940,"icon":"open_5","title":"试练塔","desc":"挑战试练塔，领取珍稀道具！","ext_desc":"开启新功能！","reward":[[3,20]]},
	"17":{"exp_max":26520,"exp_total":148460,"icon":"open_6","title":"公会","desc":"公会大家庭，更多福利精彩等着你！","ext_desc":"18级开启","reward":[[3,20]]},
	"18":{"exp_max":30240,"exp_total":178700,"icon":"open_6","title":"公会","desc":"公会大家庭，更多福利精彩等着你！","ext_desc":"开启新功能！","reward":[[3,20]]},
	"19":{"exp_max":34200,"exp_total":212900,"icon":"open_12","title":"录像馆","desc":"各种精彩战斗不容错过！","ext_desc":"20级开启","reward":[[3,20]]},
	"20":{"exp_max":39600,"exp_total":252500,"icon":"open_12","title":"录像馆","desc":"各种精彩战斗不容错过！","ext_desc":"开启新功能！","reward":[[3,20]]},
	"21":{"exp_max":45360,"exp_total":297860,"icon":"open_7","title":"无尽试炼","desc":"获取大量英雄经验和炼神石","ext_desc":"25级开启","reward":[[3,20]]},
	"22":{"exp_max":51480,"exp_total":349340,"icon":"open_7","title":"无尽试炼","desc":"获取大量英雄经验和炼神石","ext_desc":"25级开启","reward":[[3,20]]},
	"23":{"exp_max":57960,"exp_total":407300,"icon":"open_7","title":"无尽试炼","desc":"获取大量英雄经验和炼神石","ext_desc":"25级开启","reward":[[3,20]]},
	"24":{"exp_max":64800,"exp_total":911300,"icon":"open_7","title":"无尽试炼","desc":"获取大量英雄经验和炼神石","ext_desc":"25级开启","reward":[[3,20]]},
	"25":{"exp_max":72000,"exp_total":544100,"icon":"open_7","title":"无尽试炼","desc":"获取大量英雄经验和炼神石","ext_desc":"开启新功能！","reward":[[3,20]]},
	"26":{"exp_max":79560,"exp_total":623660,"icon":"open_9","title":"英雄远征","desc":"派遣英雄，征战冒险大陆！","ext_desc":"30级开启","reward":[[3,20]]},
	"27":{"exp_max":87480,"exp_total":711140,"icon":"open_9","title":"英雄远征","desc":"派遣英雄，征战冒险大陆！","ext_desc":"30级开启","reward":[[3,20]]},
	"28":{"exp_max":95760,"exp_total":806900,"icon":"open_9","title":"英雄远征","desc":"派遣英雄，征战冒险大陆！","ext_desc":"30级开启","reward":[[3,20]]},
	"29":{"exp_max":104400,"exp_total":911300,"icon":"open_9","title":"英雄远征","desc":"派遣英雄，征战冒险大陆！","ext_desc":"30级开启","reward":[[3,20]]},
	"30":{"exp_max":115200,"exp_total":1026500,"icon":"open_9","title":"英雄远征","desc":"派遣英雄，征战冒险大陆！","ext_desc":"开启新功能！","reward":[[3,30]]},
	"31":{"exp_max":126480,"exp_total":1152980,"icon":"open_8","title":"星河神殿","desc":"最强冒险者的专属殿堂！","ext_desc":"35级开启","reward":[[3,30]]},
	"32":{"exp_max":138240,"exp_total":1291220,"icon":"open_8","title":"星河神殿","desc":"最强冒险者的专属殿堂！","ext_desc":"35级开启","reward":[[3,30]]},
	"33":{"exp_max":150480,"exp_total":1441700,"icon":"open_8","title":"星河神殿","desc":"最强冒险者的专属殿堂！","ext_desc":"35级开启","reward":[[3,30]]},
	"34":{"exp_max":163200,"exp_total":1604900,"icon":"open_8","title":"星河神殿","desc":"最强冒险者的专属殿堂！","ext_desc":"35级开启","reward":[[3,30]]},
	"35":{"exp_max":176400,"exp_total":1781300,"icon":"open_8","title":"星河神殿","desc":"最强冒险者的专属殿堂！","ext_desc":"开启新功能！","reward":[[3,30]]},
	"36":{"exp_max":190080,"exp_total":1971380,"icon":"open_10","title":"神界冒险","desc":"挑战神界守卫，探索未知领域！","ext_desc":"55级开启","reward":[[3,30]]},
	"37":{"exp_max":204240,"exp_total":2175620,"icon":"open_10","title":"神界冒险","desc":"挑战神界守卫，探索未知领域！","ext_desc":"55级开启","reward":[[3,30]]},
	"38":{"exp_max":218880,"exp_total":2394500,"icon":"open_10","title":"神界冒险","desc":"挑战神界守卫，探索未知领域！","ext_desc":"55级开启","reward":[[3,30]]},
	"39":{"exp_max":234000,"exp_total":2628500,"icon":"open_10","title":"神界冒险","desc":"挑战神界守卫，探索未知领域！","ext_desc":"55级开启","reward":[[3,30]]},
	"40":{"exp_max":302000,"exp_total":2930500,"icon":"open_10","title":"神界冒险","desc":"挑战神界守卫，探索未知领域！","ext_desc":"55级开启","reward":[[3,40]]},
	"41":{"exp_max":270600,"exp_total":3201100,"icon":"open_10","title":"神界冒险","desc":"挑战神界守卫，探索未知领域！","ext_desc":"55级开启","reward":[[3,40]]},
	"42":{"exp_max":289800,"exp_total":3490900,"icon":"open_10","title":"神界冒险","desc":"挑战神界守卫，探索未知领域！","ext_desc":"55级开启","reward":[[3,40]]},
	"43":{"exp_max":309600,"exp_total":3800500,"icon":"open_10","title":"神界冒险","desc":"挑战神界守卫，探索未知领域！","ext_desc":"55级开启","reward":[[3,40]]},
	"44":{"exp_max":330000,"exp_total":4130500,"icon":"open_10","title":"神界冒险","desc":"挑战神界守卫，探索未知领域！","ext_desc":"55级开启","reward":[[3,40]]},
	"45":{"exp_max":351000,"exp_total":4481500,"icon":"open_10","title":"神界冒险","desc":"挑战神界守卫，探索未知领域！","ext_desc":"55级开启","reward":[[3,40]]},
	"46":{"exp_max":372600,"exp_total":4854100,"icon":"open_10","title":"神界冒险","desc":"挑战神界守卫，探索未知领域！","ext_desc":"55级开启","reward":[[3,40]]},
	"47":{"exp_max":394800,"exp_total":5248900,"icon":"open_10","title":"神界冒险","desc":"挑战神界守卫，探索未知领域！","ext_desc":"55级开启","reward":[[3,40]]},
	"48":{"exp_max":417600,"exp_total":5666500,"icon":"open_10","title":"神界冒险","desc":"挑战神界守卫，探索未知领域！","ext_desc":"55级开启","reward":[[3,40]]},
	"49":{"exp_max":441000,"exp_total":6107500,"icon":"open_10","title":"神界冒险","desc":"挑战神界守卫，探索未知领域！","ext_desc":"55级开启","reward":[[3,40]]},
	"50":{"exp_max":468000,"exp_total":6575500,"icon":"open_10","title":"神界冒险","desc":"挑战神界守卫，探索未知领域！","ext_desc":"55级开启","reward":[[3,50]]},
	"51":{"exp_max":495720,"exp_total":7071220,"icon":"open_10","title":"神界冒险","desc":"挑战神界守卫，探索未知领域！","ext_desc":"55级开启","reward":[[3,50]]},
	"52":{"exp_max":524160,"exp_total":7595380,"icon":"open_10","title":"神界冒险","desc":"挑战神界守卫，探索未知领域！","ext_desc":"55级开启","reward":[[3,50]]},
	"53":{"exp_max":553320,"exp_total":8148700,"icon":"open_10","title":"神界冒险","desc":"挑战神界守卫，探索未知领域！","ext_desc":"55级开启","reward":[[3,50]]},
	"54":{"exp_max":583200,"exp_total":8731900,"icon":"open_10","title":"神界冒险","desc":"挑战神界守卫，探索未知领域！","ext_desc":"55级开启","reward":[[3,50]]},
	"55":{"exp_max":613800,"exp_total":9345700,"icon":"open_10","title":"神界冒险","desc":"挑战神界守卫，探索未知领域！","ext_desc":"开启新功能！","reward":[[3,50]]},
	"56":{"exp_max":645120,"exp_total":9990820,"icon":"","title":"","desc":"","ext_desc":"","reward":[[3,50]]},
	"57":{"exp_max":677160,"exp_total":10667980,"icon":"","title":"","desc":"","ext_desc":"","reward":[[3,50]]},
	"58":{"exp_max":709920,"exp_total":11377900,"icon":"","title":"","desc":"","ext_desc":"","reward":[[3,50]]},
	"59":{"exp_max":743400,"exp_total":12121300,"icon":"","title":"","desc":"","ext_desc":"","reward":[[3,50]]},
	"60":{"exp_max":781200,"exp_total":12902500,"icon":"","title":"","desc":"","ext_desc":"","reward":[[3,60]]},
	"61":{"exp_max":819840,"exp_total":13722340,"icon":"","title":"","desc":"","ext_desc":"","reward":[[3,60]]},
	"62":{"exp_max":859320,"exp_total":14581660,"icon":"","title":"","desc":"","ext_desc":"","reward":[[3,60]]},
	"63":{"exp_max":899640,"exp_total":15481300,"icon":"","title":"","desc":"","ext_desc":"","reward":[[3,60]]},
	"64":{"exp_max":940800,"exp_total":16422100,"icon":"","title":"","desc":"","ext_desc":"","reward":[[3,60]]},
	"65":{"exp_max":982800,"exp_total":17404900,"icon":"","title":"","desc":"","ext_desc":"","reward":[[3,60]]},
	"66":{"exp_max":1030640,"exp_total":18435540,"icon":"","title":"","desc":"","ext_desc":"","reward":[[3,60]]},
	"67":{"exp_max":1069320,"exp_total":19504860,"icon":"","title":"","desc":"","ext_desc":"","reward":[[3,60]]},
	"68":{"exp_max":1113840,"exp_total":20618700,"icon":"","title":"","desc":"","ext_desc":"","reward":[[3,60]]},
	"69":{"exp_max":1159200,"exp_total":21777900,"icon":"","title":"","desc":"","ext_desc":"","reward":[[3,60]]},
	"70":{"exp_max":1209600,"exp_total":22987500,"icon":"","title":"","desc":"","ext_desc":"","reward":[[3,70]]},
	"71":{"exp_max":1260960,"exp_total":24248460,"icon":"","title":"","desc":"","ext_desc":"","reward":[[3,70]]},
	"72":{"exp_max":1313280,"exp_total":25561740,"icon":"","title":"","desc":"","ext_desc":"","reward":[[3,70]]},
	"73":{"exp_max":1366560,"exp_total":26928300,"icon":"","title":"","desc":"","ext_desc":"","reward":[[3,70]]},
	"74":{"exp_max":1420800,"exp_total":28349100,"icon":"","title":"","desc":"","ext_desc":"","reward":[[3,70]]},
	"75":{"exp_max":1476000,"exp_total":29825100,"icon":"","title":"","desc":"","ext_desc":"","reward":[[3,70]]},
	"76":{"exp_max":1532160,"exp_total":31357260,"icon":"","title":"","desc":"","ext_desc":"","reward":[[3,70]]},
	"77":{"exp_max":1589280,"exp_total":32946540,"icon":"","title":"","desc":"","ext_desc":"","reward":[[3,70]]},
	"78":{"exp_max":1647360,"exp_total":34593900,"icon":"","title":"","desc":"","ext_desc":"","reward":[[3,70]]},
	"79":{"exp_max":1706400,"exp_total":36300300,"icon":"","title":"","desc":"","ext_desc":"","reward":[[3,70]]},
	"80":{"exp_max":1771200,"exp_total":38071500,"icon":"","title":"","desc":"","ext_desc":"","reward":[[3,80]]},
	"81":{"exp_max":1837080,"exp_total":39908580,"icon":"","title":"","desc":"","ext_desc":"","reward":[[3,80]]},
	"82":{"exp_max":1904040,"exp_total":41812620,"icon":"","title":"","desc":"","ext_desc":"","reward":[[3,80]]},
	"83":{"exp_max":1972080,"exp_total":43784700,"icon":"","title":"","desc":"","ext_desc":"","reward":[[3,80]]},
	"84":{"exp_max":2041200,"exp_total":45825900,"icon":"","title":"","desc":"","ext_desc":"","reward":[[3,80]]},
	"85":{"exp_max":2111400,"exp_total":47937300,"icon":"","title":"","desc":"","ext_desc":"","reward":[[3,80]]},
	"86":{"exp_max":2182680,"exp_total":50119980,"icon":"","title":"","desc":"","ext_desc":"","reward":[[3,80]]},
	"87":{"exp_max":2305040,"exp_total":52425020,"icon":"","title":"","desc":"","ext_desc":"","reward":[[3,80]]},
	"88":{"exp_max":2328480,"exp_total":54753500,"icon":"","title":"","desc":"","ext_desc":"","reward":[[3,80]]},
	"89":{"exp_max":2403000,"exp_total":57156500,"icon":"","title":"","desc":"","ext_desc":"","reward":[[3,80]]},
	"90":{"exp_max":2484000,"exp_total":59640500,"icon":"","title":"","desc":"","ext_desc":"","reward":[[3,90]]},
	"91":{"exp_max":3066200,"exp_total":62706700,"icon":"","title":"","desc":"","ext_desc":"","reward":[[3,90]]},
	"92":{"exp_max":2649600,"exp_total":65356300,"icon":"","title":"","desc":"","ext_desc":"","reward":[[3,90]]},
	"93":{"exp_max":2734200,"exp_total":68090500,"icon":"","title":"","desc":"","ext_desc":"","reward":[[3,90]]},
	"94":{"exp_max":2820000,"exp_total":70910500,"icon":"","title":"","desc":"","ext_desc":"","reward":[[3,90]]},
	"95":{"exp_max":2907000,"exp_total":73817500,"icon":"","title":"","desc":"","ext_desc":"","reward":[[3,90]]},
	"96":{"exp_max":2995200,"exp_total":76812700,"icon":"","title":"","desc":"","ext_desc":"","reward":[[3,90]]},
	"97":{"exp_max":3084600,"exp_total":79897300,"icon":"","title":"","desc":"","ext_desc":"","reward":[[3,90]]},
	"98":{"exp_max":3175200,"exp_total":83072500,"icon":"","title":"","desc":"","ext_desc":"","reward":[[3,90]]},
	"99":{"exp_max":3267000,"exp_total":86339500,"icon":"","title":"","desc":"","ext_desc":"","reward":[[3,90]]},
	"100":{"exp_max":3366000,"exp_total":89705500,"icon":"","title":"","desc":"","ext_desc":"","reward":[[3,100]]},
	"101":{"exp_max":3466320,"exp_total":93171820,"icon":"","title":"","desc":"","ext_desc":"","reward":[[3,100]]},
	"102":{"exp_max":3567960,"exp_total":96739780,"icon":"","title":"","desc":"","ext_desc":"","reward":[[3,100]]},
	"103":{"exp_max":3670920,"exp_total":100410700,"icon":"","title":"","desc":"","ext_desc":"","reward":[[3,100]]},
	"104":{"exp_max":3775200,"exp_total":104185900,"icon":"","title":"","desc":"","ext_desc":"","reward":[[3,100]]},
	"105":{"exp_max":3880800,"exp_total":108066700,"icon":"","title":"","desc":"","ext_desc":"","reward":[[3,100]]},
	"106":{"exp_max":3987720,"exp_total":112054420,"icon":"","title":"","desc":"","ext_desc":"","reward":[[3,100]]},
	"107":{"exp_max":4095960,"exp_total":116150380,"icon":"","title":"","desc":"","ext_desc":"","reward":[[3,100]]},
	"108":{"exp_max":4205520,"exp_total":120355900,"icon":"","title":"","desc":"","ext_desc":"","reward":[[3,100]]},
	"109":{"exp_max":4316400,"exp_total":124672300,"icon":"","title":"","desc":"","ext_desc":"","reward":[[3,100]]},
	"110":{"exp_max":4435200,"exp_total":129107500,"icon":"","title":"","desc":"","ext_desc":"","reward":[[3,110]]},
	"111":{"exp_max":4555440,"exp_total":133662940,"icon":"","title":"","desc":"","ext_desc":"","reward":[[3,110]]},
	"112":{"exp_max":4677120,"exp_total":138340060,"icon":"","title":"","desc":"","ext_desc":"","reward":[[3,110]]},
	"113":{"exp_max":4800240,"exp_total":143140300,"icon":"","title":"","desc":"","ext_desc":"","reward":[[3,110]]},
	"114":{"exp_max":4924800,"exp_total":148065100,"icon":"","title":"","desc":"","ext_desc":"","reward":[[3,110]]},
	"115":{"exp_max":5050800,"exp_total":153115900,"icon":"","title":"","desc":"","ext_desc":"","reward":[[3,110]]},
	"116":{"exp_max":5178240,"exp_total":158294140,"icon":"","title":"","desc":"","ext_desc":"","reward":[[3,110]]},
	"117":{"exp_max":5307120,"exp_total":163601260,"icon":"","title":"","desc":"","ext_desc":"","reward":[[3,110]]},
	"118":{"exp_max":5437440,"exp_total":169038700,"icon":"","title":"","desc":"","ext_desc":"","reward":[[3,110]]},
	"119":{"exp_max":5569200,"exp_total":174607900,"icon":"","title":"","desc":"","ext_desc":"","reward":[[3,110]]},
	"120":{"exp_max":5709600,"exp_total":180317500,"icon":"","title":"","desc":"","ext_desc":"","reward":[[3,120]]},
	"121":{"exp_max":5851560,"exp_total":186169060,"icon":"","title":"","desc":"","ext_desc":"","reward":[[3,120]]},
	"122":{"exp_max":5995080,"exp_total":192164140,"icon":"","title":"","desc":"","ext_desc":"","reward":[[3,120]]},
	"123":{"exp_max":6140160,"exp_total":198304300,"icon":"","title":"","desc":"","ext_desc":"","reward":[[3,120]]},
	"124":{"exp_max":6286800,"exp_total":238279300,"icon":"","title":"","desc":"","ext_desc":"","reward":[[3,120]]},
	"125":{"exp_max":6435000,"exp_total":211026100,"icon":"","title":"","desc":"","ext_desc":"","reward":[[3,120]]},
	"126":{"exp_max":6584760,"exp_total":217610860,"icon":"","title":"","desc":"","ext_desc":"","reward":[[3,120]]},
	"127":{"exp_max":6736080,"exp_total":224346940,"icon":"","title":"","desc":"","ext_desc":"","reward":[[3,120]]},
	"128":{"exp_max":6888960,"exp_total":231235900,"icon":"","title":"","desc":"","ext_desc":"","reward":[[3,120]]},
	"129":{"exp_max":7043400,"exp_total":238279300,"icon":"","title":"","desc":"","ext_desc":"","reward":[[3,120]]},
	"130":{"exp_max":7207200,"exp_total":245486500,"icon":"","title":"","desc":"","ext_desc":"","reward":[[3,130]]},
	"131":{"exp_max":7372680,"exp_total":252859180,"icon":"","title":"","desc":"","ext_desc":"","reward":[[3,130]]},
	"132":{"exp_max":7539840,"exp_total":260399020,"icon":"","title":"","desc":"","ext_desc":"","reward":[[3,130]]},
	"133":{"exp_max":7708680,"exp_total":268107700,"icon":"","title":"","desc":"","ext_desc":"","reward":[[3,130]]},
	"134":{"exp_max":7879200,"exp_total":275986900,"icon":"","title":"","desc":"","ext_desc":"","reward":[[3,130]]},
	"135":{"exp_max":8051400,"exp_total":284038300,"icon":"","title":"","desc":"","ext_desc":"","reward":[[3,130]]},
	"136":{"exp_max":8230280,"exp_total":292268580,"icon":"","title":"","desc":"","ext_desc":"","reward":[[3,130]]},
	"137":{"exp_max":8400840,"exp_total":300669420,"icon":"","title":"","desc":"","ext_desc":"","reward":[[3,130]]},
	"138":{"exp_max":8578080,"exp_total":309247500,"icon":"","title":"","desc":"","ext_desc":"","reward":[[3,130]]},
	"139":{"exp_max":8757000,"exp_total":318004500,"icon":"","title":"","desc":"","ext_desc":"","reward":[[3,130]]},
	"140":{"exp_max":8946000,"exp_total":326950500,"icon":"","title":"","desc":"","ext_desc":"","reward":[[3,140]]},
	"141":{"exp_max":9136800,"exp_total":336087300,"icon":"","title":"","desc":"","ext_desc":"","reward":[[3,140]]},
	"142":{"exp_max":9329400,"exp_total":345416700,"icon":"","title":"","desc":"","ext_desc":"","reward":[[3,140]]},
	"143":{"exp_max":9523800,"exp_total":354940500,"icon":"","title":"","desc":"","ext_desc":"","reward":[[3,140]]},
	"144":{"exp_max":9720000,"exp_total":364660500,"icon":"","title":"","desc":"","ext_desc":"","reward":[[3,140]]},
	"145":{"exp_max":9918000,"exp_total":374578500,"icon":"","title":"","desc":"","ext_desc":"","reward":[[3,140]]},
	"146":{"exp_max":10117800,"exp_total":384696300,"icon":"","title":"","desc":"","ext_desc":"","reward":[[3,140]]},
	"147":{"exp_max":10319400,"exp_total":395015700,"icon":"","title":"","desc":"","ext_desc":"","reward":[[3,140]]},
	"148":{"exp_max":10522800,"exp_total":405538500,"icon":"","title":"","desc":"","ext_desc":"","reward":[[3,140]]},
	"149":{"exp_max":10728000,"exp_total":416266500,"icon":"","title":"","desc":"","ext_desc":"","reward":[[3,140]]},
	"150":{"exp_max":10944000,"exp_total":427210500,"icon":"","title":"","desc":"","ext_desc":"","reward":[[3,150]]},
	"151":{"exp_max":11161920,"exp_total":438372420,"icon":"","title":"","desc":"","ext_desc":"","reward":[[3,150]]},
	"152":{"exp_max":11381760,"exp_total":449754180,"icon":"","title":"","desc":"","ext_desc":"","reward":[[3,150]]},
	"153":{"exp_max":11603520,"exp_total":461357700,"icon":"","title":"","desc":"","ext_desc":"","reward":[[3,150]]},
	"154":{"exp_max":11827200,"exp_total":473184900,"icon":"","title":"","desc":"","ext_desc":"","reward":[[3,150]]},
	"155":{"exp_max":12052800,"exp_total":485237700,"icon":"","title":"","desc":"","ext_desc":"","reward":[[3,150]]},
	"156":{"exp_max":12280320,"exp_total":497518020,"icon":"","title":"","desc":"","ext_desc":"","reward":[[3,150]]},
	"157":{"exp_max":13009760,"exp_total":510527780,"icon":"","title":"","desc":"","ext_desc":"","reward":[[3,150]]},
	"158":{"exp_max":12741120,"exp_total":523268900,"icon":"","title":"","desc":"","ext_desc":"","reward":[[3,150]]},
	"159":{"exp_max":12974400,"exp_total":536243300,"icon":"","title":"","desc":"","ext_desc":"","reward":[[3,150]]},
	"160":{"exp_max":13219200,"exp_total":549462500,"icon":"","title":"","desc":"","ext_desc":"","reward":[[3,160]]},
	"161":{"exp_max":13466040,"exp_total":562928540,"icon":"","title":"","desc":"","ext_desc":"","reward":[[3,160]]},
	"162":{"exp_max":13714920,"exp_total":576643460,"icon":"","title":"","desc":"","ext_desc":"","reward":[[3,160]]},
	"163":{"exp_max":13965840,"exp_total":590609300,"icon":"","title":"","desc":"","ext_desc":"","reward":[[3,160]]},
	"164":{"exp_max":14218800,"exp_total":604828100,"icon":"","title":"","desc":"","ext_desc":"","reward":[[3,160]]},
	"165":{"exp_max":14473800,"exp_total":619301900,"icon":"","title":"","desc":"","ext_desc":"","reward":[[3,160]]},
	"166":{"exp_max":14730840,"exp_total":634032740,"icon":"","title":"","desc":"","ext_desc":"","reward":[[3,160]]},
	"167":{"exp_max":14989920,"exp_total":649022660,"icon":"","title":"","desc":"","ext_desc":"","reward":[[3,160]]},
	"168":{"exp_max":15301040,"exp_total":664323700,"icon":"","title":"","desc":"","ext_desc":"","reward":[[3,160]]},
	"169":{"exp_max":15514200,"exp_total":679837900,"icon":"","title":"","desc":"","ext_desc":"","reward":[[3,160]]},
	"170":{"exp_max":15789600,"exp_total":695627500,"icon":"","title":"","desc":"","ext_desc":"","reward":[[3,170]]},
	"171":{"exp_max":16067160,"exp_total":711694660,"icon":"","title":"","desc":"","ext_desc":"","reward":[[3,170]]},
	"172":{"exp_max":16346880,"exp_total":728041540,"icon":"","title":"","desc":"","ext_desc":"","reward":[[3,170]]},
	"173":{"exp_max":16628760,"exp_total":744670300,"icon":"","title":"","desc":"","ext_desc":"","reward":[[3,170]]},
	"174":{"exp_max":16912800,"exp_total":761583100,"icon":"","title":"","desc":"","ext_desc":"","reward":[[3,170]]},
	"175":{"exp_max":17199000,"exp_total":778782100,"icon":"","title":"","desc":"","ext_desc":"","reward":[[3,170]]},
	"176":{"exp_max":17487360,"exp_total":796269460,"icon":"","title":"","desc":"","ext_desc":"","reward":[[3,170]]},
	"177":{"exp_max":17777880,"exp_total":814047340,"icon":"","title":"","desc":"","ext_desc":"","reward":[[3,170]]},
	"178":{"exp_max":18070560,"exp_total":832117900,"icon":"","title":"","desc":"","ext_desc":"","reward":[[3,170]]},
	"179":{"exp_max":18365400,"exp_total":850483300,"icon":"","title":"","desc":"","ext_desc":"","reward":[[3,170]]},
	"180":{"exp_max":18673200,"exp_total":869156500,"icon":"","title":"","desc":"","ext_desc":"","reward":[[3,180]]},
	"181":{"exp_max":18983280,"exp_total":888139780,"icon":"","title":"","desc":"","ext_desc":"","reward":[[3,180]]},
	"182":{"exp_max":19295640,"exp_total":907435420,"icon":"","title":"","desc":"","ext_desc":"","reward":[[3,180]]},
	"183":{"exp_max":19610280,"exp_total":927045700,"icon":"","title":"","desc":"","ext_desc":"","reward":[[3,180]]},
	"184":{"exp_max":19927200,"exp_total":946972900,"icon":"","title":"","desc":"","ext_desc":"","reward":[[3,180]]},
	"185":{"exp_max":20246400,"exp_total":967219300,"icon":"","title":"","desc":"","ext_desc":"","reward":[[3,180]]},
	"186":{"exp_max":20567880,"exp_total":987787180,"icon":"","title":"","desc":"","ext_desc":"","reward":[[3,180]]},
	"187":{"exp_max":20891640,"exp_total":1008678820,"icon":"","title":"","desc":"","ext_desc":"","reward":[[3,180]]},
	"188":{"exp_max":21217680,"exp_total":1029896500,"icon":"","title":"","desc":"","ext_desc":"","reward":[[3,180]]},
	"189":{"exp_max":21546000,"exp_total":1051442500,"icon":"","title":"","desc":"","ext_desc":"","reward":[[3,180]]},
	"190":{"exp_max":21888000,"exp_total":1073330500,"icon":"","title":"","desc":"","ext_desc":"","reward":[[3,190]]},
	"191":{"exp_max":22232400,"exp_total":1095562900,"icon":"","title":"","desc":"","ext_desc":"","reward":[[3,190]]},
	"192":{"exp_max":23079200,"exp_total":1118642100,"icon":"","title":"","desc":"","ext_desc":"","reward":[[3,190]]},
	"193":{"exp_max":22928400,"exp_total":1141570500,"icon":"","title":"","desc":"","ext_desc":"","reward":[[3,190]]},
	"194":{"exp_max":23280000,"exp_total":1164850500,"icon":"","title":"","desc":"","ext_desc":"","reward":[[3,190]]},
	"195":{"exp_max":23634000,"exp_total":1188484500,"icon":"","title":"","desc":"","ext_desc":"","reward":[[3,190]]},
	"196":{"exp_max":23990400,"exp_total":1212474900,"icon":"","title":"","desc":"","ext_desc":"","reward":[[3,190]]},
	"197":{"exp_max":24349200,"exp_total":1236824100,"icon":"","title":"","desc":"","ext_desc":"","reward":[[3,190]]},
	"198":{"exp_max":24710400,"exp_total":1261534500,"icon":"","title":"","desc":"","ext_desc":"","reward":[[3,190]]},
	"199":{"exp_max":30074000,"exp_total":1291608500,"icon":"","title":"","desc":"","ext_desc":"","reward":[[3,190]]},
	"200":{"exp_max":30452000,"exp_total":1322060500,"icon":"","title":"","desc":"","ext_desc":"","reward":[[3,200]]}
},
"data_role_career_length" : 0,
"data_role_career" : {

}
}