{"data_source_data_length" : 90,
"data_source_data" : {
	"1":{"id":1,"name":"召唤","desc":"前往召唤进行召唤吧！","lev_limit":["lev",1],"evt_type":"evt_partner_call","extend":[0],"res_id":0,"drops":[]},
	"2":{"id":2,"name":"道具商城","desc":"道具商城肯定有你需要的！","lev_limit":["lev",1],"evt_type":"evt_mall_buy","extend":[1],"res_id":0,"drops":[]},
	"3":{"id":3,"name":"精灵商店","desc":"刷刷刷，小店有惊喜噢！","lev_limit":["dungeon",10020],"evt_type":"evt_grocery_store","extend":[],"res_id":0,"drops":[]},
	"4":{"id":4,"name":"竞技商城","desc":"消耗竞技积分，兑换商品吧！","lev_limit":["lev",8],"evt_type":"evt_mall_buy","extend":[6],"res_id":0,"drops":[]},
	"5":{"id":5,"name":"公会商城","desc":"消耗公会积分，兑换商品吧！","lev_limit":["guild",1],"evt_type":"evt_mall_buy","extend":[5],"res_id":0,"drops":[]},
	"6":{"id":6,"name":"英雄商城","desc":"消耗神格积分，兑换英雄碎片吧！","lev_limit":["lev",1],"evt_type":"evt_mall_buy","extend":[2],"res_id":0,"drops":[]},
	"7":{"id":7,"name":"远征商店","desc":"消耗远征勋章，兑换积分吧！","lev_limit":["lev",35],"evt_type":"evt_mall_buy","extend":[8],"res_id":0,"drops":[]},
	"8":{"id":8,"name":"段位商城","desc":"消耗荣誉勋章，兑换物品吧！","lev_limit":["world_lev",100,"lev",100],"evt_type":"evt_mall_buy","extend":[17],"res_id":0,"drops":[]},
	"9":{"id":9,"name":"探宝商城","desc":"消耗探宝积分，兑换物品吧！","lev_limit":["lev",10],"evt_type":"evt_mall_buy","extend":[16],"res_id":0,"drops":[]},
	"13":{"id":13,"name":"星命商店","desc":"消耗星灵积分，兑换星命","lev_limit":["dungeon",20380],"evt_type":"evt_mall_buy","extend":[15],"res_id":0,"drops":[]},
	"20":{"id":20,"name":"VIP5礼包","desc":"超值VIP礼包,尊贵游戏体验","lev_limit":["dungeon",10100],"evt_type":"evt_vip","extend":[5],"res_id":0,"drops":[]},
	"21":{"id":21,"name":"VIP8礼包","desc":"超值VIP礼包,尊贵游戏体验","lev_limit":["dungeon",10100],"evt_type":"evt_vip","extend":[8],"res_id":0,"drops":[]},
	"22":{"id":22,"name":"VIP10礼包","desc":"超值VIP礼包,尊贵游戏体验","lev_limit":["dungeon",10100],"evt_type":"evt_vip","extend":[10],"res_id":0,"drops":[]},
	"23":{"id":23,"name":"VIP12礼包","desc":"超值VIP礼包,尊贵游戏体验","lev_limit":["dungeon",10100],"evt_type":"evt_vip","extend":[12],"res_id":0,"drops":[]},
	"24":{"id":24,"name":"VIP14礼包","desc":"超值VIP礼包,尊贵游戏体验","lev_limit":["dungeon",10100],"evt_type":"evt_vip","extend":[14],"res_id":0,"drops":[]},
	"25":{"id":25,"name":"VIP13礼包","desc":"超值VIP礼包,尊贵游戏体验","lev_limit":["dungeon",10100],"evt_type":"evt_vip","extend":[13],"res_id":0,"drops":[]},
	"30":{"id":30,"name":"装备背包","desc":"出售装备获得","lev_limit":["lev",1],"evt_type":"evt_bag_eqm","extend":[],"res_id":0,"drops":[]},
	"31":{"id":31,"name":"碎片背包","desc":"碎片合成获得","lev_limit":["lev",1],"evt_type":"evt_bag_partner","extend":[],"res_id":0,"drops":[]},
	"32":{"id":32,"name":"特殊背包","desc":"分解符文获得","lev_limit":["lev",1],"evt_type":"evt_bag_star_life","extend":[],"res_id":0,"drops":[]},
	"40":{"id":40,"name":"个人Boss","desc":"挑战个人Boss获得","lev_limit":["dungeon",10400],"evt_type":"evt_boss","extend":[],"res_id":0,"drops":[]},
	"41":{"id":41,"name":"世界Boss","desc":"挑战世界Boss获得","lev_limit":["dungeon",10400],"evt_type":"evt_world_boss","extend":[],"res_id":0,"drops":[]},
	"42":{"id":42,"name":"竞技场挑战","desc":"前往竞技场挑战获得","lev_limit":["lev",8],"evt_type":"evt_arena","extend":[],"res_id":0,"drops":[]},
	"43":{"id":43,"name":"竞技宝箱","desc":"在竞技场宝箱中获得","lev_limit":["lev",8],"evt_type":"evt_arena_box","extend":[],"res_id":0,"drops":[]},
	"44":{"id":44,"name":"试练塔","desc":"挑战试练塔可获得","lev_limit":["lev",16],"evt_type":"evt_tower","extend":[],"res_id":0,"drops":[]},
	"45":{"id":45,"name":"观星","desc":"观星获得","lev_limit":["dungeon",20380],"evt_type":"evt_divination","extend":[],"res_id":0,"drops":[]},
	"46":{"id":46,"name":"神界冒险","desc":"神界冒险中获得","lev_limit":["dungeon",10150],"evt_type":"evt_god_world","extend":[],"res_id":0,"drops":[]},
	"47":{"id":47,"name":"冒险情报兑换","desc":"在冒险中兑换冒险情报","lev_limit":["dungeon",10150],"evt_type":"evt_god_world_exchange","extend":[],"res_id":0,"drops":[]},
	"48":{"id":48,"name":"冒险探索宝箱","desc":"神界冒险探索宝箱获得","lev_limit":["dungeon",10150],"evt_type":"evt_god_world","extend":[],"res_id":0,"drops":[]},
	"50":{"id":50,"name":"公会","desc":"在公会中获得","lev_limit":["guild",1],"evt_type":"evt_league","extend":[],"res_id":0,"drops":[]},
	"51":{"id":51,"name":"公会副本","desc":"在公会副本中获得","lev_limit":["guild",1],"evt_type":"evt_league_dungeon","extend":[],"res_id":0,"drops":[]},
	"52":{"id":52,"name":"公会捐献","desc":"在公会捐献中获得","lev_limit":["guild",1],"evt_type":"evt_league_donate","extend":[],"res_id":0,"drops":[]},
	"53":{"id":53,"name":"远航商人","desc":"在远航商人中获得","lev_limit":["lev",12],"evt_type":"evt_league_sail","extend":[],"res_id":0,"drops":[]},
	"54":{"id":54,"name":"公会求助","desc":"在公会求助中获得","lev_limit":["guild",3],"evt_type":"evt_league_help","extend":[],"res_id":0,"drops":[]},
	"55":{"id":55,"name":"公会战","desc":"公会战","lev_limit":["guild",3],"evt_type":"evt_league_war","extend":[],"res_id":0,"drops":[]},
	"60":{"id":60,"name":"好友界面","desc":"广交好友，交换礼物","lev_limit":["lev",5],"evt_type":"evt_friend","extend":[],"res_id":0,"drops":[]},
	"62":{"id":62,"name":"点金","desc":"点石成金了解一下！","lev_limit":["lev",1],"evt_type":"evt_exchange","extend":[2],"res_id":0,"drops":[]},
	"63":{"id":63,"name":"幸运探宝","desc":"探宝获取积分","lev_limit":["lev",10],"evt_type":"evt_treasure","extend":[],"res_id":0,"drops":[]},
	"71":{"id":71,"name":"剧情副本","desc":"挂机或打挑战Boss大量掉落","lev_limit":["dungeon",10010],"evt_type":"evt_dun_chapter","extend":[],"res_id":1,"drops":[]},
	"80":{"id":80,"name":"冠军赛","desc":"参与冠军赛获得","lev_limit":["lev",8],"evt_type":"evt_arena_champion","extend":[],"res_id":0,"drops":[]},
	"81":{"id":81,"name":"冠军商店","desc":"消耗精彩积分，兑换商品吧！","lev_limit":["lev",8],"evt_type":"evt_mall_buy","extend":[16],"res_id":0,"drops":[]},
	"90":{"id":90,"name":"无尽试炼","desc":"无尽试炼中根据排行榜排名获得","lev_limit":["lev",25],"evt_type":"evt_endless","extend":[],"res_id":0,"drops":[]},
	"93":{"id":93,"name":"金币副本","desc":"金币副本中获得","lev_limit":["lev",15],"evt_type":"evt_dun_stone","extend":[],"res_id":0,"drops":[]},
	"94":{"id":94,"name":"英雄副本","desc":"英雄副本中获得","lev_limit":["lev",18],"evt_type":"evt_dun_stone","extend":[],"res_id":0,"drops":[]},
	"95":{"id":95,"name":"神器副本","desc":"神器副本中获得","lev_limit":["lev",20],"evt_type":"evt_dun_stone","extend":[],"res_id":0,"drops":[]},
	"96":{"id":96,"name":"经验副本","desc":"经验副本中获得","lev_limit":["lev",17],"evt_type":"evt_dun_stone","extend":[],"res_id":0,"drops":[]},
	"97":{"id":97,"name":"符文副本","desc":"符文副本中获得","lev_limit":["lev",70],"evt_type":"evt_dun_stone","extend":[],"res_id":0,"drops":[]},
	"102":{"id":102,"name":"星河神殿","desc":"星河神殿激活Buff","lev_limit":["lev",35],"evt_type":"evt_primus","extend":[],"res_id":0,"drops":[]},
	"103":{"id":103,"name":"跨服天梯","desc":"参与玩法获天梯积分奖励","lev_limit":["lev",55],"evt_type":"evt_skyladder","extend":[],"res_id":0,"drops":[]},
	"104":{"id":104,"name":"天梯积分商城","desc":"可在天梯积分商城中兑换","lev_limit":["lev",35],"evt_type":"evt_skyshop","extend":[],"res_id":0,"drops":[]},
	"105":{"id":105,"name":"先知召唤","desc":"先知召唤获得","lev_limit":["lev",30],"evt_type":"evt_recruit_high","extend":[],"res_id":0,"drops":[]},
	"106":{"id":106,"name":"英雄转换","desc":"英雄转换获得","lev_limit":["lev",30],"evt_type":"evt_hero_conversion","extend":[],"res_id":0,"drops":[]},
	"107":{"id":107,"name":"融合神殿","desc":"融合神殿合成获得","lev_limit":["lev",1],"evt_type":"evt_partner_synthesis","extend":[],"res_id":0,"drops":[]},
	"108":{"id":108,"name":"祭祀小屋","desc":"分解英雄获得","lev_limit":["lev",12],"evt_type":"evt_partner_decompose","extend":[],"res_id":0,"drops":[]},
	"109":{"id":109,"name":"装备锻造","desc":"锻造屋合成装备！","lev_limit":["lev",5],"evt_type":"evt_partner_eqm_synthesis","extend":[],"res_id":0,"drops":[]},
	"110":{"id":110,"name":"英雄远征","desc":"英雄远征中获得！","lev_limit":["lev",30],"evt_type":"evt_expedition","extend":[],"res_id":0,"drops":[]},
	"111":{"id":111,"name":"日常任务宝箱","desc":"日常任务进度宝箱获得！","lev_limit":["lev",10],"evt_type":"evt_daily_quest","extend":[],"res_id":0,"drops":[]},
	"112":{"id":112,"name":"成就任务","desc":"完成成就任务获得！","lev_limit":["lev",10],"evt_type":"evt_achievement","extend":[],"res_id":0,"drops":[]},
	"113":{"id":113,"name":"符文锻造","desc":"锻造屋合成符文！","lev_limit":["lev",5],"evt_type":"evt_rune_synthesis","extend":[],"res_id":0,"drops":[]},
	"114":{"id":114,"name":"技能商店","desc":"使用精华兑换技能符石","lev_limit":["lev",1],"evt_type":"evt_skillshop","extend":[],"res_id":0,"drops":[]},
	"115":{"id":115,"name":"超凡段位赛","desc":"通过参与超凡段位赛获得","lev_limit":["world_lev",100,"lev",100],"evt_type":"evt_elitematch","extend":[],"res_id":0,"drops":[]},
	"116":{"id":116,"name":"元素圣殿","desc":"参与元素圣殿玩法获得","lev_limit":["lev",80],"evt_type":"evt_element_temple","extend":[],"res_id":0,"drops":[]},
	"117":{"id":117,"name":"天界副本","desc":"参与天界副本玩法获得","lev_limit":["lev",105],"evt_type":"evt_dungeon_heaven","extend":[],"res_id":0,"drops":[]},
	"118":{"id":118,"name":"天界副本","desc":"参与天界副本玩法获得","lev_limit":["lev",105],"evt_type":"evt_dungeon_heaven_inside","extend":[],"res_id":0,"drops":[]},
	"200":{"id":200,"name":"英雄合成","desc":"英雄碎片合成","lev_limit":["lev",1],"evt_type":"evt_fragment_synthesis","extend":[],"res_id":0,"drops":[]},
	"201":{"id":201,"name":"物品来源","desc":"物品来源窗口","lev_limit":["lev",1],"evt_type":"evt_item_source","extend":[],"res_id":0,"drops":[]},
	"202":{"id":202,"name":"装备出售","desc":"装备道具出售","lev_limit":["lev",1],"evt_type":"evt_eqm_sale","extend":[],"res_id":0,"drops":[]},
	"203":{"id":203,"name":"符文合成","desc":"符文碎片合成","lev_limit":["lev",1],"evt_type":"evt_rune_synthesis","extend":[],"res_id":0,"drops":[]},
	"204":{"id":204,"name":"符文升星","desc":"符文升星","lev_limit":["lev",1],"evt_type":"evt_rune_star","extend":[],"res_id":0,"drops":[]},
	"205":{"id":205,"name":"符文重铸","desc":"符文重铸","lev_limit":["lev",1],"evt_type":"evt_rune_recast","extend":[],"res_id":0,"drops":[]},
	"206":{"id":206,"name":"符文分解","desc":"符文分解","lev_limit":["lev",1],"evt_type":"evt_rune_decomposition","extend":[],"res_id":0,"drops":[]},
	"207":{"id":207,"name":"符文穿戴","desc":"符文穿戴","lev_limit":["lev",1],"evt_type":"evt_rune_wear","extend":[],"res_id":0,"drops":[]},
	"300":{"id":300,"name":"节日活动","desc":"节日活动获得","lev_limit":["lev",1],"evt_type":"","extend":[],"res_id":0,"drops":[]},
	"10180":{"id":10180,"name":"卡达尔森林18","desc":"卡达尔森林18","lev_limit":["dungeon",10180],"evt_type":"evt_dun_chapter","extend":[[1,10180]],"res_id":1,"drops":[]},
	"10300":{"id":10300,"name":"卡达尔森林30","desc":"卡达尔森林30","lev_limit":["dungeon",10300],"evt_type":"evt_dun_chapter","extend":[[1,10300]],"res_id":1,"drops":[]},
	"10420":{"id":10420,"name":"卡达尔森林42","desc":"卡达尔森林42","lev_limit":["dungeon",10420],"evt_type":"evt_dun_chapter","extend":[[1,10420]],"res_id":1,"drops":[]},
	"20120":{"id":20120,"name":"维瑟斯沙漠54","desc":"维瑟斯沙漠54","lev_limit":["dungeon",20120],"evt_type":"evt_dun_chapter","extend":[[1,20120]],"res_id":1,"drops":[]},
	"20240":{"id":20240,"name":"维瑟斯沙漠66","desc":"维瑟斯沙漠66","lev_limit":["dungeon",20240],"evt_type":"evt_dun_chapter","extend":[[1,20240]],"res_id":1,"drops":[]},
	"20360":{"id":20360,"name":"维瑟斯沙漠78","desc":"维瑟斯沙漠78","lev_limit":["dungeon",20360],"evt_type":"evt_dun_chapter","extend":[[1,20360]],"res_id":1,"drops":[]},
	"30060":{"id":30060,"name":"达齐尔雪地90","desc":"达齐尔雪地90","lev_limit":["dungeon",30060],"evt_type":"evt_dun_chapter","extend":[[1,30060]],"res_id":1,"drops":[]},
	"30180":{"id":30180,"name":"达齐尔雪地102","desc":"达齐尔雪地102","lev_limit":["dungeon",30180],"evt_type":"evt_dun_chapter","extend":[[1,30180]],"res_id":1,"drops":[]},
	"30300":{"id":30300,"name":"达齐尔雪地114","desc":"达齐尔雪地114","lev_limit":["dungeon",30300],"evt_type":"evt_dun_chapter","extend":[[1,30300]],"res_id":1,"drops":[]},
	"30420":{"id":30420,"name":"达齐尔雪地126","desc":"达齐尔雪地126","lev_limit":["dungeon",30420],"evt_type":"evt_dun_chapter","extend":[[1,30420]],"res_id":1,"drops":[]},
	"40120":{"id":40120,"name":"安格拉玛山138","desc":"安格拉玛山138","lev_limit":["dungeon",40120],"evt_type":"evt_dun_chapter","extend":[[1,40120]],"res_id":1,"drops":[]},
	"40240":{"id":40240,"name":"安格拉玛山150","desc":"安格拉玛山150","lev_limit":["dungeon",40240],"evt_type":"evt_dun_chapter","extend":[[1,40240]],"res_id":1,"drops":[]},
	"40360":{"id":40360,"name":"安格拉玛山162","desc":"安格拉玛山162","lev_limit":["dungeon",40360],"evt_type":"evt_dun_chapter","extend":[[1,40360]],"res_id":1,"drops":[]},
	"80180":{"id":80180,"name":"斐尼雪山312","desc":"斐尼雪山312","lev_limit":["dungeon",80180],"evt_type":"evt_dun_chapter","extend":[[1,80180]],"res_id":1,"drops":[]},
	"80360":{"id":80360,"name":"斐尼雪山330","desc":"斐尼雪山330","lev_limit":["dungeon",80360],"evt_type":"evt_dun_chapter","extend":[[1,80360]],"res_id":1,"drops":[]},
	"90120":{"id":90120,"name":"旭日平原348","desc":"旭日平原348","lev_limit":["dungeon",90120],"evt_type":"evt_dun_chapter","extend":[[1,90120]],"res_id":1,"drops":[]},
	"90300":{"id":90300,"name":"旭日平原366","desc":"旭日平原366","lev_limit":["dungeon",90300],"evt_type":"evt_dun_chapter","extend":[[1,90300]],"res_id":1,"drops":[]},
	"100060":{"id":100060,"name":"乌塔塔神庙384","desc":"乌塔塔神庙384","lev_limit":["dungeon",100060],"evt_type":"evt_dun_chapter","extend":[[1,100060]],"res_id":1,"drops":[]}
}
}